id,name,description,description_ar,about_test,about_test_ar,cause_test,cause_test_ar,control_test,control_test_ar,Male,Female,Both_Genders,status,UAE,KSA,Both_Countries
1,Vitamin B12,"Vitamin B12 is part of the B complex of vitamins. B12 is essential, meaning the body is unable to produce it and so we need to get it from foods and supplements. It is important for red blood cell production and the function of nerve tissues. Deficiency may lead to weakness, tiredness and becoming lightheaded.
This test is included in Valeo's baseline and comprehensive package.",هو أحد الفيتامينات الأساسية لجسم الإنسان وله دور أساسي في الحفاظ على الوظيفة الطبيعية للخلايا العصبية، وإنتاج خلايا الدم الحمراء والحمض النووي. يستطيع الجسم تخزين فيتامين ب12 لمدة تصل إلى أربع سنوات، ولكن الجسم لا يستطيع إنتاجه، بل يجب الحصول عليه من مصادره الطبيعية أو الصناعية.,"Methylcobalamin, more commonly known as vitamin B12, is an essential dietary nutrient. It is crucial for producing red blood cells (hematopoiesis), maintaining brain and nervous system health, and creating, copying, and repairing DNA. 
Since the human body cannot produce this vitamin, B12 needs to consumed in the diet.","يُعَد الميثيلكوبالامين- المعروف أكثر باسم فيتامين (ب12)- عنصرًا غذائيًا أساسيًا لأهميته في إنتاج خلايا الدم الحمراء (عملية تكوّن الدم) والحفاظ على صحة الدماغ والجهاز العصبي، وتكوين الحمض النووي (DNA) ونسخه وإصلاح أيّ تلف فيه. 
 ويجب تناول هذا الفيتامين من مصادر غذائية لأن جسم الإنسان لا يعمل على إنتاجه داخليًا.","Many factors can lead to having high vitamin B12 levels such as: 
- Supplementation 
- Liver disease 
- Diabetes 
- Kidney disease 
Many factors can lead to having low vitamin B12 levels such as: 
- Veganism 
- Low dietary intake 
- Pregnancy and breastfeeding 
- Gut disorders such as Celiac disease 
- Excessive alcohol consumption 
- Disorders of the thyroid gland 
- Certain medications","ينجم ارتفاع مستويات فيتامين (ب12) في الجسم عن عدة أسباب، منها: 
 - تناول المكملات. 
 - أمراض الكبد. 
 - داء السكريّ. 
 - أمراض الكلى. 
 أما انخفاض مستويات فيتامين (ب12) في الجسم فيرجع إلى عدة عوامل، منها: 
 - اتباع نظام غذائي نباتي كلي. 
 - نقص التغذية. 
 - الحمل والرضاعة. 
 - اضطرابات الأمعاء مثل الداء البطني (Celiac disease). 
 - الإفراط في شرب الكحول. 
 - اضطرابات الغدة الدرقية. 
 - بعض أنواع الأدوية.","In case of high vitamin B12 levels: 
- Consider stopping vitamin B12 supplementation under professional supervision 
- Consult your doctor to rule out any underlying conditions  
In case of low vitamin B12 levels: 
- Consider vitamin B12 supplementation under professional supervision 
- Consume vitamin B12 rich foods such as whole eggs, fatty fish, meat, poultry, milk, and dairy products 
- Moderate alcohol consumption 
- Quit smoking","في حال ارتفاع مستويات فيتامين (ب12) في الجسم: 
 - توقف عن تناول المكملات التي تحتوي على فيتامين (ب12) تحت اشراف متخصصّ. 
 - استشر طبيبك لمعرفة الأسباب الكامنة وراء ذلك. 
 أمّا في حال انخفاض مستويات فيتامين (ب12) في الجسم: 
 - تناول المكملات التي تحتوي على فيتامين (ب12) تحت اشراف متخصصّ. 
 - تناول الأطعمة الغنيّة بفيتامين (ب12) مثل البيض والأسماك الدهنية واللحوم والدواجن والحليب ومنتجات الألبان. 
 - الاعتدال في شرب الكحول. 
 - أقلع عن التدخين.",1,1,1,Minimal - range: 180 to 210 | optimal range - range: 600 to 900 | optimal range - range: 600 to 900 | Normal - range: 207 to 954 | Low - range: 0 to 207 | Normal - range: 207 to 954 | Low - range: 0 to 207 | Normal - range: 210 to 911 | Minimal - range: 180 to 210 | Deficiency - range: 0 to 180 | Normal - range: 210 to 911 | Deficiency - range: 0 to 180,1,1,1
2,RBC: Hematocrit (HCT),HCT measures the proportion of red blood cells in your blood and serves as an indicator of how much oxygen your body is carrying.,يقيس فحص الهيماتوكريت (فحص حجم الكريات الحمر المكدسة) نسبة خلايا الدم الحمراء في الدم. تنقل خلايا الدم الحمراء الأكسجين للجسم بأكمله. يمكن لنقص خلايا الدم الحمراء الشديد أو كثرتها الشديدة أن يدلا على أمراض محددة.,"Hematocrit is the percentage of red blood cells in the blood or, in other words, the volume of red blood cells divided by the total blood volume.",يُعرف الهيماتوكريت بأنه نسبة خلايا الدم الحمراء في الدم، أي يساوي عدد خلايا الدم الحمراء مقسومًا على الكمية الكلية للدم في الجسم.,"Many factors can lead to having high hematocrit levels such as: 
- High altitude 
- Dehydration 
- Cystic fibrosis 
- Eclampsia (pregnancy complications) 
- Erythrocytosis (high red blood cells) 
- Heart disease 
- Hypertension (high blood pressure) 
- Hyponatremia (low blood sodium) 
- Hypoxia (low oxygen) 
- Insulin resistance  
- Excessive alcohol consumption 
- Kidney disease  
Many factors can lead to having low hematocrit levels such as: 
- Anemia 
- Kidney disease 
- Liver disease 
- Infections 
- Inflammatory diseases 
- Nutritional deficiencies including B12, iron, and folate","ينجم ارتفاع مستويات الهيماتوكريت عن عدة أسباب، منها: 
 - التواجد على ارتفاعات عالية. 
 - الجفاف. 
 - التليّف الكيسيّ. 
 - تسمم الحمل (مضاعفات الحمل). 
 - ارتفاع عدد كريات الدم الحمراء. 
 - أمراض القلب. 
 - ارتفاع ضغط الدم. 
 - نقص صوديوم الدم. 
 - نقص الأكسجين. 
 - مقاومة الأنسولين. 
 - الإفراط في شرب الكحول. 
 - أمراض الكلى. 
 أما انخفاض مستويات الهيماتوكريت فيرجع إلى عدة عوامل، منها: 
 - فقر الدم. 
 - أمراض الكلى. 
 - أمراض الكبد. 
 - الالتهابات. 
 - الأمراض الالتهابية. 
 - نقص التغذية بما في ذلك فيتامين (ب12) وعنصرالحديد وحمض الفوليك.","In case of high hematocrit levels: 
- Avoid iron containing supplements under professional supervision 
- Ensure you are well hydrated 
- Engage in regular physical activity 
- Quit smoking 
- Moderate alcohol consumption 
In case of low hematocrit levels: 
- Consume iron rich foods such as beans, fish, shellfish, nuts, and seeds 
- Consume foods rich in vitamin C such as green leafy vegetables and citrus fruits 
 
*Red blood cells biomarkers are best interpreted in the context of the entire RBC profile.","في حال ارتفاع مستويات الهيماتوكريت : 
 - تجنب تناول المكملات التي تحتوي على عنصر الحديد إلا بإشراف طبي. 
 - احرص على شرب كمية كافية من المياه لترطيب الجسم. 
 - مارس النشاط البدني بانتظام. 
 - أقلع عن التدخين. 
 - الاعتدال في شرب الكحول. 
 أمّا في حال انخفاض مستويات الهيماتوكريت: 
 - تناول الأطعمة الغنيّة بعنصر الحديد مثل البقوليات والأسماك والمحار والمكسرات والحبوب. 
 - تناول الأطعمة الغنيّة بفيتامين سي مثل الخضروات الورقية الخضراء والحمضيات. 
 
 * من الأفضل تفسير المؤشرات الحيوية لخلايا الدم الحمراء بعد إجراء فحوصات شاملة لها.",1,1,1,Normal - range: 35.9 to 48 | Low - range: 0 to 35.9 | Normal - range: 40 to 50 | Low - range: 0 to 40 | HIGH - range: 46 to 60 | Normal - range: 34.5 to 46 | Low - range: 0 to 34.5 | High - range: 50 to 60 | Normal - range: 38.2 to 50 | Low - range: 0 to 38.2,1,1,1
4,C-Reactive Protein,"CRP is produced in the liver and is tested to measure the general level of inflammation in your body. You may have high levels of CRP if your body is fighting a bacterial or fungal infection, or if you suffer from a an inflammatory disorder such as arthritis. CRP levels could also be linked to your heart's health, where a high CRP result is known as a risk factor for cardiovascular diseases such as heart attacks and strokes.","بروتين سي التفاعلي هو بروتين ينتجه الكبد، وعادةً ما تترفع مستوياته في حال تعرض الجسم لبعض أنواع الالتهابات المختلفة أو في حال كنت تعاني من أحد الأمراض الالتهابية المزمنة، مثل: التهاب المفاصل الروماتويدي. تتصل مستويات هذا البروتين ايضا بصحة قلبك بحيث أن ارتفاع مستوياته 
 قد يدل على ارتفاع خطر الاصابة بأمراض قلبية.",C-reactive protein (CRP) is an inflammatory marker produced in the liver. The CRP test is ordered to evaluate the presence of infections or inflammatory diseases such as rheumatoid arthritis. CRP levels are also associated with cardiovascular health whereby higher levels indicate a higher risk.,ينتج بروتين سي التفاعلي في الكبد، وعادةً ما ترتفع مستوياته في حال تعرض الجسم لبعض أنواع الالتهابات المختلفة أو بسبب أحد الأمراض الالتهابية المزمنة مثل التهاب المفاصل الروماتويدي. وتعد مستويات هذا البروتين أيضًا مؤشرًا لصحة القلب، إذ أن ارتفاع مستوياته قد يدل على ارتفاع خطر الاصابة بالأمراض القلبية. قد يدل على ارتفاع خطر الاصابة بأمراض قلبية.,"Many factors can lead to having high CRP levels such as: 
- Bacterial or fungal infections. 
- Chronic inflammatory disorders such as rheumatoid arthritis, lupus, and certain types of inflammatory bowel diseases such as Crohn’s disease and ulcerative colitis. 
- Organ or tissue injury. 
- Obesity, unhealthy eating habits, and sedentary lifestyle. 
- Diabetes. 
- Cardiovascular diseases 
- Certain medications such as estrogen-based medications such as birth control pills. 
Many factors can lead to having low CRP levels (desirable) such as: 
- Leading a healthy lifestyle","ينجم ارتفاع مستويات بروتين سي التفاعلي عن عدة أسباب ، منها: 
 - عدوى بكتيرية أو فطرية. 
 - الأمراض الالتهابية المزمنة مثل التهاب المفاصل والذئبة وأنواع معينة من أمراض الأمعاء الالتهابية مثل مرض كرون والتهاب القولون التقرحي. 
 - إصابة الأعضاء أو الأنسجة. 
 - السمنة وعادات الأكل غير الصحية ونمط الحياة الخامل. 
 - داء السكري. 
 - أمراض القلب والأوعية الدموية. 
 - بعض الأدوية بما في ذلك الأدوية التي تحتوي على هرمون الاستروجين مثل حبوب منع الحمل. 
 أما انخفاض مستويات بروتين سي التفاعلي فيرجع إلى عدة عوامل، منها: 
 - اتباع نمط حياة صحي.","In case of high CRP levels: 
- Consume a healthy diet that includes a variety of anti-inflammatory foods such as fruits, vegetables, unprocessed meats, unrefined whole grains, fish, shellfish, and organic meats. 
- Moderate alcohol consumption 
- Engage in aerobic exercises such as running, cycling, or walking 
- Quit smoking 
- Increase fiber intake 
- Maintain a healthy weight 
- Consult your doctor to rule out any underlying conditions 
In case of low CRP levels: 
- Low levels are usually desirable.","في حال ارتفاع مستويات بروتين سي التفاعلي: 
 - اتبع نظامًا غذائيًا صحيًا يتضمن مجموعة متنوعة من الأطعمة المضادة للالتهابات مثل الفواكه والخضروات واللحوم غير المصنعة والحبوب الكاملة غير المكررة والأسماك والمحار واللحوم العضوية. 
 - الاعتدال في شرب الكحول. 
 - مارس التمارين الهوائية مثل رياضة الجري أو ركوب الدراجات أو المشي. 
 - أقلع عن التدخين. 
 - تناول كميات أكبر من الألياف. 
 - حافظ على وزن صحي. 
 - استشر طبيبك لمعرفة الأسباب الكامنة وراء ذلك. 
 أما في حال انخفاض مستويات بروتين سي التفاعلي: 
 - عادةً ما تكون المستويات المنخفضة مرغوبة.",1,1,1,High - range: 10 to 386 | Normal - range: 0 to 10 | High - range: 10 to 386 | Normal - range: 0 to 10 | Normal - range: 0 to 10 | Normal - range: 0 to 10,1,1,1
5,RBC: Mean Corpuscular Haemoglobin(MCH),"MCH measures the average amount of a protein called hemoglobin found inside your red blood cells, which carries oxygen around your body. 
High or low results can indicate different forms of anemia leading to fatigue and other common symptoms.",يعبِّر تحليل مستوى هيموغلوبين الكرية الوسطي (MCH) عن متوسط كميَّة بروتين الهيموجلوبين الموجود في خلية واحدة من خلايا الدم الحمراء، وهو البروتين المسؤول عن الارتباط بالأكسجين ونقله إلى الخلايا والأنسجة في الجسم.,"Mean corpuscular hemoglobin (MCH) is a measure of the average amount of hemoglobin in the red blood cells. Hemoglobin is the protein that stores (binds) oxygen, which is what allows the blood to transport oxygen throughout the body.",يقيس تحليل هيموجلوبين الكرية الوسطي متوسط كمية الهيموجلوبين في كريات الدم الحمراء، حيث يُعرَف الهيموجلوبين بأنه البروتين الذي يعمل على تخزين (إيصال) الأكسجين، الأمر الذي يسمح للدم بنقل الأكسجين إلى كافة أعضاء الجسم.,"Many factors can lead to having high MCH levels such as: 
- Anemia due to folate or vitamin B12 deficiency 
- Excessive alcohol consumption  
Many factors can lead to having low MCH levels such as: 
- Iron deficiency 
- Thalassemia","ينجم ارتفاع مستويات تحليل هيموجلوبين الكرية الوسطي (MCH) عن عدة أسباب، منها: 
 - فقر الدم الناجم عن نقص حمض الفوليك أو فيتامين (ب12). 
 - الإفراط في شرب الكحول. 
 أما انخفاض مستويات تحليل هيموجلوبين الكرية الوسطي (MCH) فيرجع إلى عدة عوامل، منها: 
 - نقص الحديد. 
 - مرض الثلاسيميا.","In case of high MCH levels: 
- Consume a healthy and balanced diet rich in folate and vitamin B12 which can be found in turkey, poultry, and green leafy vegetables 
- Consult your doctor to rule out any underlying conditions 
In case of low MCH levels: 
- Reduce caffeine consumption 
- Consume a healthy and balanced diet rich in iron and vitamin C 
- Consult your doctor to rule out any underlying conditions 
 
*Red blood cells biomarkers are best interpreted in the context of the entire RBC profile.","في حال ارتفاع مستويات تحليل هيموجلوبين الكرية الوسطي (MCH): 
 - اتبع نظامًا غذائيًا صحيًّا ومتوازنًا وغنيًّا بحمض الفوليك وفيتامين (ب12) الموجودين في بعض الأطعمة مثل الديك الروميّ والدواجن والخضروات الورقية. 
 - استشر طبيبك لمعرفة الأسباب الكامنة وراء ذلك. 
 أمّا في حال انخفاض مستويات تحليل هيموجلوبين الكرية الوسطي (MCH) : 
 - قلل من تناول الكافيين. 
 - اتبع نظامًا غذائيًا صحيًّا متوازنًا وغنيًّا بعنصر الحديد وفيتامين (أ) وفيتامين (ب6) وفيتمامين سي. 
 - استشر طبيبك لمعرفة الأسباب الكامنة وراء ذلك. 
 
 * يُفضَّل تفسير المؤشرات الحيوية لخلايا الدم الحمراء في سياق الفحص الشامل لخلايا الدم الحمراء.",1,1,1,Normal - range: 26 to 32 | Normal - range: 26 to 32 | Low - range: 0 to 26 | Low - range: 0 to 26 | Normal - range: 25 to 33.5 | Low - range: 0 to 25 | Normal - range: 25 to 33.5 | Low - range: 0 to 25,1,1,1
7,Transferrin Saturation Index,"Transferrin is a protein that binds iron and transports it to where it’s needed. When there is enough transferrin, your body can effectively use the iron you get from the diet. Iron availability dictates transferrin production, but transferrin levels are also influenced by inflammation, liver, and kidney disease",يُعرف الترانسفيرين بأنه البروتين الذي يربط الحديد وينقله إلى حيث يحتاجه الجسم. ولا يمكن للجسم الاستفادة من الحديد الذي يحصل عليه من الغذاء استخدامًا فعالاً إلا حينما تكون مستويات الترانسفيرين كافية. ويعتمد توفر الحديد على إنتاج الترانسفيرين، إلا أن مستويات الترانسفيرين تتأثر أيضًا بالالتهابات وأمراض الكبد والكلى.,"Transferrin is a protein that binds iron and transports it to where it’s needed. When there is enough transferrin, your body can effectively use the iron you get from the diet. Iron availability dictates transferrin production, but transferrin levels are also influenced by inflammation, liver, and kidney disease 
Low transferrin saturation levels can indicate iron deficiency while high levels can indicate iron overload.",يُعرف الترانسفيرين بأنه البروتين الذي يربط الحديد وينقله إلى حيث يحتاجه الجسم. ولا يمكن للجسم الاستفادة من الحديد الذي يحصل عليه من الغذاء استخدامًا فعالاً إلا حينما تكون مستويات الترانسفيرين كافية. ويعتمد توفر الحديد على إنتاج الترانسفيرين، إلا أن مستويات الترانسفيرين تتأثر أيضًا بالالتهابات وأمراض الكبد والكلى.,"Many factors can lead to having high TSI levels such as: 
- Iron deficiency 
- Vegetarian or vegan diet 
- Chronic blood loss 
- Pregnancy 
Many factors can lead to having low TSI levels such as: 
- Iron overload 
- Anemia  
- Inflammation 
- Liver conditions 
- Kidney conditions","ينجم ارتفاع مستويات تحليل إشباع الترانسفيرين عن عدة أسباب، منها: 
 - نقص الحديد. 
 - اتباع نظام غذائي نباتي جزئي أو كلي. 
 - فقدان الدم المزمن. 
 - الحمل. 
 أما انخفاض مستويات تحليل إشباع الترانسفيرين فيرجع إلى عدة عوامل، منها: 
 - زيادة مستويات الحديد. 
 - فقر الدم. 
 - الالتهابات. 
 - أمراض الكبد. 
 - أمراض الكلى.","In case of low TSI levels: 
- Consume iron rich foods such as organ meats, fish and seafood, poultry, dark leafy vegetables, and beans 
- Consume foods rich in vitamin C such as colored vegetables and citrus fruits 
- Consider iron supplementation under professional supervision 
In case of high TSI levels: 
- Avoid all iron containing supplementation under professional supervision 
- Consume foods rich in fiber and phytic acid such as whole grains and chili 
- Donate blood regularly 
- Avoid vitamin C containing supplementation 
- Consume tea or coffee moderately 
- Avoid using cast iron utensils 
- Consult your doctor to rule out any underlying conditions 
 
 *Iron biomarkers are best interpreted in the context of the entire iron profile.","في حال انخفاض مستويات تحليل إشباع الترانسفيرين: 
 - تناول الأطعمة الغنية بالحديد مثل اللحوم واللحوم العضوية والأسماك والمأكولات البحرية والدواجن والسبانخ والخضروات الورقية الداكنة والبقوليات. 
 - تناول الأطعمة الغنية بفيتامين سي مثل الخضار الملونة والحمضيات. 
 - تناول مكملات الحديد تحت اشراف متخصصّ. 
 أما في حال انخفاض مستويات تحليل إشباع الترانسفيرين: 
 - تجنب جميع المكملات المحتوية على الحديد تحت إشراف متخصص. 
 - تجنب تناول المكملات التي تحتوي على الحديد إلا بإشراف طبيّ. 
 - تناول الأطعمة الغنية بالألياف وحمض الفيتيك مثل الحبوب الكاملة والفلفل الحار. 
 - احرص على التبرع بالدم بانتظام. 
 - تجنب المكملات التي تحتوي على فيتامين سي. 
 - احرص على الاعتدال في تناول الشاي أو القهوة. 
 - تجنب استخدام الأواني المصنوعة من الحديد. 
 - استشر طبيبك لمعرفة الأسباب الكامنة وراء ذلك. 
 
 * من الأفضل تفسير المؤشرات الحيوية للحديد بعد إجراء فحوصات الحديد الشاملة.",1,1,1,Low - range: 0 to 19 | Normal - range: 19 to 50 | High - range: 50 to 91.5 | Low - range: 0 to 14 | Normal - range: 14 to 50 | High - range: 50 to 91.5 | Low - range: 0 to 19.9 | Normal - range: 19.9 to 49.9 | Low - range: 0 to 14.9 | Normal - range: 14.9 to 49.9,1,1,1
8,Vitamin D,"Also known as the sunshine vitamin, Vitamin D is produced by your skin when it is exposed to the sun and can be found naturally in few foods including some fish, egg yolk, and fortified dairy and grain products. Vitamin D plays an important role in your overall health, it is one of the few vitamins with a receptor on nearly every cell in your body. Vitamin D plays a key role in your immune function, bone growth and muscle function, as well as your inflammatory response and the regulation of your skeletal muscle. Deficiency symptoms can include low energy levels, bone and muscle pain and uneven sleep among others.","يسمى أيضاً بفيتامين الشمس، لأن الجسم يقوم بتصنيعه عند التعرض لأشعة الشمس فوق البنفسجية، وتعتبر أشعة الشمس هي العامل الأهم في تصنيع فيتامين د بالجسم عبر الجلد. كما و يمكن للجسم الحصول على فيتامين د من بعض الأغذية، من أهمها الاسماك الدهنية و صفار البيض و منتوجات الحليب المدعمة.
يلعب فيتامين د دورا اساسيا في صحتك ة يساعد على تعزيز قوة وكثافة العظام و جهاز المناعة. من علامات نقص الفيتامين د قص التركيزوالخمول و الدوار.","Vitamin D is a fat-soluble vitamin that the body needs to build and maintain strong bones. It helps absorb calcium in the gut, keeping calcium and phosphorus in balance to mineralize bones. Vitamin D also helps support immune balance.",يعد فيتامين (د) أحد الفيتامينات القابلة للذوبان في الدهون، ويحتاجه الجسم لبناء عظام قوية والحفاظ عليها، كما يساعد على امتصاص الكالسيوم في الأمعاء، ويحافظ على توازن الكالسيوم والفسفور، مما يسهم في تمعدن العظام، بالإصافة إلى مساهمته في دعم التوازن المناعي.,"Many factors can lead to having high vitamin D levels such as: 
- Supplementation 
- Prolonged sun exposure 
Many factors can lead to having low vitamin D levels such as: 
- Limited exposure to sunlight 
- Sunscreen and protective clothing 
- Living in northern hemispheres 
- Dark skin 
- Veganism 
- Low dietary intake 
- Excess weight 
 - Aging 
- Pregnancy 
- Genetics","ينجم ارتفاع مستويات فيتامن د عن عدة أسباب، منها: 
 - تناول المكملات. 
 - التعرض لأشعة الشمس لفترات طويلة. 
 أما انخفاض فيتامين (د) فيرجع إلى عدة عوامل، منها: 
 - عدم التعرض لأشعة الشمس بشكل كافٍ. 
 - وضع واقي الشمس وارتداء الملابس الواقية. 
 - العيش في نصف الكرة الشمالي. 
 - البشرة الداكنة. 
 - اتباع نظام غذائي نباتيّ كلي. 
 - نقص التغذية. 
 - الوزن الزائد. 
 - تقدم العمر. 
 - الحمل. 
 - العامل الوراثي.","In case of high vitamin D levels: 
- Consider stopping vitamin D supplementation under professional supervision 
In case of low vitamin D levels: 
- Consider vitamin D supplementation under professional supervision 
- Expose skin to direct sunlight for at least 20 minutes daily 
- Consume vitamin D rich foods such as whole eggs and fatty fish","في حال ارتفاع مستويات فيتامين (د): 
 - التوقف عن تناول مكملات فيتامين (د) تحت اشراف متخصص. 
 أما في حال ارتفاع مستويات فيتامين (د): 
 - تناول مكملات فيتامين (د) تحت اشراف متخصص. 
 - تعرض لأشعة الشمس المباشرة لمدة لا تقل عن 20 دقيقة في اليوم. 
 - تناول الأطعمة الغنية بفيتامين (د) مثل البيض والأسماك الدهنية.",1,1,1,optimal range - range: 60 to 100 | optimal range - range: 60 to 100 | Optimal - range: 60 to 99 | Optimal - range: 60 to 99 | Sufficient - range: 30 to 100 | Insufficient - range: 20 to 30 | Insufficient - range: 20 to 30 | Deficiency - range: 0 to 20 | Insufficiency - range: 20 to 30 | Adequate - range: 30 to 60 | Deficiency - range: 0 to 20 | Insufficiency - range: 20 to 30 | Adequate - range: 30 to 60 | Deficiency - range: 0 to 20 | Deficiency - range: 0 to 20 | Sufficient - range: 30 to 100,1,1,1
9,Creatinine,"Creatinine is a natural waste product formed in your muscles. It results from the breakdown of creatine during energy release such as movement and exercise. Nearly all creatinine is excreted by your kidneys, so measuring the level remaining in your blood can determine if your kidneys are functioning normally.",الكرياتينين هو أحد مخلفات الجسم الطبيعية من عمليات إنتاج الطاقة في عضلاتك. تستطيع الكلى السليمة اخىاج الكرياتينين خارج الدم و الجسم ضمن الفضلات الخارجة مع البول. قياس مستوى الكرياتينين في الدم أو البول يقدم دلائل تساعد في تحديد كفاءة عمل كليتيك.,"Creatinine is a waste product created from the normal wear and tear of muscles. It is produced from creatine, a protein that helps generate energy for muscle contractions. Creatinine production essentially reflects muscle mass, and because this mass barely changes from day to day, creatinine production tends to be fairly constant. creatinine is also used as a marker of kidney function as it is filtered out the of the body via the kidneys.",يعرف الكرياتينين بأنه النفايات الناتجة عن التآكل الطبيعي للعضلات، ويتم إنتاجه من الكرياتين، وهو بروتين يساعد على توليد الطاقة لتقلص العضلات. ويعكس إنتاج الكرياتينين بشكل أساسي حجم كتلة العضلات، ويميل إنتاج الكرياتينين إلى الثبات إلى حد ما، نظرًا لتغير حجم هذه الكتلة قليلاً من يوم لآخر. ويستخدم الكرياتينين أيضًا للاستدلال على سلامة وظيفة الكلى، لأن الجسم يصفيه خارجًا الجسم عن طريق الكلى.,"Many factors can lead to having high creatinine levels such as: 
- Dehydration 
- High protein intake 
- Bodybuilding and creatine supplementation 
- Kidney disease 
- Certain medications such as NSAIDs and ACE inhibitors 
Many factors can lead to having low creatinine levels such as: 
- Low protein intake 
- Excessive weight loss 
- Excessive alcohol consumption 
- Liver disease 
- Pregnancy 
- Disorders of the thyroid gland","ينجم ارتفاع مستويات الكرياتينين عن عدة أسباب، منها: 
 - الجفاف. 
 - تناول كميات كبيرة من البروتين. 
 - مكملات كمال الأجسام والكرياتين. 
 - أمراض الكلى. 
 - بعض الأدوية مثل مضادات الالتهابات اللاستيرويدية ومثبط إنزيم محول الأنجيوتنسين. 
 أما انخفاض مستويات الكرياتينين فيرجع إلى عدة عوامل، منها: 
 - تناول كميات قليلة من البروتين. 
 - فقدان الوزن دون الحد الطبيعي. 
 - الإفراط في شرب الكحول. 
 - أمرض الكبد. 
 - الحمل. 
 - اضطرابات الغدة الدرقية.","In case of high creatinine levels: 
- Maintain a healthy weight 
- Maintain a healthy blood pressure 
- Quit smoking 
- Consult your doctor to rule out any underlying conditions 
In case of low creatinine levels: 
- Avoid alcohol consumption 
- Engage in physical activity 
- Consider coaching for nutritional advice on your protein needs 
- Consult your doctor to rule out any underlying conditions 
 
 *Kidneys biomarkers are best interpreted in the context of the entire kidney profile.","في حال ارتفاع مستويات الكرياتينين: 
 - حافظ على وزن صحي. 
 - حافظ على مستوى ضغط دم صحي. 
 - أقلع عن التدخين. 
 - استشر طبيبك لمعرفة الأسباب الكامنة وراء ذلك. 
 أما في حال انخفاض مستويات الكرياتينين: 
 - تجنب شرب الكحول. 
 - احرص على ممارسة النشاط البدني. 
 - احرص على الحصول على المشورة الغذائية فيما يتعلق باحتياجاتك من البروتين. 
 - استشر طبيبك لمعرفة الأسباب الكامنة وراء ذلك. 
 
 * من الأفضل تفسير المؤشرات الحيوية للكلى بعد إجراء كافة فحوصات وظائف الكلى.",1,1,1,Low - range: 0 to 0.65 | Normal - range: 0.65 to 1.35 | High - range: 1.35 to 1.67 | Low - range: 0 to 0.49 | Normal - range: 0.49 to 1.05 | High - range: 1.05 to 1.67 | Low - range: 0 to 0.4 | Normal - range: 0.4 to 1.2 | Low - range: 0 to 0.3 | Normal - range: 0.3 to 0.9,1,1,1
11,Blood Urea Nitrogen,"Blood Urea Nitrogen (BUN) is a normal waste product that eventually ends up in your kidneys. A BUN test checks how well your kidneys are working. Naturally, healthy kidneys flush the waste from your body through the urine. BUN levels deviating from the normal range may indicate an issue with your kidneys or liver's function.",اليوريا هو أحد مخلفات الجسم الطبيعية. تستطيع الكلى السليمة تنقية الدم من اليوريا وبقية المخلفات الأخرى و تغادر هذه المخلفات جسمك مع البول. يوفرهذا التحليل معلومات قيمة عن سلامة وظائف الكبد والكلى لديك.,"BUN measures the amount of urea in the blood. Urea is a waste product made in the liver as the body processes protein. This protein is mostly derived from the diet, but it can also result from tissue protein turnover. Urea is removed from the blood by the kidney and so the amount of urea in the blood is used as an indicator of kidney function.",يقيس فحص نتروجين يوريا الدم كمية اليوريا في الدم، وتعرف اليوريا بأنها النفايات المصنوعة في الكبد، وهو العضو المسؤول عن معالجة البروتينات في الجسم. ويستخلص البروتين في الغالب من الغذاء، إلا أنه قد ينتج أيضًا عن تحول بروتين الأنسجة. وتتولى الكلى عملية التخلص من اليوريا في الدم، وبالتالي تعد مستويات اليوريا في الدم مؤشرًا لسلامة وظائف الكلى.,"Many factors can lead to having high BUN levels such as: 
- Dehydration 
- High protein intake 
- Infection or inflammation 
- Stress 
- Gut bleeding 
- Disorders of the thyroid gland 
- Kidney disease 
- Certain medications 
Many factors can lead to having low BUN levels such as: 
- Overhydration 
- Low protein intake 
- Excessive alcohol consumption 
- Liver disease 
- Anabolic steroids 
- Pregnancy","ينجم ارتفاع مستويات نيتروجين يوريا الدم عن عدة أسباب، منها: 
 - الجفاف. 
 - تناول كميات كبيرة من البروتين. 
 - الالتهابات. 
 - التوتر. 
 - النزيف المعدي المعوي. 
 - اضطرابات الغدة الدرقية. 
 - أمراض الكلى. 
 - بعض أنواع الأدوية. 
 أما انخفاض مستويات نيتروجين يوريا الدم فيرجع إلى عدة عوامل، منها: 
 - الإفراط في شرب السوائل. 
 - تناول كميات قليلة من البروتين. 
 - الإفراط في شرب الكحول. 
 - أمراض الكبد. 
 - الستيرويدات الابتنائية. 
 - الحمل.","In case of high BUN levels: 
- Ensure you are well hydrated 
- Maintain a healthy weight 
- Consider coaching for nutritional advice on your protein needs 
- Consult your doctor to rule out any underlying conditions 
In case of low BUN levels: 
- Maintain water consumption to 8-12 cups a day 
- Consider coaching for nutritional advice on your protein needs 
- Consult your doctor to rule out any underlying conditions 
 
 *Kidneys biomarkers are best interpreted in the context of the entire kidney profile.","في حال ارتفاع مستويات نيتروجين يوريا الدم: 
 - احرص على شرب كمية وافرة من السوائل. 
 - حافظ على وزن صحي. 
 - احرص على الحصول على المشورة الغذائية فيما يتعلق باحتياجاتك من البروتين. 
 - استشر طبيبك لمعرفة الأسباب الكامنة وراء ذلك. 
 أما في حال انخفاض مستويات نيتروجين يوريا الدم: 
 - تناول من 8 إلى 12 كوبًا من الماء في اليوم. 
 - احرص على الحصول على المشورة الغذائية فيما يتعلق باحتياجاتك من البروتين. 
 - استشر طبيبك لمعرفة الأسباب الكامنة وراء ذلك. 
 
 * من الأفضل تفسير المؤشرات الحيوية للكلى بعد إجراء كافة فحوصات وظائف الكلى.",1,1,1,Normal - range: 6 to 20.1 | Low - range: 0 to 6 | Normal - range: 8.3 to 25.7 | Low - range: 0 to 8.3 | Normal - range: 4.9 to 20 | Low - range: 0 to 4.9 | High - range: 20 to 46.9 | Normal - range: 4.9 to 20 | Low - range: 0 to 4.9 | High - range: 20 to 46.9,1,1,1
12,Iodine,"Up to a third of people worldwide are at risk of Iodine deficiency. As it has so many roles in the body, Iodine deficiency may lead to unexpected weight gain, tiredness and lethargy, hair loss, dry flaky skin, difficulty breathing, and many other conditions. Iodine is an essential mineral.
This test is included in Valeo’s comprehensive package.","يعد اليود نوع من أنواع المعادن التي من المهم الحصول عليها بكميات كافية في النظام الغذائي المتبع لأهميته في تنظيم الهرمونات وتطور الجنين.
تم اكتشاف أعراض انخفاض مستويات اليود بشكل أساس من خلال أعراض الغدة الدرقية ومن أبرزها صعوبات في التنفس و التعب العام و الشعور بالبرودة الشديدة على الرغم من درجات الحرارة العادية و تساقط شعر و زيادة الوزن بشكل غير مفسر.","Iodine is an essential mineral that is essential for proper thyroid function and critical during pregnancy for the fetus's healthy development. This test is primarily used to evaluate the presence of thyroid conditions. 
This test is included in Valeo’s comprehensive package",يعد اليود معدنًا أساسيًا لا غنى عنه لضمان سلامة وظائف الغدة الدرقية، كما أنه مهم أثناء الحمل لنمو الجنين نموًا صحيًا. ويستخدم هذا الفحص كمؤشر مبدئي للكشف عن أمراض الغدة الدرقية.,"Many factors can lead to having high iodine levels such as: 
- Consumption of over-iodized salt, water, milk, or seaweeds 
- Consumption of dietary supplements containing iodine 
Many factors can lead to having low iodine levels such as: 
- Inadequate dietary intake 
- Pregnancy or breastfeeding","ينجم ارتفاع مستويات اليود عن عدة أسباب، منها: 
 - استهلاك الملح أو الماء أو الحليب أو الأعشاب البحرية التي تحتوي على نسبة عالية من اليود. 
 - تناول المكملات الغذائية التي تحتوي على اليود. 
 أما انخفاض مستويات اليود فيرجع إلى عدة عوامل، منها: 
 - نقص التغذية. 
 - الحمل أو الرضاعة.","In case of high iodine levels: 
- Decrease consumption of iodine sources (foods or supplements) 
In case of low iodine levels; 
- Increase consumption of foods that are rich in iodine such as seafood, milk and dairy products, and whole grains. 
- Choose iodized salt","في حال ارتفاع مستويات اليود: 
 - تناول كميات أقل من مصادر اليود (الأطعمة أو المكملات). 
 أما في حال انخفاض مستويات اليود: 
 - تناول كميات أكبر من الأطعمة الغنية باليود مثل المأكولات البحرية والحليب ومنتجات الألبان والحبوب الكاملة. 
 - اختر الملح المُعزَّز باليود.",1,1,1,Normal - range: 51 to 109 | Low - range: 0 to 51 | Normal - range: 51 to 109 | Low - range: 0 to 51,1,0,0
13,Alkaline Phosphate (ALP),"ALP is an enzyme found in your bloodstream. It helps break down proteins in the body and exists in different forms, depending on where it originates. Testing its levels determines how well your liver and gallbladder are functioning and identifies any problems within your bones.",الفوسفاتاز القلوي (ALP) هو إنزيم موجود في الكبد والعظام وهو مُهم لتحلُّل البروتينات. قد تُشير المستويات الأعلى من الطبيعي لإنزيم الفوسفاتاز القلوي (ALP) إلى تلَف في الكبد أو الإصابة بأحد الأمراض، مثل انسداد القناة الصفراوية أو بعض أمراض العظام.,"Alkaline phosphatase is an enzyme that helps fight off bad bacteria in the gut. It is also involved in digestion, bone health, and cognitive function.",يساعد إنزيم الفوسفاتيز القلوي على محاربة البكتيريا الضارة في الأمعاء، كما يسهل عملية الهضم ويحافظ على صحة العظام، بالإضافة إلى الوظائف الإدراكية.,"Many factors can lead to having high ALP levels such as: 
- Bone disorders 
- Gallbladder disorders 
- Liver disorders  
- Pregnancy 
- Aging 
Many factors can lead to having low ALP levels such as: 
- Zinc or magnesium deficiency 
- Protein deficiency 
- High vitamin D doses 
- Anemia 
- Disorders of the thyroid gland 
- Certain medications","ينجم ارتفاع مستويات الفوسفاتيز القلوي عن عدة أسباب، منها: 
 - اضطرابات العظام. 
 - اضطرابات المرارة. 
 - اضطرابات الكبد. 
 - الحمل. 
 - تقدم العمر. 
 أما انخفاض مستويات الفوسفاتيز القلوي فيرجع إلى عدة عوامل، منها: 
 - نقص الزنك أو المغنيسيوم. 
 - نقص البروتين. 
 - الجرعات العالية من فيتامين (د). 
 - فقر الدم. 
 - اضطرابات الغدة الدرقية. 
 - بعض أنواع الأدوية.","The below remarks are applicable to all liver tests:  
 
For some people, lifestyle changes are enough to re-establish a healthy liver function. For others, it may be about maintaining the function they currently have. In either case your Valeo wellbeing coach would be able to help you with more detailed advice.  
 
Generally speaking, practices for a healthy liver include: 
- limiting alcohol consumption 
- maintaining a healthy weight 
- reducing or removing processed foods from your diet 
- increasing dark green leafy vegetables like brussels sprouts (go for a roasted option) 
- consuming garlic, beetroot, apples and carrots, grated together these make a great salad 
- drinking water during the day and ideally adding things like fresh mint, ginger and lemon","في حال ارتفاع مستويات الفوسفاتيز القلوي: 
 - استشر طبيبك لمعرفة الأسباب الكامنة وراء ذلك. 
 أما في حال انخفاض مستويات الفوسفاتيز القلوي: 
 - اعتمد نظامًا غذائيًا صحيًا قائمًا على تناول الأطعمة الغنية بالبروتين وفيتامينات (ب) والزنك والمغنيسيوم مثل اللحوم والدواجن والبقوليات والحبوب والمكسرات والخضروات الورقية. 
 - تناول مكملات الزنك والمغنيسيوم وفيتامين (ب 12) أو البروتين (في حال نقصه) تحت اشراف متخصصّ. 
 - استشر طبيبك لمعرفة الأسباب الكامنة وراء ذلك. 
 
 * من الأفضل تفسير المؤشرات الحيوية للكبد بعد إجراء كافة فحوصات وظائف الكبد.",1,1,1,Low - range: 0 to 39 | Normal - range: 39 to 129 | High - range: 129 to 388 | Low - range: 0 to 34 | Normal - range: 34 to 104 | High - range: 104 to 388 | Low - range: 0 to 40 | Normal - range: 40 to 130 | Normal - range: 35 to 105 | Low - range: 0 to 35,1,1,1
14,Gamma Glutamyl Transferase (GGT),GGT is an enzyme that is mostly found in the liver. Concentration of GGT in the bloodstream rises when your liver is injured or when the flow of bile (an alkaline fluid which aids digestion) is obstructed. Measuring it is therefore a useful marker for detecting bile duct issues such as blockage.,ناقلة الببتيد غاما غلوتاميل (GGT) هو إنزيم يُوجَد في الدم. قد تُشير المستويات الأعلى من الطبيعي إلى تلَف في الكبد أو القناة الصفراوية.,Gamma-glutamyl transferase (GGT) is a cell surface enzyme that is mostly produced by the liver. Its levels in the blood are used as an indicator in the diagnosis of liver and biliary tract disease. GGT exerts several functions in the body including the breakdown of drugs and toxins and the formation of amino acids that are important for the functioning of the brain and the heart.,يعد إنزيم ناقلة الببتيد غاما غلوتاميل أحد الأنزيمات المتواجدة على سطح الخلايا وينتج غالبًا في الكبد. وتعد مستوياته في الدم مؤشرًا لتشخيص أمراض الكبد وأمراض الجهاز الصفراوي. ويؤدي هذا الإنزيم في الجسم عدة وظائف، بما في ذلك تخليصه من آثار الأدوية والسموم وتكوين الأحماض الأمينية الهامة لعمل الدماغ والقلب.,"Many factors can lead to having high GGT levels such as: 
- Liver disease 
- Biliary tract disease 
- Smoking 
- Excessive alcohol consumption 
- Heart disease 
- High blood pressure 
- Diabetes 
- Kidney disease 
- Disorders of the thyroid gland 
- Certain medications 
Many factors can lead to having low GGT levels such as: 
- Pregnancy 
- Certain genetic disorders","ينجم ارتفاع مستويات إنزيم ناقلة الببتيد غاما غلوتاميل عن عدة أسباب، منها: 
 - أمراض الكبد. 
 - أمراض القنوات الصفراوية. 
 - التدخين. 
 - الإفراط في شرب الكحول. 
 - أمراض القلب. 
 - ارتفاع ضغط الدم. 
 - السكري. 
 - أمراض الكلى. 
 - اضطرابات الغدة الدرقية. 
 - بعض أنواع الأدوية. 
 أما انخفاض مستويات إنزيم ناقلة الببتيد غاما غلوتاميل فيرجع إلى عدة عوامل، منها: 
 - الحمل. 
 - بعض الأمراض الوراثية.","In case of high GGT levels: 
- Moderate alcohol consumption 
- Consume fruits and vegetables regularly 
- Consume less red meat 
- Engage in regular physical activity 
- Consult your doctor to rule out any underlying conditions 
In case of low GGT levels: 
- Consult your doctor to rule out any underlying conditions 
 
*Liver biomarkers are best interpreted in the context of the entire liver profile.","في حال ارتفاع مستويات إنزيم ناقلة الببتيد غاما غلوتاميل: 
 - الاعتدال في شرب الكحول. 
 - تناول الخضار والفواكه بانتظام. 
 - تناول كميات أقل من اللحوم الحمراء. 
 - مارس النشاط البدني بانتظام. 
 - استشر طبيبك لمعرفة الأسباب الكامنة وراء ذلك. 
 أما في حال انخفاض مستويات إنزيم ناقلة الببتيد غاما غلوتاميل: 
 - استشر طبيبك لمعرفة الأسباب الكامنة وراء ذلك. 
 
 
 * من الأفضل تفسير المؤشرات الحيوية للكبد بعد إجراء كافة فحوصات وظائف الكبد.",1,1,1,Normal - range: 0 to 40 | High - range: 40 to 272 | High - range: 60 to 270 | Normal - range: 0 to 60 | High - range: 40 to 270.2 | Normal - range: 0 to 40 | High - range: 60 to 270.2 | Normal - range: 0 to 60,1,1,1
15,Albumin,"Albumin is a protein made by your liver, it keeps fluid from leaking out of your blood vessels and nourishes your tissues. It also carries hormones, vitamins, drugs, and ions like calcium throughout your body. Albumin concentration in the blood is sensitive to a liver's damage.",الألبومين هو أحد البروتينات المُتعدِّدة التي تُنتج في الكبد. يحتاج جسمك إلى هذه البروتينات لمُكافحة العدوى وأداء وظائفه الأخرى. قد تُشير المستويات الأقل من الطبيعي من الألبومين والبروتين الكُلي إلى تلَف في الكبد أو الإصابة بأحد الأمراض.,"Albumin is the most abundant protein in human blood, accounting for 50 to 60% of all the protein in the blood. It’s made by the liver, circulates throughout the body in the blood, and a very small amount may pass through healthy kidneys into urine. 
Albumin maintains the osmotic pressure that pulls water into the circulatory system, binds and carries hormones, vitamins, drugs, fatty acids, minerals, and other substances throughout the blood, and is also the main antioxidant in the blood. Albumin maintains the osmotic pressure that pulls water into the circulatory system, binds and carries hormones, vitamins, drugs, fatty acids, minerals, and other substances throughout the blood, and is also the main antioxidant in the blood.","يعد الألبومين البروتين الأكثر وفرة في دم الإنسان، ويمثل من 50% إلى 60% من جميع البروتينات في الدم. وتنتجه خلايا الكبد، ثم ينتقل إلى جميع أنحاء الجسم من خلال الدورة الدموية، وقد يحتوي البول على كمية ضئيلة منه بعد مرور البروتين عبر الكلى السليمة. 
 يحافظ الألبومين على الضغط الإسموزي الذي يسحب الماء إلى داخل الدورة الدموية، ويربط الهرمونات والفيتامينات والأدوية والأحماض الدهنية والمعادن والمواد الأخرى ويحملها في الدم، كما أنه أحد مضادات الأكسدة الرئيسية في الدم.","Many factors can lead to having high albumin levels such as: 
- Severe dehydration due to vomiting or diarrhea 
- Insulin resistance 
Many factors can lead to having low albumin levels such as: 
- Chronic illness, infection, or inflammation 
- Inadequate diet 
- Liver disease 
- Kidney disease 
- Heart disease 
- Pregnancy","ينجم ارتفاع مستويات الألبومين عن عدة أسباب، منها: 
 - الجفاف الشديد نتيجة القيء أو الإسهال. 
 - مقاومة الإنسولين. 
 أما انخفاض مستويات الألبومين فيرجع إلى عدة عوامل، منها: 
 - الالتهابات أو الإصابة بالعدوى أو مرض مزمن. 
 - نقص التغذية. 
 - أمراض الكبد. 
 - أمراض الكلى. 
 - أمراض القلب. 
 - الحمل.","In case of high albumin levels: 
- Ensure you are well hydrated 
- Avoid alcohol consumption 
- Consult your doctor to identify the underlying reason 
In case of low albumin levels: 
- Consume a healthy and balanced diet 
- Consume lean, high-quality proteins including organic and hormone-free fish and turkey 
- Maintain a healthy weight 
- Engage in regular physical activity 
- Consult your doctor to identify the underlying reason 
 
*Liver biomarkers are best interpreted in the context of the entire liver profile.","في حال ارتفاع مستويات الألبومين: 
 - احرص على شرب كمية وافرة من السوائل. 
 - تجنب شرب الكحول. 
 - استشر طبيبك لمعرفة الأسباب الكامنة وراء ذلك. 
 أما في حال انخفاض مستويات الألبومين: 
 - اتبع نظامًا غذائيًا صحيًا ومتوازنًا. 
 - تناول البروتينات الخالية من الدهون وعالية الجودة، بما في ذلك الأسماك والديك الرومي العضوي والخالي من الهرمونات. 
 - حافظ على وزن صحي. 
 - احرص على ممارسة النشاط البدني بانتظام. 
 - استشر طبيبك لمعرفة الأسباب الكامنة وراء ذلك. 
 
 * من الأفضل تفسير المؤشرات الحيوية للكبد بعد إجراء كافة فحوصات وظائف الكبد.",1,1,1,Low - range: 0 to 3.4 | Normal - range: 3.5 to 5.2 | Normal - range: 3.5 to 5.2 | Low - range: 0 to 3.5 | Low - range: 0 to 3.5 | High - range: 5.2 to 6.8 | Normal - range: 3.4 to 5.2 | High - range: 5.2 to 6.8 | Normal - range: 3.4 to 5.2 | Low - range: 0 to 3.4,1,1,1
16,Globulin,"Globulins are a group of proteins in your blood that are made in your liver by your immune system. Globulins play an important role in liver function, blood clotting, and fighting infection.",الجلوبيولينات هي بروتينات لها وظائف عديدة ثلاث مجموعات تستخدم بالأساس كأجسام مضادة ضد الأجسام الغريبة التي قد تغزو الجسم، وهناك جلوبولينات أخرى تستخدم في مهام مختلفة. يتم انتاج بعض الجلوبيولينات في الكبد.,Globulins are a group of proteins that are made in the liver and that help transport nutrients and fight infections.,يُشكل الجلوبيولين مجموعة البروتينات التي يتم انتاجها في الكبد وتتمثل وظائفه في نقل المواد الغذائية ومكافحة العدوى.,"Many factors can lead to having high globulins levels such as: 
- Viral and bacterial infections 
- Dehydration 
- Inflammatory or immune disorders 
- Certain medications 
Many factors can lead to having low globulins levels such as: 
- Kidney disease 
- Liver disease 
- Inadequate diet","ينجم ارتفاع مستويات الجلوبيولين عن عدة أسباب، منها: 
 - العدوى الفيروسية والبكتيرية. 
 - الجفاف. 
 - الالتهابات أو الاضطرابات المناعية. 
 - تناول بعض الأدوية. 
 أما انخفاض مستويات الجلوبيولين فيرجع إلى عدة عوامل، منها: 
 - أمراض الكلى. 
 - أمراض الكبد. 
 - نقص التغذية.","In case of high globulins levels: 
- Ensure you are well hydrated 
- Engage in regular physical activity 
- Moderate alcohol consumption 
- Consult your doctor to rule out any underlying conditions 
In case of low globulins levels: 
- Consume a healthy and balanced diet 
- Consult your doctor to rule out any underlying conditions 
 
*Liver biomarkers are best interpreted in the context of the entire liver profile.","في حال ارتفاع مستويات الجلوبيولين: 
 - احرص على شرب كمية وافرة من السوائل. 
 - مارس النشاط البدني بانتظام. 
 - الاعتدال في شرب الكحول. 
 - استشر طبيبك لمعرفة الأسباب الكامنة وراء ذلك. 
 أما في حال انخفاض مستويات الجلوبيولين: 
 - اتبع نظامًا غذائيًا صحيًا ومتوازنًا. 
 - استشر طبيبك لمعرفة الأسباب الكامنة وراء ذلك. 
 
 * من الأفضل تفسير المؤشرات الحيوية للكبد بعد إجراء كافة فحوصات وظائف الكبد.",1,1,1,Low - range: 0 to 1.5 | Normal - range: 1.5 to 4 | High - range: 4 to 22.4 | Low - range: 0 to 1.5 | Normal - range: 1.5 to 4 | High - range: 4 to 22.4 | Normal - range: 1.1 to 4.2 | Low - range: 0 to 1.1 | Normal - range: 1.1 to 4.2 | Low - range: 0 to 1.1,1,1,1
17,"Alanine Aminotransferase (ALT), SGPT","ALT, also known as SGPT, is an enzyme that plays a crucial role in your metabolism. When your liver is damaged or inflamed, ALT can be released into your bloodstream which causes serum ALT levels to rise. Measuring your ALT level would help evaluate your liver function or determine certain underlying causes of a liver problem.",ناقلة أمين الألانين (ALT) هو إنزيم موجود في الكبد يساعد في تحويل البروتينات إلى طاقة لخلايا الكبد. عند حدوث تلَف في الكبد، ينطلِق إنزيم ناقلة أمين الألانين (ALT) في مجرى الدم وترتفع مستوياته.,"ALT (alanine aminotransferase), also known as SGPT, is an enzyme that is found mostly in the liver, but also in muscles. ALT is released into the bloodstream when the liver is damaged and is therefore used to assess liver health and diagnose liver damage or disease. 
This test is included in Valeo’s comprehensive package",يوجد إنزيم ناقلة أمين الألانين في الكبد غالبًا، وبنسب معينة في العضلات أيضًا. ويُفرز هذا الإنزيم إلى مجرى الدم عندما يتضرر الكبد، لذا يعتبر مؤشرًا للاستدلال على صحة الكبد وبالتالي يتيح تشخيص تلف الكبد أو إصابته بأي مرض.,"Many factors can lead to having high ALT levels such as: 
- Excessive alcohol consumption 
- Inadequate diet 
- Liver damage or disease 
- Heart conditions 
- Certain medications 
Many factors can lead to having low ALT levels such as: 
- Vitamin B6 deficiency 
- Smoking 
- Oral contraceptives or hormonal replacement therapy 
- Kidney disease","ينجم ارتفاع مستويات ناقلة أمين الألانين عن عدة أسباب، منها: 
 - الإفراط في شرب الكحول. 
 - نقص التغذية. 
 - أمراض الكبد أو تلفه. 
 - أمراض القلب. 
 - أمراض الكبد. 
 - بعض أنواع الأدوية. 
 أما انخفاض مستويات ناقلة أمين الألانين فيرجع إلى عدة عوامل، منها: 
 - نقص فيتامين (ب6). 
 - التدخين. 
 - حبوب منع الحمل أو العلاج بالهرمونات البديلة. 
 - أمراض الكلى.","In case of high ALT levels: 
- Moderate alcohol consumption 
- Consume a healthy and balanced diet  
- Consult your doctor to rule out any underlying conditions 
In case of low ALT levels: 
- Moderate alcohol consumption 
- Consult your doctor to rule out any underlying conditions 
 
*Liver biomarkers are best interpreted in the context of the entire liver profile.","في حال ارتفاع مستويات إنزيم ناقلة أمين الألانين: 
 - الاعتدال في شرب الكحول. 
 - اتبع نظامًا غذائيًا صحيًا ومتوازنًا. 
 - استشر طبيبك لمعرفة الأسباب الكامنة وراء ذلك. 
 في حال انخفاض مستويات إنزيم ناقلة أمين الألانين: 
 - الاعتدال في شرب الكحول. 
 - استشر طبيبك لمعرفة الأسباب الكامنة وراء ذلك. 
 
 * من الأفضل تفسير المؤشرات الحيوية للكبد بعد إجراء كافة فحوصات وظائف الكبد.",1,1,1,High - range: 35 to 364 | Normal - range: 0 to 52 | Normal - range: 0 to 52 | Normal - range: 0 to 35 | High - range: 56 to 364 | Normal - range: 0 to 56,1,1,1
18,Bilirubin Total,Bilirubin is a waste product primarily produced by the normal breakdown of red blood cells and passes through your liver before getting excreted in the stools. Measuring the amount of bilirubin in your blood evaluates the functioning of your liver.,البيليروبين مادة تُنتج أثناء التكسر الطبيعي لخلايا الدم الحمراء. يمرُّ البيليروبين عبر الكبد ويتمُّ التخلُّص منه في البراز. المستويات المُرتفعة من البيليروبين (اليرقان) قد تُشير إلى تلَف في الكبد أو الإصابة بأحد الأمراض أو أنواع مُعينة من فقر الدم.,"Bilirubin is a waste product primarily produced by the normal breakdown of hemoglobin which is the compound in red blood cells that allows them to carry oxygen. Before its excretion out of the body, bilirubin passes through two phases. In the first phase, bilirubin binds to albumin, which allows it to be carried from the blood and into the liver. Bilirubin in this phase is called “indirect” or “unconjugated” bilirubin. 
In the second phase, bilirubin gets attached to sugar molecules which makes it water-soluble; bilirubin can then be excreted in bile and eliminated in the stool. Bilirubin in this second phase is called “direct” or “conjugated” bilirubin.","يُعتبر البيليروبين أحد الفضلات الناتجة بشكل أساسي عن التفكك الطبيعي للهيموغلوبين وهو المركب الموجود في خلايا الدم الحمراء الذي يسمح لها بنقل الأكسجين، وقبل طرحه من الجسم يمر البيليروبين في مرحلتين، إذ يرتبط في المرحلة الأولى بالألبومين الذي يسمح بنقله من الدم إلى الكبد، ويُسمى في هذه المرحلة بالبيليروبين ""غير المباشر"" أو ""غير المقترن"". وأما في المرحلة الثانية، يرتبط البيليروبين بجزئيات السكر، ما يجعلها قابلة للذوبان في الماء، ومن ثم يُفرز في المرارة ويتم التخلص منه من خلال البراز، ويُسمى في هذه المرحلة بالبيليروبين ""المباشر"" أو المقترن.","Many factors can lead to having high indirect bilirubin levels such as: 
- Excessive exercise 
- Abnormal red blood cell destruction (hemolysis) 
- A reaction to blood transfusion 
- Liver diseases 
- Certain antiviral drugs 
Many factors can lead to having low indirect bilirubin levels such as: 
- Excessive caffeine consumption 
- Certain medications such as NSAIDs","ينجم ارتفاع مستويات البيليروبين غير المباشر عن عدة أسباب، منها: 
 - الإفراط في ممارسة الرياضة. 
 - التكسر غير الطبيعي لخلايا الدم (انحلال الدم). 
 - ردود الفعل التحسسية أثناء نقل الدم. 
 - أمراض الكبد. 
 - بعض الأدوية المضادة للفيروسات. 
 أما انخفاض مستويات البيليروبين فيرجع إلى عدة عوامل، منها: 
 - الإفراط في تناول الكافيين. 
 - بعض أنواع الأدوية مثل مضادات الالتهابات اللاستيرويدية.","In case of high indirect bilirubin levels: 
- Consult your doctor to rule out any underlying conditions 
In case of low indirect bilirubin levels:  
- Consult your doctor to rule out any underlying conditions 
 
*Liver biomarkers are best interpreted in the context of the entire liver profile.","في حال ارتفاع مستويات البيليروبين غير المباشر: 
 - استشر طبيبك لمعرفة الأسباب الكامنة وراء ذلك. 
 أما في حال انخفاض مستويات البيليروبين غير المباشر: 
 - استشر طبيبك لمعرفة الأسباب الكامنة وراء ذلك. 
 
 * من الأفضل تفسير المؤشرات الحيوية للكبد بعد إجراء كافة فحوصات وظائف الكبد.",1,1,1,Normal - range: 0.1 to 1 | Normal - range: 0 to 1.2 | Normal - range: 0 to 1.2 | High - range: 1 to 3.65 | Normal - range: 0.1 to 1 | Low - range: 0 to 0.1 | High - range: 1 to 3.65 | Low - range: 0 to 0.1,1,1,1
19,Total Protein,"The total protein test measures the total amount of both proteins albumin and globulin in your body. It’s used as part of your routine health checkup. It may also be used if you have unexpected weight loss, fatigue, or the symptoms of a kidney or liver disease in the case of which you would have a low level of proteins in your blood. A high level of protein could be due to dehydration or inflammation amongst other reasons.",تحليل البروتين الكلي في الدم هو تحليل يقيس الكمية الكلية لنوعين من البروتينات الموجودة في الدم، وهما بروتين الجلوبيولين، وبروتين الألبومين. توجد العديد من الحالات الطبية التي تؤدي إلى ارتفاع مستوى البروتينات في الدم مثل الورم النقوي المتعدد، أو الاضطرابات الالتهابية، أو الجفاف، كما توجد العديد من الحالات الطبية التي تؤدي انخفاض مستوى البروتينات في الدم، مثل مرض الكلى، أو سوء التغذية، أو أمراض الكبد الحادة.,"Proteins are one of the building blocks of every cell. They also play an important role in many biological processes. Proteins are essential for growth and development, nutrient and hormone transport, and immune function.",تعد البروتينات اللبنات الأساسية لبناء الخلايا، وتؤدي دورًا هامًا في العديد من العمليات الحيوية، كما أنها عنصر أساسي للنمو والتطور، ونقل المواد الغذائية والهرمونات، وتعزيز الوظائف المناعية.,"Many factors can lead to having high proteins levels such as: 
- Dehydration 
- Viral infections 
- Chronic inflammations 
Many factors can lead to having low proteins levels such as: 
- Inadequate diet 
- Gut disorders such as Celiac disease 
- Kidney disease 
- Heart disease 
- Liver disease","ينجم ارتفاع مستويات البروتينات عن عدة أسباب، منها: 
 - الجفاف. 
 - العدوى الفيروسية. 
 - الالتهابات المزمنة. 
 أما انخفاض مستويات البروتينات فيرجع إلى عدة عوامل، منها: 
 - سوء التغذية. 
 - اضطرابات الأمعاء مثل الداء البطني (Celiac disease). 
 - أمراض الكلى. 
 - أمراض القلب. 
 - أمراض الكبد.","In case of high proteins levels: 
- Ensure you are well hydrated 
- Moderate alcohol consumption 
- Consult your doctor to rule out any underlying conditions 
In case of low proteins levels: 
- Consume a healthy and balanced diet 
- Consult your doctor to rule out any underlying conditions 
 
*Liver biomarkers are best interpreted in the context of the entire liver profile.","في حال ارتفاع مستويات البروتينات: 
 - احرص على شرب كمية وافرة من السوائل. 
 - الاعتدال في شرب الكحول. 
 - استشر طبيبك لمعرفة الأسباب الكامنة وراء ذلك. 
 أما في حال انخفاض مستويات البروتينات: 
 - اتبع نظامًا غذائيًا صحيًا ومتوازنًا. 
 - استشر طبيبك لمعرفة الأسباب الكامنة وراء ذلك. 
 
 * من الأفضل تفسير المؤشرات الحيوية للكبد بعد إجراء كافة فحوصات وظائف الكبد.",1,1,1,Low - range: 0 to 5.9 | Normal - range: 5.9 to 8.2 | High - range: 8.2 to 71.8 | Low - range: 0 to 5.9 | Normal - range: 5.9 to 8.2 | High - range: 8.2 to 71.8 | Normal - range: 6.39 to 8.3 | Low - range: 0 to 6.39 | Normal - range: 6.39 to 8.3 | Low - range: 0 to 6.39,1,1,1
20,Omega 3 Omega 6 ratio,"Omega 3 and omega 6 are essential dietary fats that your body cannot produce. While your body needs both omegas to properly function, it is important to maintain a low omega-6 to omega-3 ratio to prevent cardiovascular diseases and cancers amongst other conditions. While omega-3s are known to have anti-inflammatory properties, over-consuming omega-6 can promote inflammation in the body and should be avoided.
This test is included in Valeo’s comprehensive package.",يحتاج الجسك لكلًا من الأوميغا 3 و الأوميغا 6 لتشغيل و عمل أنسجته بشكل طبيعي و يجب الحصول على مصادر لهما بشكل يومي و لكن الفرق بينهما أن الأكثار من تناول الأوميغا 6 يتسبب في إلتهابات الجسم و خطورة على القلب. أن زيادة نسبة الأوميغا 3 إلى الأوميغا 6 يقلل من خطر الاصابة بأمراض القلب و تصلب الشرايين و غيرها.,"Omega 3 and omega 6 and their ratio play an important role in the function of all tissues in the body. Valeo's test checks the ratio and provides a platform for change 
 
This test is included in Valeo’s comprehensive package",يشكل كل من الأوميغا 3 والأوميغا 6 نوعين من الدهون الأساسية التي تندرج تحت فئة الأحماض الدهينة المتعددة غير المشبعة. ونظرًا لأهميتهما البالغة للجسم وعدم قدرته على إنتاجها داخليًا، فينبغي الحصول عليهما من الأطعمة أو المكملات الغذائية لدورهما في إنتاج أنواع أخرى من الدهون ذات الأهمية الحيوية الهامة بالنسبة للجسم لتعزيز الصحة العامة. ويتم احتساب نسبة الأوميغا 3 إلى الأوميغا 6 عبر قسمة مجموع الأحماض الدهنية للأوميغا 3 على مجموع الأحماض الدهنية للأوميغا 6. وبينما تعد دهون أوميغا 6 ذات آثار جانبية قد تسبب الالتهابات، إلا أن دهون أوميغا 3 تؤدي وظائف مضادة للالتهابات في الجسم، وبالتالي يُوصى بأن تكون نسبة الأوميغا 3 إلى الأوميغا 6 مرتفعة بشكل عام.,"Many factors can lead to having high omega 3:omega 6 ratio levels such as: 
- A diet high in omega 3 fats such as fish, nuts, and seeds 
Many factors can lead to having low omega 3:omega 6 ratio levels such as: 
- A diet high in omega 6 fats such as vegetable oils","نجم ارتفاع مستويات نسبة الأوميغا 3 إلى الأوميغا 6 عن عدة أسباب، منها: 
 - اتباع حمية غذائية غنية بدهون الأوميغا 3، مثل السمك والمكسرات والبذور. 
 أما انخفاض مستويات نسبة الأوميغا 3 إلى الأوميغا 6 فيرجع إلى عدة عوامل، منها: 
 - اتباع حمية غذائية غنية بدهون الأوميغا 6 مثل الزيوت النباتية .","In case of high omega 3:omega 6 ratio levels: 
- High levels are usually desirable. Consult your doctor for levels above normal ranges. 
In case of low omega 3:omega 6 ratio levels: 
- Decrease consumption of omega 6 sources such as vegetable oils, processed snacks, and fatty meats 
- Consume foods that are rich in omega 3 such as fatty fish, seafoods, flaxseeds, chia seeds, walnuts, and soybeans","في حال ارتقاع مستويات نسبة الأوميغا 3 إلى الأوميغا 6: 
 - عادةً ما تكون المستويات العالية مرغوبة، ولكن ينبغي استشارةطبيبك عند ارتفاعها عن المستويات الطبيعية. 
 أما في حال انخفاض مستويات نسبة الأوميغا 3 إلى الأوميغا 6: 
 - قلل من استهلاك الأطعمة التي تحتوي على الأوميغا 6 مثل الزيوت النباتية والوجبات الخفيفة المصنعة واللحوم الدهنية. 
 - تناول الأطعمة الغنية بالأوميغا 3 مثل الأسماك الدهنية والأطعمة البحرية وبذور الكتان وبذور الشيا والجوز وفول الصويا.",1,1,1,Low - range: 0 to 1.49 | Normal - range: 1.49 to 3 | Normal - range: 1.49 to 3 | Low - range: 0 to 1.49,1,0,0
21,Magnesium,Magnesium is the fourth most abundant mineral found in our body. It is essential to all living cells and vital for numerous physiological functions in the body and the brain. Over 300 enzymes require the presence of magnesium to function properly so you can begin to see its value in your body.,المغنيسيوم هو رابع أكثر المعادن وفرة في جسم الإنسان. يعد المغنيسيوم معدن مهم، يلعب دورًا في أكثر من 300 تفاعل إنزيم في جسم الأنسان، ويلعب عدة أدوار مهمة في صحة الجسم والدماغ.,"Magnesium is the 4th most abundant mineral in the body. It is required for more than 300 different bodily processes, including the activation of vitamin D. Because of this, a deficiency can wreak havoc on health, including health of the immune system, the nervous system and the heart.",يعد المغنيسيوم رابع أكثر المعادن وفرةً في جسم الإنسان، فهذا العنصر ضروري لأكثر من 300 عملية مختلفة في الجسم، بما في ذلك تنشيط فيتامين (د). لذا قد يتسبب نقص عنصر المغنيسيوم في إلحاق ضرر كبير بصحة الإنسان، بما في ذلك التأثير على الجهاز المناعيّ والجهاز العصبيّ والقلب.,"Many factors can lead to having high magnesium levels such as: 
- Supplementation 
- Kidney disease 
Many factors can lead to having low magnesium levels such as: 
- Low dietary intake 
- Stress","ينجم ارتفاع مستويات المغنيسيوم في الجسم عن عدة أسباب، منها: 
 - تناول المكملات. 
 - أمراض الكلى. 
 أما انخفاض مستويات المغنيسيوم في الجسم فيرجع إلى عدة عوامل، منها: 
 - سوء التغذية. 
 - التوتر.","In case of high magnesium levels: 
- Consult your doctor to rule out any underlying conditions 
In case of low magnesium levels: 
- Consume magnesium rich foods such as spinach, nuts, and seeds 
- Consider coaching for stress management","في حال ارتفاع مستويات المغنيسيوم في الجسم: 
 - استشر طبيبك لمعرفة الأسباب الكامنة وراء ذلك. 
 أمّا في حال انخفاض مستويات المغنيسيوم في الجسم: 
 - تناول الأطعمة الغنية بعنصر المغنيسيوم مثل السبانخ والمكسرات والحبوب. 
 - احرص على حضور تدريبات للتعامل مع التوتر.",1,1,1,Low - range: 0 to 1.5 | Normal - range: 1.6 to 2.3 | Normal - range: 1.6 to 2.3 | Low - range: 0 to 1.6 | Low - range: 0 to 1.6 | High - range: 2.6 to 4.5 | Normal - range: 1.5 to 2.6 | High - range: 2.6 to 4.5 | Normal - range: 1.5 to 2.6 | Low - range: 0 to 1.5,1,1,1
22,"Thyroid Profile - Triiodothyronine, Free (FT3)","T3, short for triiodothyronine, is a hormone that is produced by the thyroid gland. It has a variety of functions in the body, such as regulating heart rate, body temperature, and metabolism.",هرمون (T3) هو اختصار لهرمون ثلاثي اليودوثيرونين وهو أحد الهرمونات التي تفرزها الغدة الدرقية، حيث يؤدي هذا الهرمون العديد من الوظائف في الجسم، منها تنظيم معدّل نبضات القلب، وتنظيم درجة حرارة الجسم، وتنظيم عملية الأيض.,"T3, short for triiodothyronine, is a hormone that is produced by the thyroid gland. It has a variety of functions in the body, such as regulating heart rate, body temperature, and metabolism.",هرمون (T3) هو اختصار لهرمون ثلاثي اليودوثيرونين وهو أحد الهرمونات التي تفرزها الغدة الدرقية، حيث يؤدي هذا الهرمون العديد من الوظائف في الجسم، منها تنظيم معدّل نبضات القلب، وتنظيم درجة حرارة الجسم، وتنظيم عملية الأيض.,"Many factors can to having high T3 levels such as:  
- Disorders of the thyroid gland 
- High levels of protein in the blood 
- Iodine excess 
- Excessive dose of thyroid replacement therapy 
- Disorders of the pituitary gland 
- Certain medications 
Many factors can to having low T3 levels such as:  
- Disorders of the thyroid gland 
- Disorders of the pituitary gland 
- Inadequate diet or fasting 
- Iodine deficiency 
- Chronic illness","ينجم ارتفاع مستوى إفراز هرومن ثلاثي اليودوثيرونين (T3) عن عدة أسباب، منها: 
 - اضطرابات الغدة الدرقية. 
 - ارتفاع مستويات البروتين في الدم. 
 - زيادة عنصر اليود. 
 - تناول جرعة زائدة من بديل هرمون الغدة الدرقية. 
 - اضطرابات الغدة النخامية. 
 - بعض أنواع الأدوية. 
 أما انخفاض مستوى إفراز هرومن ثلاثي اليودوثيرونين (T3) فيرجع إلى عدة عوامل، منها: 
 - اضطرابات الغدة الدرقية. 
 - اضطرابات الغدة النخامية. 
 - نقص التغذية أو الصيام لساعات طويلة. 
 - نقص عنصر االيود. 
 - الأمراض المزمنة.","In case of high T3 levels: 
- Consume a healthy and balanced diet low in iodine which can be found in fish, seaweed, seafood, milk and dairy products, egg yolk, and iodized salt 
- Consult your doctor to identify the underlying reason 
In case of low T3 levels: 
- Consume a healthy and balanced diet rich in iodine which can be found in fish, seaweed, seafood, milk and dairy products, egg yolk, and iodized salt 
- Consult your doctor to identify the underlying reason","في حال ارتفاع مستوى هرومن ثلاثي اليودوثيرونين (T3) : 
 - اتبع نظامًا غذائيًّا صحيًا ومتوازنًا يحتوي على نسبة قليلة من عنصر اليود الذي يُوجد في بعض الأطعمة مثل الأسماك والأعشاب البحرية والحليب ومنتجات الألبان وصفار البيض والملح المُعزَّز باليود. 
 - استشر طبيبك لمعرفة الأسباب الكامنة وراء ذلك. 
 أمّا في حال انخفاض مستوى هرومن ثلاثي اليودوثيرونين (T3) : 
 - اتبع نظامًا غذائيًّا صحيًا متوازنًا وغنيًا بعنصر اليود الذي يُوجد في بعض الأطعمة مثل الأسماك والأعشاب البحرية والحليب ومنتجات الألبان وصفار البيض والملح المُعزَّز باليود. 
 - استشر طبيبك لمعرفة الأسباب الكامنة وراء ذلك.",1,1,1,Low - range: 0 to 0.1 | Normal - range: 0.1 to 0.44 | Low - range: 0 to 0.1 | Normal - range: 0.1 to 0.44 | Low - range: 0 to 0.1 | Normal - range: 0.1 to 0.53 | Normal - range: 0.1 to 0.53 | Low - range: 0 to 0.1,1,1,1
23,"Thyroxine, Free (FT4)","T4, also called thyroxine, is the main form of thyroid hormone made by the thyroid gland. Most T4 is bound to proteins, while a small proportion is unbound, or free. Free T4 testing measures T4 that circulates through the blood and is available to enter body tissues and act upon them.",يُعرف هرومون الثايروكسن أيضًا بـ (T4) وهو الهرمون الرئيسي الذي تفرزه الغدة الدرقية، حيث تتحد نسبة كبيرة من هرمون الثايروكسين مع البروتينات، بينما تظل نسبة ضئيلة غير متحدة مع البروتينات أو توجد بشكل حرّ. ويقيس فحص (T4) نسبة هرمون الثايروكسين في الدم الموجود للدخول إلى أنسجة الجسم والعمل وفقًا لذلك.,"T4, also called thyroxine, is the main form of thyroid hormone made by the thyroid gland. Most T4 is bound to proteins, while a small proportion is unbound, or free. Free T4 testing measures T4 that circulates through the blood and is available to enter body tissues and act upon them.",يُعرف هرومون الثايروكسن أيضًا بـ (T4) وهو الهرمون الرئيسي الذي تفرزه الغدة الدرقية، حيث تتحد نسبة كبيرة من هرمون الثايروكسين مع البروتينات، بينما تظل نسبة ضئيلة غير متحدة مع البروتينات أو توجد بشكل حرّ. ويقيس فحص (T4) نسبة هرمون الثايروكسين في الدم الموجود للدخول إلى أنسجة الجسم والعمل وفقًا لذلك.,"Many factors can to having high T4 levels such as:  
- Disorders of the thyroid gland 
- High levels of protein in the blood 
- Iodine excess 
- Excessive dose of thyroid replacement therapy 
- Disorders of the pituitary gland 
- Certain medications 
Many factors can to having low T4 levels such as:  
- Disorders of the thyroid gland 
- Disorders of the pituitary gland 
- Inadequate diet or fasting 
- Iodine deficiency 
- Chronic illness","ينجم ارتفاع مستوى إفراز هرمون الثايروكسين (T4) عن عدة أسباب، منها: 
 - اضطرابات الغدة الدرقية 
 - ارتفاع مستويات البروتين في الدم 
 - زيادة عنصر اليود 
 - تناول جرعة زائدة من بديل هرمون الغدة الدرقية 
 - اضطرابات الغدة النخامية 
 - بعض أنواع الأدوية 
 أما انخفاض مستوى إفراز هرمون الثايروكسين (T4) فيرجع إلى عدة عوامل، منها: 
 - اضطرابات الغدة الدرقية 
 - اضطرابات الغدة النخامية 
 - نقص التغذية أو الصيام لساعات طويلة 
 - نقص عنصر االيود 
 - الأمراض المزمنة","In case of high T4 levels: 
- Consume a healthy and balanced diet low in iodine which can be found in fish, seaweed, seafood, milk and dairy products, egg yolk, and iodized salt 
- Consult your doctor to identify the underlying reason 
In case of low T4 levels: 
- Consume a healthy and balanced diet rich in iodine which can be found in fish, seaweed, seafood, milk and dairy products, egg yolk, and iodized salt 
- Consult your doctor to identify the underlying reason.","في حال ارتفاع مستوى هرمون الثايروكسين (T4) : 
 - اتبع نظامًا غذائيًّا صحيًا ومتوازنًا يحتوي على نسبة قليلة من عنصر اليود الذي يُوجد في بعض الأطعمة مثل الأسماك والأعشاب البحرية والحليب ومنتجات الألبان وصفار البيض والملح المُعزَّز باليود. 
 - استشر طبيبك لمعرفة الأسباب الكامنة وراء ذلك. 
 أمّا في حال انخفاض مستوى هرمون الثايروكسين (T4) : 
 - اتبع نظامًا غذائيًّا صحيًا متوازنًا وغنيًا بعنصر اليود الذي يُوجد في بعض الأطعمة مثل الأسماك والأعشاب البحرية والحليب ومنتجات الألبان وصفار البيض والملح المُعزَّز باليود. 
 - استشر طبيبك لمعرفة الأسباب الكامنة وراء ذلك.",1,1,1,Normal - range: 0.7 to 1.79 | Normal - range: 0.7 to 1.79 | Low - range: 0 to 0.7 | Low - range: 0 to 0.7 | Normal - range: 0.8 to 1.75 | Low - range: 0 to 0.8 | High - range: 1.75 to 24.8 | Normal - range: 0.8 to 1.75 | Low - range: 0 to 0.8 | High - range: 1.75 to 24.8,1,1,1
24,Thyroid Profile - Thyroid Stimulating Hormone (TSH),"Thyroid stimulating hormone (TSH) also known as thyrotropin is produced by the pituitary gland in the brain. The main purpose of TSH is to stimulate the thyroid gland to produce the main thyroid hormones: T4 (thyroxine) and T3 (triiodothyronine). The thyroid gland is responsible for multiple bodily functions including cardiac function, energy expenditure, temperature, muscle status and fat metabolism.",تعمل العدة النخامية الموجودة في الدماغ على إنتاج الهرمون المنبه للغدة الدرقية المعروف أيضًا باسم (ثيروتروبين)، وتكمن الوظيفة الأساسية لهذا الهرمون في تنبيه الغدة الدرقية للإنتاج الهرمونات الأساسية التي تفرزها بما في ذلك الثايروكسن (T4) ويودوثيرونين (T3).وللغدة الدرقية العديد من الوظائف في الجسم، منها وظائف القلب واستهلاك الطاقة ودرجة حرارة الجسم وحالة العضلات وعملية الأيض.,"Thyroid stimulating hormone (TSH) also known as thyrotropin is produced by the pituitary gland in the brain. The main purpose of TSH is to stimulate the thyroid gland to produce the main thyroid hormones: T4 (thyroxine) and T3 (triiodothyronine). The thyroid gland is responsible for multiple bodily functions including cardiac function, energy expenditure, temperature, muscle status and fat metabolism.",تعمل العدة النخامية الموجودة في الدماغ على إنتاج الهرمون المنبه للغدة الدرقية المعروف أيضًا باسم (ثيروتروبين)، وتكمن الوظيفة الأساسية لهذا الهرمون في تنبيه الغدة الدرقية للإنتاج الهرمونات الأساسية التي تفرزها بما في ذلك الثايروكسن (T4) ويودوثيرونين (T3).وللغدة الدرقية العديد من الوظائف في الجسم، منها وظائف القلب واستهلاك الطاقة ودرجة حرارة الجسم وحالة العضلات وعملية الأيض.,"Many factors can to having high TSH levels such as:  
- Disorders of the thyroid gland 
- Excess weight 
- Iodine deficiency or excess 
- Disorders of the pituitary gland 
- Aging 
- Certain medications 
Many factors can to having low TSH levels such as:  
- Disorders of the thyroid gland 
- Disorders of the pituitary gland 
- Disorders of the hypothalamus 
- Excessive dose of thyroid medication 
- Chronic illness 
- Smoking 
- Pregnancy 
- Testing after a meal","ينجم ارتفاع مستوى إفراز الهرمون المنبه للغدة الدرقية عن عدة أسباب، منها: 
 - اضطرابات الغدة الدرقية. 
 - السُمنة. 
 - نقص عنصر اليود أو زيادته. 
 - اضطرابات الغدة النخامية. 
 - تقدم العمر. 
 - بعض أنواع الأدوية . 
 أما انخفاض مستوى إفراز الهرمون المنبه للغدة الدرقية فيرجع إلى عدة عوامل، منها: 
 - اضطرابات الغدة الدرقية. 
 - اضطرابات الغدة النخامية. 
 - اضطرابات ما تحت المهاد. 
 - تناول جرعة زائدة من أدوية الغدة الدرقية. 
 - الأمراض المزمنة. 
 - التدخين. 
 - الحمل. 
 - إجراء التحاليل والفحوصات بعد تناول الطعام مباشرةً.","In case of high TSH levels: 
- Consider zinc, selenium, and vitamin B12 supplementation under professional supervision 
- Maintain a healthy weight 
- Consult your doctor to identify the underlying reason 
In case of low TSH levels: 
- Quit smoking 
- Consult your doctor to identify the underlying reason","في حال ارتفاع مستوى إفراز الهرمون المنبه للغذة الدرقية : 
 - تناول مكملات الزنك والسيلينيوم وفيتامين (ب6) تحت اشراف متخصصّ. 
 - حافظ على وزن صحيّ. 
 - استشر طبيبك لمعرفة الأسباب الكامنة وراء ذلك. 
 أمّا في حال انخفاض مستوى إفراز الهرمون المنبه للغذة الدرقية: 
 - أقلع عن التدخين. 
 - استشر طبيبك لمعرفة الأسباب الكامنة وراء ذلك.",1,1,1,Normal - range: 0.27 to 5.6 | Normal - range: 0.27 to 5.6 | Low - range: 0 to 0.27 | Low - range: 0 to 0.27 | High - range: 4.9 to 110 | Normal - range: 0.35 to 4.9 | Low - range: 0 to 0.35 | High - range: 4.9 to 110 | Normal - range: 0.35 to 4.9 | Low - range: 0 to 0.35,1,1,1
25,Total Testosterone,"Testosterone is an androgen (sex hormone) produced by both males and females where males naturally produce it in higher amounts. Testosterone is widely associated with sexual function, however it does play a significant role in regulating other major bodily functions.",يفرز هرمون التستستيرون لدى كلا الجنسين ولكن بكميات أكبر بكثير لدى الرجال، وهو المسؤول عن العلامات الجنسية الثانوية، مثل: تغيير الصوت، وكثرة الشعروكذلك إنتاج الحيوانات المنوية كما وأنه مرتبط بوظائف جسدية أخرى.,"Testosterone is the primary male sex hormone and is responsible of a number of bodily functions such as the development of male characteristics, muscle and bone strength, sperm production, and libido (sex drive). This test measures the amount of total testosterone in the blood.This test is included in Valeo’s comprehensive package",يعد التستوستيرون الهرمون الجنسي الأساسي للذكور والمسؤول عن عدد من وظائف الجسم مثل تطوير الخصائص الذكورية وتقوية العضلات والعظام وإنتاج الحيوانات المنوية وتحفيز الرغبة الجنسية (الدافع الجنسي). ويقيس هذا الفحص كمية هرمون التستوستيرون في الدم.,"Many factors can lead to having high testosterone levels such as: 
- Steroid abuse 
- Adrenal tumors or tumors of the testicles or ovaries  
- A condition known as adrenal hyperplasia 
- Polycystic ovary syndrome 
Many factors can lead to having low testosteronelevels such as: 
- Growing old  
- Adopting unhealthy habits such as smoking  
- Excess weight or underweight below the normal level 
- Pituitary or hypothalamic disorders 
- Infection 
- Immune diseases 
- Hemochromatosis (iron hoarding) 
- Serious illnesses or major surgeries 
- Extreme tension","ينجم ارتفاع مستويات هرمون التستوستيرون عن عدة أسباب، منها: 
 - تعاطي الستيرويدات. 
 - الأورام الكظرية أو أورام الخصيتين أو المبايض. 
 - حالة تُعرف باسم تضخم الغدة الكظرية. 
 - متلازمة تكيس المبايض. 
 أما انخفاض مستويات هرمون التستوستيرون فيرجع إلى عدة عوامل، منها: 
 - تقدم العمر. 
 - اتباع عادات غير صحية مثل التدخين. 
 - الوزن الزائد أو نقص الوزن دون المستوى الطبيعي. 
 - اضطرابات الغدة النخامية أو الهايبوتلاموس. 
 - بعض أنواع العدوى. 
 - بعض أمراض المناعة. 
 - ترسب الأصبغة الدموية (اكتناز الحديد). 
 - الأمراض الخطيرة أو العمليات الجراحية الكبرى. 
 - التوتر الشديد.","In case of high testosterone levels: 
- Consult your doctor to rule out any underlying conditions 
- Maintain a healthy weight 
In case of low testosterone levels: 
- Quit smoking 
- Engage in regular physical activity 
- Consume a healthy and balanced diet rich in protein  
- Consider coaching for stress management and improvement of sleep quality 
- Consider vitamin D supplementation (if deficient) under professional supervision 
- Consult your doctor to rule out any underlying conditions","في حال ارتفاع مستويات هرمون التستوستيرون: 
 - استشر طبيبك لمعرفة الأسباب الكامنة وراء ذلك. 
 - حافظ على وزن صحي. 
 أما في حال انخفاض مستويات هرمون التستوستيرون: 
 - أقلع عن التدخين. 
 - مارس النشاط البدني بانتظام. 
 - اتبع نظامًا صحيًا ومتوازنًا وغنيًا بالبروتين. 
 - استشر مدرب صحي للتدرب على التعامل مع التوتر و تحسين جودة النوم. 
 - تناول المكملات الغذائية لفيتامين د (في حال نقصه)تحت اشراف متخصص. 
 - استشر طبيبك لمعرفة الأسباب الكامنة وراء ذلك.",1,1,1,Normal - range: 2.3 to 10 | Low - range: 0 to 2.3 | High - range: 7.41 to 742 | High - range: 0.92 to 7.41 | Normal - range: 0 to 0.92 | High - range: 7.41 to 742 | Normal - range: 1.92 to 7.41 | Low - range: 0 to 1.92 | High - range: 0.7 to 100 | Normal - range: 0.07 to 0.7 | Low - range: 0 to 0.07 | High - range: 10 to 100,1,1,1
26,Male Hormone Profile - Sex Hormone Binding Globulin (SHGB),"Sex hormone-binding globulin (SHBG), also known as testosterone-binding globulin, is a protein that binds to sex hormones and carries them through the blood.",يُعرف الغلوبولين الرابط بالهرمون الجنسي أيضًا باسم الهرمون الرابط بالتستوستيرون، وهو بروتين يرتبط بالهرومونات الجنسية وينقلها من خلال الدم.,"Sex hormone-binding globulin (SHBG), also known as testosterone-binding globulin, is a protein that binds to sex hormones and carries them through the blood.",يُعرف الغلوبولين الرابط بالهرمون الجنسي أيضًا باسم الهرمون الرابط بالتستوستيرون، وهو بروتين يرتبط بالهرومونات الجنسية وينقلها من خلال الدم.,"Many factors can lead to having high SHBG levels such as: 
- Liver disease 
- Disorders of the thyroid gland 
- Disorders of the pituitary gland 
- Certain medications 
Many factors can lead to having low SHBG levels such as: 
- Polycystic Ovary Syndrome (PCOS) 
- High prolactin levels 
- High blood sugar levels  
- High insulin levels 
- High testosterone levels 
- Disorders of the thyroid gland 
- Inflammation 
- Certain medications","نجم ارتفاع مستويات الغلوبولين الرابط بالهرمون الجنسي عن عدة أسباب، منها: 
 - أمراض الكبد. 
 - اضطرابات الغدة الدرقية. 
 - اضطرابات الغدة النخامية. 
 - تناول بعض الأدوية. 
 أما انخفاض مستويات الغلوبولين الرابط بالهرمون الجنسي فيرجع إلى عدة عوامل، منها: 
 - متلازمة تكيس المبايض. 
 - ارتفاع مستويات البرولاكتين. 
 - ارتفاع مستويات السكر في الدم. 
 - ارتفاع مستويات الإنسولين. 
 - ارتفاع مستويات هرمون التستوستيرون. 
 - اضطرابات الغدة الدرقية. 
 - الالتهابات. 
 - بعض أنواع الأدوية.","In case of high SHBG levels: 
- Maintain a healthy weight 
- Consult your doctor to identify the underlying reason 
In case of low SHBG levels: 
- Maintain a healthy weight 
- Engage in regular physical activity 
- Consult your doctor to identify the underlying reason","في حال ارتفاع مستويات الغلوبولين الرابط بالهرمون الجنسي: 
 - حافظ على وزن صحي. 
 - استشر طبيبك لمعرفة الأسباب الكامنة وراء ذلك. 
 في حال انخفاض مستويات الغلوبولين الرابط بالهرمون الجنسي: 
 - حافظ على وزن صحي. 
 - مارس النشاط البدني بانتظام. 
 -استشر طبيبك لمعرفة الأسباب الكامنة وراء ذلك.",1,1,1,High - range: 76.7 to 0 | Normal - range: 20.6 to 76.7 | Low - range: 0 to 20.5 | Low - range: 0 to 19.7 | High - range: 76.7 to 0 | Normal - range: 20.6 to 76.7 | Low - range: 0 to 20.5 | Normal - range: 19.7 to 155.2 | Normal - range: 13.4 to 89 | Low - range: 0 to 13.4,1,1,1
27,Male Hormone Profile - Free Androgen Index (FAI),The free androgen index is a measure of the biologically active testosterone in the blood. It is a ratio of the total testosterone to the level of sex hormone-binding globulin (SHBG).,يقيس تحليل مؤشرالأندروجين الحر حجم التستوستيرون النشط بيولوجيًا في الدم، ويمثل هذا المقياس نسبة التستوستيرون الكلية إلى مستوى الجلوبولين الرابط بالهرمون الجنسي.,The free androgen index is a measure of the biologically active testosterone in the blood. It is a ratio of the total testosterone to the level of sex hormone-binding globulin (SHBG).,يقيس تحليل مؤشرالأندروجين الحر حجم التستوستيرون النشط بيولوجيًا في الدم، ويمثل هذا المقياس نسبة التستوستيرون الكلية إلى مستوى الجلوبولين الرابط بالهرمون الجنسي.,"Many factors can lead to having high FAI levels such as: 
- Polycystic Ovary Syndrome (PCOS) 
- Testicular injury 
Many factors can lead to having low FAI levels such as: 
- Hypogonadism 
- Testicular injury 
- Diabetes 
- Excess weight 
- Liver disease 
- Kidney disease","نجم ارتفاع مستويات مؤشر الأندروجين الحر عن عدة أسباب، منها: 
 - متلازمة تكيس المبايض. 
 - إصابات الخصيتين. 
 أما انخفاض مستويات مؤشر الأندروجين الحر فيرجع إلى عدة عوامل، منها: 
 - قصور الغدد التناسلية. 
 - إصابات الخصيتين. 
 - السكري. 
 - الوزن الزائد. 
 - أمراض الكبد. 
 - أمراض الكلى.","In case of high FAI levels: 
- Maintain a healthy weight 
- Consult your doctor to identify the reason 
In case of low FAI levels: 
- Maintain a healthy weight 
- Consult your doctor to identify the reason","في حال ارتفاع مستويات مؤشرالأندروجين الحر: 
 - حافظ على وزن صحي. 
 - استشر طبيبك لمعرفة الأسباب الكامنة وراء ذلك. 
 أما في حال انخفاض مستويات مؤشرالأندروجين الحر: 
 - حافظ على وزن صحي. 
 - استشر طبيبك لمعرفة الأسباب الكامنة وراء ذلك.",1,1,1,Low - range: 0 to 23 | Normal - range: 23 to 150 | Low - range: 0 to 0.14 | Normal - range: 0.14 to 7 | Normal - range: 30 to 150 | Low - range: 0 to 30 | Normal - range: 30 to 150 | Low - range: 0 to 30,1,1,1
28,Follicle Stimulating Hormone (FSH),"Follicle-stimulating hormone (FSH) is a female sex hormone secreted by the pituitary gland. In females, FSH is important for growth and development during puberty and for proper functioning of the ovaries.
In males, FSH acts on the testes to stimulate sperm production and promote testicular growth.",يُفرز هذا الهرمون من الغدة النخامية، و يلعب دورًا مهمًا في النمو وتطور الأداء الجنسي خلال مرحلة البلوغ، وتحديدًا اكتمال وظائف المبايض للإناث، وتحفيز إنتاج الحيوانات المنوية وتعزيز نمو الخصيتين عند الذكور.,"Follicle-stimulating hormone (FSH) is a female sex hormone secreted by the pituitary gland. In females, FSH is important for growth and development during puberty and for proper functioning of the ovaries. 
In males, FSH acts on the testes to stimulate sperm production and promote testicular growth.",يُفرز هذا الهرمون من الغدة النخامية، و يلعب دورًا مهمًا في النمو وتطور الأداء الجنسي خلال مرحلة البلوغ، وتحديدًا اكتمال وظائف المبايض للإناث، وتحفيز إنتاج الحيوانات المنوية وتعزيز نمو الخصيتين عند الذكور.,"Many factors can lead to having high FSH levels such as: 
- Polycystic Ovary Syndrome (PCOS) 
- Disorders of the thyroid gland 
- Ovarian issues 
- Menopause 
- Smoking 
- Certain viral infections 
- Low levels of estrogen 
- Ovarian dysfunction 
- Low levels of testosterone in men 
- Certain medications 
Many factors can lead to having low FSH levels such as: 
- Polycystic Ovary Syndrome (PCOS) 
- Ovarian dysfunction 
- Oral contraceptives or hormonal drugs 
- Disorders of the pituitary or thyroid gland or the hypothalamus 
- Underweight 
- Excessive alcohol consumption 
- Consuming too much soy products 
- High levels of stress","ينجم ارتفاع مستويات الهرمون المحفز للجريب عن عدة أسباب، منها: 
 - متلازمة تكيس المبايض. 
 - اضطرابات الغدة الدرقية. 
 - اضطرابات المبيض. 
 - انقطاع الطمث. 
 - التدخين. 
 - بعض أنواع الالتهبات الفيروسية. 
 - انخفاض مستويات هرمون الإستروجين. 
 - الاختلال الوظيفي للمبيض. 
 - انخفاض مستويات هرمون التستسترون عند الرجال. 
 - بعض الأدوية. 
 أما انخفاض مستويات الهرمون المحفز للجريب فيرجع إلى عدة عوامل، منها: 
 - متلازمة تكيس المبايض. 
 - الاختلال الوظيفي للمبيض. 
 - حبوب منع الحمل أو الأدوية الهرمونية. 
 - اضطرابات الغدة النخامية أو الغدة الدرقية أو الغدة تحت المهاد. 
 - نقص الوزن دون الحد الطبيعي. 
 - الإفراط في شرب الكحول. 
 - تناول الكثير من منتجات الصويا. 
 - التوتر الشديد.","In case of high FSH levels: 
- Consume soy products regularly 
- Quit smoking 
- Engage in weight lifting exercises  
- Consume foods that are rich in omega-3 fats such as nuts, seeds, tuna, and salmon 
- Consider omega-3 supplementation under professional supervision 
- Consult your doctor to identify the underlying reason 
In case of low FSH levels: 
- Maintain a healthy weight 
- Decrease consumption of soy products 
- Moderate alcohol consumption 
- Consider coaching for stress management 
- Consult your doctor to identify the underlying reason","في حال ارتفاع مستويات الهرمون المحفز للجريب: 
 - تناولي منتجات الصويا بانتظام. 
 - أقلعي عن التدخين. 
 - مارسي تمارين رفع الأثقال. 
 - تناولي الأطعمة الغنية بدهون أوميغا 3 مثل المكسرات والحبوب والتونة والسلمون. 
 - تناولي مكملات أوميغا 3 تحت اشراف متخصصّ. 
 - استشيري طبيبك لمعرفة الأسباب الكامنة وراء ذلك. 
 أما في حال انخفاض مستويات الهرمون المحفز للجريب: 
 - حافظي على وزن صحي. 
 - قللي من تناول منتجات الصويا. 
 - اعتدلي في حال شرب الكحول. 
 -استشيري مدرب صحي للتدرب على التعامل مع التوتر. 
 - استشيري طبيبك لمعرفة الأسباب الكامنة وراء ذلك.",1,1,1,Low - range: 0 to 1.6 | Normal - range: 1.6 to 21.5 | Normal - range: 0.9 to 18 | Low - range: 0 to 0.9 | Normal - range: 0.1 to 33.4 | Low - range: 0 to 0.1 | High - range: 18.1 to 182.4 | Normal - range: 0.9 to 18.1 | Low - range: 0 to 0.9 | High - range: 33.4 to 182.4,1,1,1
29,Prolactin,"Prolactin (PRL) is a hormone produced by pituitary gland which is located below the brain. Prolactin stimulates breast milk production in women after childbirth. It is also has other wide ranging functions in the body from acting on the reproductive system, to influencing behavior and regulating the immune system.",البرولاكتين أو ما يعرف بإسم هرمون الحليب ينتج من الغدة النخامية في الدماغ بشكل أساسي و هو مسؤول بشكل رئيسي عن تحفيز إنتاج الحليب في ثدي الأم بعد الولادة. يلعب البرولاكتين ايضا دورا مهما في تنظيم سلوك الفرد و الجهاز المناعي و تنظيم عدد من سوائل الجسم.,"Prolactin (PRL) is a hormone produced by pituitary gland which is located below the brain. Prolactin stimulates breast milk production in women after childbirth. It is also has other wide ranging functions in the body from acting on the reproductive system, to influencing behavior and regulating the immune system.This test is included in Valeo's comprehensive package",البرولاكتين أو ما يعرف بإسم هرمون الحليب ينتج من الغدة النخامية في الدماغ بشكل أساسي و هو مسؤول بشكل رئيسي عن تحفيز إنتاج الحليب في ثدي الأم بعد الولادة. يلعب البرولاكتين ايضا دورا مهما في تنظيم سلوك الفرد و الجهاز المناعي و تنظيم عدد من سوائل الجسم.,"Many factors can lead to having high prolactin levels such as: 
- Disorders of the pituitary or thyroid glands 
- Pregnancy or breastfeeding 
- Polycystic Ovary Syndrome (PCOS) 
- Kidney disease 
- Liver disease 
- Certain medications 
- Stress 
Many factors can lead to having low prolactin levels such as: 
- Disorders of the pituitary gland 
- Head injury 
- Certain infections","ينجم ارتفاع مستويات البرولاكتين عن عدة أسباب، منها: 
 - اضطرابات الغدة النخامية أو الغدة الدرقية. 
 - الحمل أو الرضاعة. 
 - متلازمة تكيس المبايض. 
 - أمراض الكلى. 
 - أمراض الكبد. 
 - بعض الأدوية. 
 - التوتر. 
 أما انخفاض مستويات البرولاكتين فيرجع إلى عوامل، منها: 
 - اضطرابات الغدة النخامية. 
 - إصابات الرأس. 
 - بعض أنواع الالتهابات.","In case of high prolactin levels: 
- Consume food that are rich in zinc and vitamin B6 such as meats, shellfish, fruits, and vegetables (dark leafy greens, bananas, papayas, oranges, and cantaloupe) 
- Consider coaching for stress management 
- Consult your doctor to identify the underlying reason 
In case of low prolactin levels: 
- Consume foods that aid with lactation such as spinach, oatmeal, nuts, seeds, ginger, asparagus, and brewer's yeast 
- Consult your doctor to identify the underlying reason","في حال ارتفاع مستويات البرولاكتين: 
 - تناولي الأطعمة الغنية بالزنك وفيتامين (ب6)، مثل: اللحوم والمحار والفواكه والخضروات (الخضروات الورقية الداكنة والموز والبابايا والبرتقال والشمام). 
 -استشيري مدرب صحي للتدرب على التعامل مع التوتر. 
 - استشيري طبيبك لمعرفة الأسباب الكامنة وراء ذلك. 
 أما في حال انخفاض مستويات البرولاكتين: 
 - تناولي الأطعمة التي تساعد على الإرضاع مثل السبانخ ودقيق الشوفان والمكسرات والحبوب والزنجبيل والهليون وخميرة البيرة. 
 - استشيري طبيبك لمعرفة الأسباب الكامنة وراء ذلك.",1,1,1,High - range: 650 to 6250 | Normal - range: 127 to 650 | Low - range: 0 to 127 | Normal - range: 132 to 498 | Low - range: 0 to 132 | High - range: 636.17 to 6250 | Normal - range: 59.56 to 636.17 | Low - range: 0 to 59.56 | High - range: 455.32 to 6250 | Normal - range: 44.67 to 455.32 | Low - range: 0 to 44.67,1,1,1
31,Cortisol,"Cortisol is a steroid hormone primarily produced in response to stress and is essential for maintaining health and wellbeing. It also influences your sleep and waking cycle and may impact your body composition, immune function, and libido (sexual drive).","الكورتيزول هو هرمون سترويدي مسؤول بشكل أساسي عن عمليات الأيض في الجسم، ويتم إطلاقه كرد فعل في حالات الضغط. إضافة إلى ذلك, يرطبت الكورتيزول بتركيب الجسم و دورة النوم والاستيقاظ وعمل الجهاز المناعي والرغبة الجنسية.","Cortisol is a steroid hormone produced in response to stress and is essential for maintaining health and wellbeing. It also influences your sleep and waking cycle and may impact your body composition and libido. In addition, long term elevated Cortisol can lead to loss of enthusiasm and lust for life.",يُفرزهرمون الكورتيزول استجابةً للتوتر، وهو أحد الهرمونات الستيرودية التي تعد ضرورية للحفاظ على صحة الجسم. ويؤثر هذا الهرمون على دورة النوم والاستيقاظ، وقد يؤثر على تركيب الجسم والرغبة الجنسية، كما قد يؤدي ارتفاع مستويات هرمون الكورتيزول على المدى الطويل إلى فقدان الحماس والرغبة في الحياة.,"Many factors can lead to having high cortisol levels such as: 
- Chronic stress 
- Overactive adrenal or pituitary glands 
Many factors can lead to having low cortisol levels such as: 
- Disorders of the adrenal glands 
- Certain antifungal medications","ينجم ارتفاع مستويات الكورتيزول عن عدة أسباب، منها: 
 - القلق المزمن. 
 - فرط نشاط الغدة الدرقية أو النخامية. 
 أما انخفاض مستويات الكورتيزول فيرجع إلى عوامل، منها: 
 - اضطرابات الغدة الكظرية. 
 - بعض الأدوية المضادة للفطريات.","In case of high cortisol levels: 
- Consider coaching for stress management, time management, financial management, or relationship management. 
- Eat a nutritious and balanced diet 
- Plan your meals 
- Engage in relaxing activities such as outdoor walk, yoga, or meditation 
In case of low cortisol levels:  
- Consult your doctor to identify the underlying reason","في حال ارتفاع مستويات الكورتيزول: 
 - -استشرمدرب صحي للتدرب على التعامل مع التوتر، أو لإدارة الوقت، أو الإدارة المالية، أو إدارة العلاقات. 
 - اتبع نظام غذائي صحي ومتوازن. 
 - نظم وجباتك. 
 - احرص على ممارسة تمارين الاسترخاء مثل المشي في الهواء الطلق أو ممارسة اليوغا أو التأمل. 
 
 أما في حال انخفاض مستويات الكورتيزول: 
 - استشر طبيبك لمعرفة الأسباب الكامنة وراء ذلك.",1,1,1,Low - range: 0 to 4.2 | Low - range: 0 to 4.2 | High - range: 22.4 to 0 | Normal - range: 4.2 to 22.4 | Low - range: 0 to 4.2 | High - range: 22.4 to 0 | Normal - range: 4.2 to 22.4 | Low - range: 0 to 4.2 | Normal - range: 4.2 to 22.5 | Normal - range: 4.2 to 22.5,1,1,1
32,TG / HDL Ratio,"Triglycerides (TG)/high-density lipoprotein (HDL) cholesterol ratio is a marker of small/dense lipoprotein particles, which might be closely related to your heart's health. A high ratio may indicate the presence of various metabolic and vascular diseases. 
This ratio is generally regarded as a better indicator of measuring the impact of cholesterol on your body, rather than just simply checking your cholesterol levels or using other traditional methods.","يمثل هذا المعدل المحتسب نسبة الدهون الثلاثية على نسبة كوليستيرول البروتين الدهني العالي الكثافة (الكوليسترول الجيد). يدل ارتفاع هذه النسبة على احتمال الإصابة بعدد من أمراض الأوعية الدموية و الأمراض الاستقلابية.
تعتبر هذه النسبة مؤشر أفضل على تأثير الكوليستيرول على صحتك مقارنة بقياس المستوى الإجمالي للكوليستيرول أو الطرق التقليدية الأخرى.","Triglycerides/high-density lipoprotein (HDL) cholesterol ratio is a marker of small/dense lipoprotein particles, which might be closely related to the heart's health. A high ratio is linked to the risk of developing various metabolic and cardiovascular diseases such as diabetes and strokes.","يمثل هذا المعدل المحتسب نسبة الدهون الثلاثية على نسبة كوليسترول البروتين الدهني العالي الكثافة (الكوليسترول الجيد). يدل ارتفاع هذه النسبة على احتمال الإصابة بعدد من أمراض الأوعية الدموية و الأمراض الاستقلابية. 
 تعتبر هذه النسبة مؤشر أفضل على تأثير الكوليستيرول على صحتك مقارنة بقياس المستوى الإجمالي للكوليستيرول أو الطرق التقليدية الأخرى.","Many factors can lead to having high triglyceride/HDL ratio levels such as: 
- Genetics 
- Aging 
- Unhealthy lifestyle habits such as smoking and a diet high in refined carbohydrates (like white bread and sugars) 
- Excess weight 
- Certain medications such as steroids 
Many factors can lead to having low triglyceride/HDL ratio levels (within normal ranges) (desirable) such as: 
- Genetics  
- Consuming a balanced diet and leading a healthy lifestyle","ينجم إرتفاع نسبة الدهون الثلاثية (TG)/البروتين الدهني العالي الكثافة عن عدة أسباب، منها: 
 - إتباع نمط حياة وعادات غذائية غير صحية مثل التدخين وتناول الأطعمة العالية بالدهون ولكربوهيدرات المصنعة بكثرة. 
 - الوزن الزائد. 
 - العمر. 
 أما إنخفاض نسبة الدهون الثلاثية (TG)/البروتين الدهني العالي الكثافة فهو أمر محبب متعلق ب: 
 - عوامل وراثية. 
 - إتباع نظام غذائي ونمط حياة صحيين.","In case of high triglycerides/HDL ratio levels:  
- Consume a healthy diet that is low in cholesterol and simple carbohydrates such as sugar and white flour, and rich in fibers and plant sterols (found in vegetable margarine and nuts) 
- Engage in regular physical activity. The kind that gets your heart pumping is best 
- Maintain a healthy weight Losing even 2 to 5 kilograms can improve your cholesterol levels 
- Quit smoking 
- Consult your doctor for advice on medication 
In case of low triglycerides/HDL ratio levels: 
- Low levels are usually desirable. Consult your doctor in case of levels below normal ranges 
 
*Cholesterol biomarkers are best interpreted in the context of the entire cholesterol profile.","في حال ارتفاع مستويات نسبة الدهون الثلاثية (TG)/البروتين الدهني عالي الكثافة: 
 - اتبع نظامًا غذائيًا صحيًا يحتوي على معدلات منخفضة من الدهون المصنعة والكربوهيدرات البسيطة مثل السكر، وغني بالألياف وستيرول النباتات (الموجود في السمن النباتي والمكسرات). 
 - مارس النشاط البدني بانتظام، مع التركيز على التمارين التي ترفع معدل نبضات القلب وتحسن تدفق الدم. 
 - حافظ على وزن صحي، إذ يمكن لفقدان ما بين 2 إلى 5 كيلوغرامات تحسين مستويات الكوليسترول في الدم. 
 - أقلع عن التدخين. 
 - استشر طبيبك فيما يخص الأدوية. 
 أما في حال انخفاض مستويات نسبة الدهون الثلاثية (TG)/البروتين الدهني العالي الكثافة: 
 - عادةً ما تكون المستويات المنخفضة صحيةً أكثر، ولكن استشر طبيبك في حال انخفاض المستوى عن المعدلات الطبيعية. 
 
 * من الأفضل تفسير المؤشرات الحيوية للكوليسترول بعد إجراء تحليلات شاملة للدهنيات في الدم.",1,1,1,optimal range - range: 0 to 1 | optimal range - range: 0 to 1 | High - range: 2 to 30 | High - range: 2 to 26 | High - range: 2 to 30 | Normal - range: 0 to 2 | Normal - range: 0 to 2 | Normal - range: 0 to 2 | High - range: 2 to 26 | Normal - range: 0 to 2,1,1,1
33,Glomerular Filtration Rate (EGFR),"Glomerular filtration rate (GFR) is a measure of the function of your kidneys. Glomeruli are tiny filters in your kidney that allow waste products to be removed from the blood, while preventing loss of important proteins and blood cells.",حساب معدل الترشيح الكلوي ضروري لتقييم ومتابعة وظائف الكلى بشكل دقيق ولتحديد الجرعة المناسبة من الأدوية أوالمواد الصبغية التي تستعمل في التشخيص ويتخلص منها الجسم عن طريق الكلى.,"Glomerular filtration rate (GFR) is a measure of the kidneys' ability to filter blood. The level of 
creatinine in the blood, age, race, and gender are used to estimate GFR.""",يقيس معدل الترشيح الكلوي قدرة الكلى على تنقية الدم. ويُستخدم كل من مستوى الكرياتينين في الدم بالإضافة إلى العمر والعرق والجنس لتقدير معدل الترشيح الكلوي للشخص.,"Many factors can lead to having high GFR (desirable) levels such as: 
- Pregnancy 
Many factors can lead to having low GFR levels such as: 
- Aging 
- Dehydration 
- High protein intake 
- Long fasting period 
- Bodybuilding and creatine supplementation 
- Kidney disease 
- Certain medications such as NSAIDs and ACE inhibitors","ينجم الارتفاع (المرغوب) في معدل الترشيح الكلوي عن عدة أسباب، منها: 
 - الحمل. 
 أما انخفاض معدل الترشيح الكلوي فيرجع إلى عدة عوامل، منها: 
 - تقدم العمر. 
 - الجفاف. 
 - تناول نسبة عالية من البروتين. 
 - طول مدة الصيام. 
 - مكملات الكرياتين وكمال الأجسام. 
 - أمراض الكلى. 
 - بعض الأدوية مثل مضادات الالتهابات اللاستيرويدية ومثبط إنزيم محول الأنجيوتنسين.","In case of high GFR levels: 
- High levels are usually desirable. Consult your doctor for levels above the normal ranges. 
In case of low GFR levels: 
- Maintain a healthy weight 
- Maintain a healthy blood pressure 
- Quit smoking 
- Avoid foods high in potassium, sodium, and phosphorus. 
- Consider coaching for nutritional advice on kidney-friendly diet 
- Consult your doctor to identify the underlying reason 
 
 *Kidneys biomarkers are best interpreted in the context of the entire kidney profile.","في حال ارتفاع معدل الترشيح الكلوي: 
 - عادةً ما تكون المعدلات المرتفعة للترشيح الكلوي مرغوبة، ولكن استشر طبيبك في حال ارتفاع المعدل عن المعدلات الطبيعية. 
 أما في حال انخفاض معدل الترشيح الكلوي: 
 - حافظ على وزن صحي. 
 - حافظ على مستوى ضغط دم صحي. 
 - أقلع عن التدخين. 
 - تجنب الأطعمة التي تحتوي على نسبة عالية من البوتاسيوم والصوديوم والفوسفور. 
 - احرص على الحصول على المشورة الغذائية بشأن نظام غذائي مناسب للكلى. 
 - استشر طبيبك لمعرفة الأسباب الكامنة وراء ذلك. 
 
 * من الأفضل تفسير المؤشرات الحيوية للكلى بعد إجراء كافة فحوصات وظائف الكلى.",1,1,1,Severe - range: 0 to 30 | Mild-Moderate - range: 30 to 90 | Severe - range: 0 to 30 | Mild-Moderate - range: 30 to 90 | Normal - range: 90 to 150 | Normal - range: 90 to 150 | Low - range: 0 to 90 | High - range: 150 to 350 | High - range: 150 to 350 | Low - range: 0 to 90,1,1,1
34,Estradiol,"Estradiol is a female steroid hormone, produced in the ovaries. Low levels of estradiol in your body can lead to osteoporosis, problems with your menstrual cycle and fertility, as well as fatigue. Estrogen levels also fluctuate at different times of life and can be closely related to your liver function as well.",الإستراديول هوهرمون ستيرويدي و يُعدّ أحد الأشكال الثلاثة لهرمون الإستروجين التي ينتجها المبيضين، ويلعب دورًا رئيسًا في الخصوبة، و تنظيم الدورة الشهرية، والبلوغ عند الاناث. يرتبط انخفاض الاستراديول بهشاشة العظام و تقلبات المزاج و تشمع الكبد. أما ارتفاع مستوياته فهو مرتبط باحساس بالارهاق و التهابات المسالك البولية والاكتئاب. على الرغم من أن هرمون الاستروجين معروف باسم هرمون الجنس الأنثوي ، إلا أنه فعال أيضًا في نمو وتطور الرجال.,"Estradiol is a steroid hormone produced in the ovaries in females but is also found in males. Although estrogen is primarily associated with female development during puberty and the reproductive cycle, it affects everything from bone health to emotional well-being.  
This test is included in Valeo's comprehensive package",الإستراديول هو هرمون ستيرويدي و يُعدّ أحد الأشكال الثلاثة لهرمون الإستروجين التي ينتجها المبيضين، ويلعب دورًا رئيسًا في الخصوبة، و تنظيم الدورة الشهرية، والبلوغ عند الاناث. يرتبط انخفاض الاستراديول بهشاشة العظام و تقلبات المزاج و تشمع الكبد. أما ارتفاع مستوياته فهو مرتبط باحساس بالارهاق و التهابات المسالك البولية والاكتئاب. على الرغم من أن هرمون الاستروجين معروف باسم هرمون الجنس الأنثوي، إلا أنه فعال أيضًا في نمو وتطور الرجال.,"Many factors can lead to having high estradiol levels such as: 
- Certain health conditions such as Polycystic Ovary Syndrome (PCOS), uterine fibroids, and endometriosis 
- Insulin resistance 
- Excess weight 
- Stress 
- Excessive alcohol consumption 
- Intestinal bacteria dysbiosis 
- Exposure to xenoestrogens (chemicals like BPA and phthalates that are present in plastics and certain personal care and hygiene products) 
- Certain medications 
Many factors can lead to having low estradiol levels such as: 
- Aging 
- Extreme dieting or exercising 
- Disorders of the thyroid glands 
- Low functioning pituitary glands","ينجم ارتفاع مستويات الإستراديول عن عدة أسباب، منها: 
 - حالات صحية معينة مثل متلازمة تكيس المبايض، والأورام الليفية الرحمية، وانتباذ بطانة الرحم. 
 - مقاومة الإنسولين. 
 - الوزن الزائد. 
 - التوتر. 
 - الإفراط في شرب الكحول. 
 - اختلال التوازن البكتيري المعوي. 
 - التعرض لمركبات الزينوستروجين (المواد الكيميائية مثل ثنائي الفينول أ، والفثالات الموجودة في البلاستيك وفي بعض منتجات التنظيف والعناية الشخصية). 
 - بعض الأدوية. 
 أما انخفاض مستويات الإسترانيول فيرجع إلى عوامل، منها: 
 - تقدم العمر. 
 - تباع نظام غذائي قاسٍ أو الإفراط في ممارسة الرياضة. 
 - اضطرابات الغدة الدرقية. 
 - ضعف الغدة النخامية.","In case of high estradiol levels: 
- Consume an anti-inflammatory diet rich in fruits, vegetables, and omega-3 fats 
- Consider omega-3 supplementation under professional supervision 
- Maintain a healthy weight 
- Moderate alcohol consumption 
- Avoid xenoestrogens (chemicals like BPA and phthalates that are present in plastics and certain personal care and hygiene products) 
- Consider coaching for stress management 
- Consult your doctor to rule out any underlying conditions 
In case of low estradiol levels: 
- Maintain a healthy weight 
- Consume a balanced diet 
- Decrease the amount of intensive exercise 
- Consult your doctor to rule out any underlying conditions","في حال ارتفاع مستويات الاستراديول: 
 - اتّبعي نظامًا غذائيًا مضادًا للالتهابات غنيًا بالفواكه والخضروات ودهون أوميغا 3. 
 - تناولي مكملات أوميغا 3 تحت اشراف متخصصّ. 
 - حافظي على وزن صحي. 
 - اعتدلي في حال شرب الكحول. 
 - تجنبي مركبات الزينوستروجين (المواد الكيميائية، مثل: ثنائي الفينول أ، والفثالات الموجودة في البلاستيك وفي بعض منتجات التنظيف والعناية الشخصية). 
 -استشيري مدرب صحي للتدرب على التعامل مع التوتر. 
 - استشيري طبيبك لمعرفة الأسباب الكامنة وراء ذلك. 
 أما في حال انخفاض مستويات الاستراديول: 
 - حافظي على وزن صحي. 
 - اتبعي نظامًا غذائيًا متوازنًا. 
 - قللي التمارين الرياضية المكثفة. 
 - استشيري طبيبك لمعرفة الأسباب الكامنة وراء ذلك.",1,1,1,Low - range: 0 to 12.4 | Normal - range: 12.4 to 498 | Normal - range: 6.1 to 91.9 | Low - range: 0 to 6.1 | High - range: 498 to 755 | Normal - range: 12.4 to 498 | Low - range: 0 to 12.4 | High - range: 44 to 755 | Normal - range: 0 to 44,1,1,1
35,HbA1c,HbA1c gives an average indication of glucose levels (a type of sugar) in your blood over a three-month period. This reduces the need for more regular blood glucose readings. Measuring your HbA1c helps in revealing any risk of pre-diabetes and diabetes.,هو نوع من أنواع الهيموجلوبين الذي تتناسب قيمته مع قيمة معدل الجلوكوز في الأشهر الثلاثة الأخيرة قبل فحص قيمته. يعطي هذا التحليل صورة دقيقة لمعدل نسبة السكر بالدم خلال الاشهر الاخيرة ويشكل طريقة جيدة لكشف خطر الاصابة بمرض السكري و لمتابعة مرضى السكري ونجاعة علاجهم.,"HbA1c, or glycated hemoglobin, gives an indication of the average glucose (blood sugar) levels over a three-month period. This test helps revealing any risk for pre-diabetes and diabetes and is used in the management and monitoring of blood sugar levels in diagnosed patients. 
If you have been previously diagnosed as diabetic, a high result may indicate that you have not been able to successfully control your condition through lifestyle changes or medication. Disrupted blood glucose is also a major contributing factor in inflammatory conditions such as arthritis and osteoporosis. This may all result in struggling with mood disorders and energy fluctuations.","هو نوع من أنواع الهيموجلوبين الذي تتناسب قيمته مع قيمة معدل الجلوكوز في الأشهر الثلاثة الأخيرة قبل فحص قيمته. يعطي هذا التحليل صورة دقيقة لمعدل نسبة السكر بالدم خلال الاشهر الاخيرة ويشكل طريقة جيدة لكشف خطر الاصابة بمرض السكري و لمتابعة مرضى السكري ونجاعة علاجهم 
If you have been previously diagnosed as diabetic, a high result may indicate that you have not been able to successfully control your condition through lifestyle changes or medication. Disrupted blood glucose is also a major contributing factor in inflammatory conditions such as arthritis and osteoporosis. This may all result in struggling with mood disorders and energy fluctuations.","Many factors can lead to having high HbA1c levels such as: 
- Pre-diabetes or diabetes 
- Low levels of physical activity 
- Stress 
- Illness, injury, or surgery 
- Pancreatic conditions 
- Gestational diabetes 
- Certain medications such as steroids 
Many factors can lead to having low HbA1c levels such as: 
- Certain conditions that decrease or damage red blood cells such as blood loss/transfusion 
- Excessive alcohol consumption 
- Liver disease 
- Pregnancy 
- Certain medications 
- Certain genetic hemoglobin disorders such as sickle cell anemia and thalassemia","ينجم ارتفاع مستويات الهيموجلوبين السكري عن عدة أسباب ، منها: 
 - مرحلة ما قبل السكري أو ما السكري. 
 - قلة الحركة. 
 - التوتر. 
 - الأمراض أو الإصابات أو عمليات الجراحة. 
 - أمراض البنكرياس. 
 - سكري الحمل. 
 - بعض أنواع الأدوية مثل الستيرويدات. 
 أما انخفاض مستويات الهيموجلوبين السكري فيرجع إلى عدة عوامل، منها: 
 - بعض الحالات التي تسبب فقد خلايا الدم الحمراء أو تلفها مثل فقدان الدم أو نقل الدم. 
 - الإفراط في شرب الكحول. 
 - أمراض الكبد. 
 - الحمل. 
 - بعض أنواع الأدوية. 
 - بعض اضطرابات الهيموجلوبين الوراثية مثل فقر الدم المنجلي والثلاسيميا.","In case of high HbA1c levels: 
- Monitor HbA1c continuously (every 3-6 months) 
- Maintain a healthy weight 
- Quit smoking 
- Moderate alcohol consumption 
- Engage in regular physical activity 
- Limit carbohydrate intake to complex unrefined whole grains and plan your meals 
- Increase fiber intake 
- Consider coaching for nutritional advice 
- Consult your doctor to identify the underlying reason 
In case of low HbA1c levels: 
- Eat at regular times and don't skip meals 
- Moderate alcohol consumption 
- Consult coaching for nutritional advice 
- Consult your doctor to rule out any underlying reasons","في حال ارتفاع مستويات الهيموجلوبين السكري: 
 - احرص على مراقبة مستويات الهيموجلوبين السكري باستمرار (كل 3 إلى 6 أشهر). 
 - حافظ على وزن صحي. 
 - أقلع عن التدخين. 
 - الاعتدال في شرب الكحول. 
 - مارس النشاط البدني بانتظام. 
 - قلل من تناول الكربوهيدرات واستبدلها بالحبوب الكاملة غير المكررة ونظم وجباتك. 
 - تناول كميات أكبر من الألياف. 
 - احرص على الحصول على المشورة الغذائية. 
 - استشر طبيبك لمعرفة الأسباب الكامنة وراء ذلك. 
 أما في حال انخفاض مستويات الهيموجلوبين السكري: 
 - تناول الطعام في أوقات منتظمة ولا تفوت وجبات الطعام. 
 - الاعتدال في شرب الكحول. 
 - احرص على الحصول على المشورة الغذائية. 
 - استشر طبيبك لمعرفة الأسباب الكامنة وراء ذلك.",1,1,1,Non-Diabetic Range - range: 4 to 5.69 | optimal range - range: 4 to 5 | optimal range - range: 4 to 5 | Diabetic Range - range: 6.4 to 12.5 | Prediabetic Range - range: 5.69 to 6.4 | Non-Diabetic Range - range: 4 to 5.69 | Diabetic Range - range: 6.4 to 12.5 | Prediabetic Range - range: 5.69 to 6.4 | Non-Diabetic Range - range: 4 to 5.69 | Diabetic Range - range: 6.4 to 20 | Prediabetic Range - range: 5.69 to 6.4 | Non-Diabetic Range - range: 4 to 5.69 | Diabetic Range - range: 6.4 to 20 | Prediabetic Range - range: 5.69 to 6.4,1,1,1
36,RBC: Hemoglobin,"Hemoglobin is a protein in your red blood cells that carries oxygen to your body's organs and tissues and transports carbon dioxide from your organs and tissues back to your lungs.
If a hemoglobin test reveals that your hemoglobin level is lower than normal, it means you have a low red blood cell count (anemia). Anemia can have many different causes, including vitamin deficiencies, bleeding and chronic diseases.
If a hemoglobin test shows a higher than normal level, there are several potential causes such as living at a high altitude, smoking and dehydration.","الهيموغلوبين عبارة عن بروتين في خلايا الدم الحمراء التي تحمل الأكسجين إلى أعضاء الجسم والأنسجة وينقل ثاني أكسيد الكربون من الأعضاء والأنسجة إلى الرئتين.
إذا كشف اختبار الهيموغلوبين أن نسبة الهيموغلوبين أقل من المعتاد، فهذا يعني أنك تعاني انخفاض عدد خلايا الدم الحمراء (فقر دم). يمكن أن يكون هناك العديد من الأسباب لفقر الدم بما في ذلك نقص الفيتامين والنزيف والأمراض المزمنة.
إذا أظهر اختبار الهيموغلوبين مستوى أعلى من الطبيعي، فهناك العديد من الأسباب المحتملة مثل العيش في ارتفاعات عالية والتدخين والجفاف.",Hemoglobin is an important protein and an essential part of red blood cells that delivers oxygen to all parts of the body.,يعد الهيموجلوبين أحد البروتينات المهم للجسم، كما أنه يشكل عنصرًا أساسيًا لخلايا الدم الحمراء التي تمدّ كافة أعضاء الجسم بالأكسجين اللازم لها.,"Many factors can lead to having high hemoglobin levels such as: 
- High altitude 
- Smoking 
- Dehydration 
- Respiratory and heart disease 
- Kidney disease 
- High levels of testosterone 
Many factors can lead to having low hemoglobin levels such as: 
- Iron deficiency 
- Other nutritional deficiencies including B12, B6, and folate 
- Blood loss  
- Gut disorders that impair absorption 
- Chronic inflammatory diseases 
- Excess weight 
- Abnormal red blood cell destruction 
- Kidney disease 
- Disorders of the thyroid gland 
- Aging 
- Pregnancy 
- Certain medications","ينجم ارتفاع مستويات الهيموجلوبين عن عدة أسباب، منها: 
 - التواجد على ارتفاعات عالية. 
 - التدخين. 
 - الجفاف. 
 - أمراض الجهاز التنفسي وأمراض القلب. 
 - أمراض الكلى. 
 - ارتفاع مستويات هرمون التستوستيرون. 
 أما انخفاض مستويات الهيموجلوبين فيرجع إلى عدة عوامل، منها: 
 - نقص عنصر الحديد. 
 - نقص التغذية الأخرى، بما في ذلك فيتامين (ب12) فيتامين (ب6) وحمض الفوليك. 
 - فقدان الدم. 
 - اضطرابات الأمعاء التي تُضعف القدرة على امتصاص العناصر الغذائية. 
 - الأمراض الالتهابية المزمنة. 
 - الوزن الزائد. 
 - التكسر غير الطبيعي لخلايا الدم الحمراء. 
 - أمراض الكلى. 
 - اضطرابات الغدة الدرقية. 
 - تقدم العمر. 
 - الحمل. 
 - بعض أنواع الأدوية.","In case of high hemoglobin levels: 
- Ensure you are well hydrated 
- Quit smoking 
- Consult your doctor to rule out any underlying conditions 
In case of low hemoglobin levels: 
- Consider iron, B12, B6, or folate supplementation (if deficient) under professional supervision 
- Consult your doctor to rule out any underlying conditions 
 
*Red blood cells biomarkers are best interpreted in the context of the entire RBC profile.","في حال ارتفاع مستويات الهيموجلوبين في الجسم: 
 - اشرب كمية وافرة من السوائل. 
 - أقلع عن التدخين. 
 - استشرطبيبك للتأكد من عدم وجود مسببات رئيسية أخرى لذلك. 
 أمّا في حال انخفاض مستويات الهيموجلوبين في الجسم: 
 - احرص على تناول الحديد وفيتامين (ب12) وفيتامين (ب6) وحمض الفوليك (في حال نقص هذه العناصر) تحت اشراف متخصصّ. 
 - استشرطبيبك للتأكد من عدم وجود مسببات رئيسية أخرى لذلك. 
 
 * من الأفضل تفسير المؤشرات الحيوية لخلايا الدم الحمراء بعد إجراء فحوصات شاملة لها.",1,1,1,Low - range: 0 to 12.54 | High - range: 17.5 to 20.2 | Normal - range: 12.54 to 17.5 | Normal - range: 11.9 to 16 | Low - range: 0 to 11.9 | Normal - range: 13.4 to 18 | Low - range: 0 to 13.4 | High - range: 16 to 20.2 | Normal - range: 11.58 to 16 | Low - range: 0 to 11.58,1,1,1
37,RBC: Mean Corpuscular Volume(MCV),The MCV test measures the average size of your red blood cells. This test can be useful to differentiate different types of anemia.,هو متوسط قياس حجم كرية الدم الحمراء. وهو يستخدم للتفريق بين أنواع فقر الدم.,Mean corpuscular volume (MCV) is the average size of the red blood cells in your body. This test can be useful to differentiate different types of anemia.,يشير متوسط حجم الكريات إلى متوسط حجم كريات الدم الحمراء في جسم الإنسان. ولهذا الفحص أهمية بالغة في التمييز بين مختلف أنواع مرض فقر الدم.,"Many factors can lead to having high MCV levels such as: 
- Anemia due to folate or vitamin B12 deficiency 
- Excessive alcohol consumption  
- Liver disease 
- Disorders of thyroid gland 
- Certain medications 
Many factors can lead to having low MCV levels such as: 
- Copper deficiency  
- Iron deficiency  
- Vitamin C deficiency  
- Vitamin B6 deficiency  
- Vitamin A deficiency  
- Anemia of chronic disease  
- Thalassemia  
- Sideroblastic anemia 
- Rheumatoid arthritis 
- Lead toxicity","ينجم ارتفاع متوسط حجم الكريات عن عدة أسباب، منها: 
 - فقر الدم الناجم عن نقص حمض الفوليك أو فيتامين (ب12). 
 - الإفراط في شرب الكحول. 
 - أمراض الكبد. 
 - اضطرابات الغذة الدرقية. 
 - بعض أنواع الأدوية. 
 أما انخفاض متوسط حجم الكريات فيرجع إلى عدة عوامل، منها: 
 - نقص عنصر النحاس. 
 - نقص الحديد. 
 - نقص فيتامين سي. 
 - نقص فيتامين (ب6). 
 - نقص فيتامين (أ). 
 - فقر الدم الناجم عن الأمراض المزمنة. 
 - مرض الثلاسيميا. 
 - فقر الدم الحديدي. 
 - التهاب المفاصل الروماتويدي. 
 - التسمم بالرصاص.","In case of high MCV levels: 
- Consume a healthy and balanced diet rich in folate and vitamin B12 found in turkey, poultry, and green leafy vegetables 
- Consult your doctor to rule out any underlying conditions 
In case of low MCV levels: 
- Reduce caffeine consumption 
- Consume a healthy and balanced diet rich in iron, vitamin A, vitamin B6, and vitamin C 
- Consult your doctor to rule out any underlying conditions 
 
*Red blood cells biomarkers are best interpreted in the context of the entire RBC profile.","في حال زيادة متوسط حجم الكريات : 
 - اتبع نظامًا غذائيًا صحيًّا ومتوازنًا وغنيًّا بحمض الفوليك وفيتامين (ب12) الموجودين في بعض الأطعمة مثل الديك الروميّ والدواجن والخضروات الورقية. 
 - استشر طبيبك لمعرفة الأسباب الكامنة وراء ذلك. 
 أمّا في حال انخفاض متوسط حجم الكريات : 
 - قلل من تناول الكافيين. 
 - اتبع نظامًا غذائيًا صحيًّا متوازنًا وغنيًّا بعنصر الحديد وفيتامين (أ) وفيتامين (ب6) وفيتمامين سي. 
 - استشر طبيبك لمعرفة الأسباب الكامنة وراء ذلك. 
 
 
 * من الأفضل تفسير المؤشرات الحيوية لخلايا الدم الحمراء بعد إجراء فحوصات شاملة لها.",1,1,1,Normal - range: 77.9 to 99 | Low - range: 0 to 77.9 | Normal - range: 79 to 98 | Normal - range: 77.9 to 99 | Low - range: 0 to 77.9 | Low - range: 0 to 79 | Normal - range: 77 to 98 | Low - range: 0 to 77,1,1,1
38,RBC: MCHC (Mean Corpuscular Hemoglobin Concentration),"MCHC test measures the average amount of a protein called hemoglobin per unit volume in a single red blood cell. MCHC is usually used to help in a diagnosis of anemia (a condition caused by not having enough healthy red blood cells, or the red blood cells you do have don't work as well as they should), or other blood conditions.","يقيس تحليل تركيز الهيموجلوبين الكريوي الوسطي (MCHC) كمية الهيموجلوبين في الدم و يُحدِّد كميَّة الهيموجلوبين لكل وحدة حجم في خلية الدم الحمراء الواحدة.
من أسباب إنخفاض الهموجلوبين في خلايا الدم نقص نسبة الحديد في الدم وسببه سوء التغذية. ينخفض هذا المعدل أيضاً بسبب أمراض دم أخرى.",Mean Corpuscular Hemoglobin Concentration (MCHC) indicates the amount of hemoglobin per unit volume of the red blood cell,يُشير تركيز الهيموجلوبين الكريوي الوسطي (MCHC) إلى كمية الهيموجلوبين لكل وحدة حجم من الوحدات المستخدمة في قياس كمية خلايا الدم الحمراء.,"Many factors can lead to having high MCHC levels such as: 
- Hemolytic anemia 
- Burns 
Many factors can lead to having low MCHC levels such as: 
- Iron deficiency 
- Vitamin B6 deficiency 
- Thalassemia","ينجم ارتفاع مستوى تركيز الهيموجلوبين الكريوي الوسطي (MCHC) عن عدة أسباب، منها: 
 - فقر الدم الانحلالي.  
 - الحروق. 
 أما انخفاض مستوى تركيز الهيموجلوبين الكريوي الوسطي (MCHC) فيرجع إلى عدة عوامل، منها: 
 - نقص الحديد. 
 - نقص فيتامين (ب6). 
 - مرض الثلاسيميا.","In case of high MCHC levels: 
- Consult your doctor to identify the underlying reason 
In case of low MCHC levels: 
- Consult your doctor to identify the underlying reason 
 
*Red blood cells biomarkers are best interpreted in the context of the entire RBC profile.","في حال ارتفاع مستوى تركيز الهيموجلوبين الكريوي الوسطي (MCHC): 
 - استشر طبيبك لمعرفة الأسباب الكامنة وراء ذلك. 
 أمّا في حال انخفاض مستوى تركيز الهيموجلوبين الكريوي الوسطي (MCHC): 
 - استشر طبيبك لمعرفة الأسباب الكامنة وراء ذلك. 
 
 * من الأفضل تفسير المؤشرات الحيوية لخلايا الدم الحمراء بعد إجراء فحوصات شاملة لها.",1,1,1,Low - range: 0 to 31.4 | Low - range: 0 to 31.4 | Normal - range: 31.4 to 37 | High - range: 37 to 107 | Normal - range: 31.4 to 37 | High - range: 37 to 107 | Low - range: 0 to 31.9 | Low - range: 0 to 31.9 | Normal - range: 31.9 to 36 | Normal - range: 31.9 to 36,1,1,1
39,RBC: Red Cell Distribution Width (RDW),The RDW test measures the range in volume and size of red blood cells. A big change in volume and size could indicate the presence of different health conditions.,قوم هذا التحليل بفحص مدى تغاير حجم خلايا الدم الحمراء حيث يدل وجود تغاير كبير في حجم الخلايا الحمراء على وجود بعض المشكلات الصحية.,The RDW test measures the range in volume and size of red blood cells.,يُستخدم قياس توزيع خلايا الدم الحمراء لقياس حجم خلايا الدم الحمراء وكميتها وتوزيعها.,"Many factors can lead to having high or low RDW levels such as: 
- Nutritional deficiencies including folate and vitamin b12 
- Iron deficiency anemia  
- Blood transfusions 
- Thalassemia 
- Sideroblastic anemia 
- Excessive alcohol consumption 
- Liver disease  
- Leukemia","ينجم ارتفاع أو انخفاض مستوى قياس توزيع خلايا الدم الحمراء عن عدة أسباب، منها: 
 - نقص التغذية بما في ذلك حمض الفوليك وفيتامين (ب12). 
 - فقر الدم الناجم عن نقص الحديد. 
 - نقل الدم. 
 - مرض الثلاسيميا. 
 - فقر الدم الحديدي. 
 - الإفراط في شرب الكحول. 
 - أمراض الكبد. 
 - سرطان الدم.","In case of high or low RDW levels: 
- Maintain a healthy weight 
- Quit smoking 
- Consume a healthy and balanced diet rich in iron, vitamin B6, B12, and folate 
- Moderate alcohol consumption 
- Engage in regular physical activity 
- Consult your doctor to rule out any underlying conditions 
 
*Red blood cells biomarkers are best interpreted in the context of the entire RBC profile.","في حال ارتفاع مستوى قياس توزيع خلايا الدم الحمراء أو انخفاضه: 
 - حافظ على وزن صحيّ. 
 - أقلع عن التدخين. 
 - اتبع نظامًا غذائيًّا صحيًّا متوازنًا وغنيًّا بعنصر الحديد وفيتامين (ب6) وفيتامين (ب12) وحمض الفوليك. 
 - الاعتدال في شرب الكحول. 
 - مارس النشاط البدني بانتظام. 
 - استشر طبيبك لمعرفة الأسباب الكامنة وراء ذلك. 
 
 * من الأفضل تفسيرالمؤشرات الحيوية لخلايا الدم الحمراء بعد إجراء فحوصات شاملة لها.",1,1,1,Normal - range: 11.4 to 15.8 | Low - range: 0 to 11.4 | Normal - range: 11.4 to 15.8 | Low - range: 0 to 11.4 | Normal - range: 11.5 to 15.6 | High - range: 15.6 to 25.2 | Low - range: 0 to 11.5 | Normal - range: 11.5 to 15.6 | Low - range: 0 to 11.5 | High - range: 15.6 to 25.2,1,1,1
40,Platelet count,Platelets are responsible for normal blood clotting. This test measures the number of platelets in each sample. A low platelet count along with other certain signs and symptoms may be caused by a number of conditions and factors such as viral infections or due to the use of certain medications.,أن الصفيحات الدموية هي من مكونات الدم الرئيسية. وظيفتها تكوين الخثرات (الجلطات) لوقف النزف من الأوعية الدموية المصابة. قد تحدث قلة الصفيحات الدموية نتيجة لاضطراب نخاع العظم مثل ابيضاض الدم (لُوكيميا) أو مشكلة في الجهاز المناعي. أو يمكن أن تنجم عن الآثار الجانبية لتناول بعض الأدوية.,"Platelets are small blood cells that help blood to clot. When a blood vessel gets damaged, platelets gather at the damaged site and make a plug (clot). Clotting helps slow down and stop bleeding and helps wounds heal.",تُعتبر الصفائح الدموية أحد أشكال الخلايا الدموية الصغيرة التي تساعد على تخثر الدم. فعندما يتضرر أحد الأوعية الدموية، تتجمع الصفائح في المنطقة المتضررة وتشكل تجمعًا دمويًا (خثرة)، مما يساعد على إبطاء النزيف وإيقافه ومن ثم شفاء الجروح.,"Many factors can lead to having high platelets levels such as: 
- Infections and inflammation 
- Physical exhaustion 
- Blood loss 
- Iron deficiency anemia 
- Withdrawal after alcoholism  
- Oral contraceptives 
Many factors can lead to having low platelets levels such as: 
-Infections 
- Nutritional deficiencies including iron, B12, and folate 
- Excessive alcohol consumption 
- Certain autoimmune conditions 
- Liver disease 
- Spleen disease 
- Certain medications","ينجم ارتفاع مستويات الصفائح في الدم عن عدة أسباب، منها: 
 - العدوى والالتهابات. 
 - الإرهاق الجسدي 
 - فقدان الدم. 
 - أنيميا نقص الحديد. 
 - انسحاب الكحول من الجسم. 
 - حبوب منع الحمل. 
 أما انخفاض مستويات الصفائح في الدم فيرجع إلى عدة عوامل، منها: 
 - الإصابة بالعدوى. 
 - نقص التغذية بما في ذلك نقص الحديد وفيتامين B12 وحمض الفوليك. 
 - الإفراط في شرب الكحول. 
 - بعض أمراض المناعة. 
 - أمراض الكبد. 
 - أمراض الطحال. 
 - تناول بعض الأدوية.","In case of high platelets levels: 
- Moderate alcohol consumption 
- Maintain a healthy and balanced diet 
- Consult your doctor to rule out any underlying conditions 
In case of low platelets levels: 
- Moderate alcohol consumption 
- Maintain a healthy and balanced diet 
- Consider iron, B12, and folate supplementation (if deficient) under professional supervision 
- Consult your doctor to rule out any underlying conditions","في حال ارتفاع مستويات الصفائح في الدم: 
 - الاعتدال في شرب الكحول. 
 - اتبع نظامًا غذائيًا صحيًا ومتوازنًا. 
 - استشر طبيبك لمعرفة الأسباب الكامنة وراء ذلك. 
 أما في حال انخفاض مستويات الصفيحات في الدم: 
 - الاعتدال في شرب الكحول. 
 - اتبع نظامًا غذائيًا صحيًا ومتوازنًا. 
 - تناول المكملات الغذائية من الحديد وفيتامين B12 وحمض الفوليك (في حال نقص أي منها) تحت اشراف متخصص. 
 - استشر طبيبك لمعرفة الأسباب الكامنة وراء ذلك.",1,1,1,Low - range: 0 to 149 | Normal - range: 149 to 450 | Low - range: 0 to 149 | Normal - range: 149 to 450 | Low - range: 0 to 149 | High - range: 450 to 520 | Normal - range: 149 to 450 | High - range: 450 to 520 | Normal - range: 149 to 450 | Low - range: 0 to 149,1,1,1
41,Mean Platelet Volume(MPV),The MPV test measures the average size of your platelets.,قياس لمُتوسّط ​​حجم الصفائح الدمويّة في الدم.,The MPV test measures the average size of your platelets.,يقيس هذا الفحص متوسط حجم الصفائح الدموية.,"Many factors can lead to having high MPV levels such as: 
- Vitamin D deficiency 
- Obesity 
- Metabolic disorders 
- Disorders of the thyroid gland 
- Smoking 
- High altitude 
Many factors can lead to having low MPV levels such as: 
- Inflammatory diseases 
- Impaired bone marrow function","ينجم ارتفاع مستويات مُتوسّط ​​حجم الصفائح الدمويّة عن عدة أسباب منها:  
 - نقص في الفيتامين د. 
 - السمنة. 
 - الأمراض الاستقلابية. 
 - أمراض الغدة الدرقية. 
 - التدخين. 
 - التواجد على مرتفعات عالية. 
 أما انخفاض مستويات مُتوسّط ​​حجم الصفائح الدمويّة فيرجع إلى عدة عوامل منها:  
 - الأمراض الالتهابية. 
 - مشاكل النخاع الشوكي.","In case of high MPV levels: 
- Maintain a healthy weight 
- Check your vitamin D levels and consider supplementation under professional supervision 
- Quit smoking 
In case of low MPV levels: 
- Consult your doctor to rule out any underlying conditions","في حال ارتفاع مستويات مُتوسّط ​​حجم الصفائح الدمويّة: 
 - حافظ على وزن صحي. 
 - تحقق من مستوى فيتامين د لديك و تناول المكملات الغذائية تحت اشراف متخصص. 
 أما في حال انخفاض مستويات مُتوسّط ​​حجم الصفائح الدمويّة: 
 - استشر طبيبك لمعرفة الأسباب الكامنة وراء ذلك.",1,1,1,Low - range: 0 to 7.41 | High - range: 10.8 to 15.9 | Normal - range: 7.41 to 10.8 | High - range: 12.1 to 15.9 | Normal - range: 6.8 to 12.1 | Low - range: 0 to 6.8 | High - range: 12.1 to 15.9 | Normal - range: 6.8 to 12.1 | Low - range: 0 to 6.8 | High - range: 10.84 to 15.9 | Normal - range: 7.44 to 10.84 | Low - range: 0 to 7.44,1,1,1
42,WBC: White Blood cell Count,White blood cells are critical to your body’s immune system and how it can fight infections. They also produce memory immune cells and antibodies to protect against future infection from the same source. There are different types of white blood cells and each plays a different role in protecting the body.,يعد تحليل WBC أحد تحاليل الدم المستخدمة لمعرفة عدد خلايا الدم البيضاء الموجودة في الدم وتساهم في الكشف عن أي عدوى يتعرض لها الجسم وتحاربها، باعتبارها جزءًا من جهاز المناعة. ومن الجدير بالذكر أنّه توجد عدة أنواع مختلفة من خلايا الدم البيضاء، ويؤدي كل نوع منها دورًا معينًا في مجال حماية الجسم.,"White blood cells, or leukocytes, help the body fight infection. The five types of white blood cells are basophils, neutrophils, eosinophils, lymphocytes, and monocytes",تساعد خلايا الدم البيضاء أو ما يُعرف باسم الكريات البيضاء في مساعدة الجسم على محاربة العدوى. وتتمثل الأنواع الخمسة لخلايا الدم البيضاء في: الخلايا القاعدية، والخلايا المتعادلة، والخلايا الحمضية، والخلايا اللمفاوية، والوحيدات,"Many factors can lead to having low or high WBC levels such as: 
- Infections 
- Chronic inflammation 
- Diseases that damage bone marrow, such as leukemia 
- Certain autoimmune disorders such as rheumatoid arthritis 
- Nutritional deficiencies 
- Stress 
- Excess weight 
- Smoking 
- Certain medications","ينجم ارتفاع مستويات تعداد خلايا الدم البيضاء أو انخفاضها عن عدة أسباب، منها: 
 - الإصابة بالعدوى. 
 - الالتهابات المزمنة. 
 - الأمراض التي تضر بالنخاع العظمي مثل سرطان الدم. 
 - بعض أمراض المناعة الذاتية مثل التهاب المفاصل الروماتويدي. 
 - نقص التغذية. 
 - التوتر. 
 - الوزن الزائد. 
 - التدخين. 
 - بعض أنواع الأدوية.","In case of high or low WBC: 
- Quit smoking 
- Maintain a healthy weight 
- Consume a healthy and balanced diet 
- Engage in regular physical activity 
- Consider coaching for stress management and improvement of sleep quality 
- Consult your doctor to rule out any underlying conditions","ينجم ارتفاع مستويات تعداد خلايا الدم البيضاء أو انخفاضها عن عدة أسباب، منها: 
 - الإصابة بالعدوى. 
 - الالتهابات المزمنة. 
 - الأمراض التي تضر بالنخاع العظمي مثل سرطان الدم. 
 - بعض أمراض المناعة الذاتية مثل التهاب المفاصل الروماتويدي. 
 - نقص التغذية. 
 - التوتر. 
 - الوزن الزائد. 
 - التدخين. 
 - بعض أنواع الأدوية.",1,1,1,Normal - range: 3.99 to 10.5 | Low - range: 0 to 3.99 | Normal - range: 3.76 to 11.03 | Normal - range: 3.99 to 10.5 | Low - range: 0 to 3.99 | High - range: 11.03 to 15.6 | Low - range: 0 to 3.76 | High - range: 11 to 15.6 | Normal - range: 3.52 to 11 | Low - range: 0 to 3.52,1,1,1
43,WBC: Neutrophils,Neutrophils are one of the first cells to travel to the site of an infection in your body. When Neutrophils are low we may become more vulnerable.,تُعد الخلايا المتعادلة أهم نوع من أنواع خلايا الدم البيضاء فيما يخص محاربة العدوى.,"Neutrophils are part of the white blood cell community in the blood that protect against bacterial, fungal, and other infections",تشكل العدلات جزءًا من خلايا الدم البيضاء في الدم، وتحمي من الالتهابات البكتيرية والفطرية وغيرها من الالتهابات.,"Many factors can lead to having low or high neutrophils levels such as: 
- Infections 
- Chronic inflammation 
- Diseases that damage bone marrow, such as leukemia 
- Certain autoimmune disorders such as rheumatoid arthritis 
- Nutritional deficiencies 
- Stress 
- Excess weight 
- Smoking 
- Certain medications","ينجم ارتفاع مستويات العدلات أو انخفاضها عن عدة أسباب، منها: 
 - الإصابة بالعدوى. 
 - الالتهابات المزمنة. 
 - الأمراض التي تضر بالنخاع العظمي مثل سرطان الدم 
 - بعض أمراض المناعة الذاتية مثل التهاب المفاصل الروماتويدي. 
 - نقص التغذية. 
 - التوتر. 
 - الوزن الزائد. 
 - التدخين. 
 - بعض أنواع الأدوية.","In case of high or low neutrophils: 
- Quit smoking 
- Maintain a healthy weight 
- Consume a healthy and balanced diet 
- Engage in regular physical activity 
- Consider coaching for stress management and improvement of sleep quality 
- Consult your doctor to rule out any underlying conditions","في حال ارتفاع مستويات العدلات أو انخفاضها: 
 - أقلع عن التدخين. 
 - حافظ على وزن صحي. 
 - تناول غذاء صحيًا ومتوازنًا. 
 - مارس النشاط البدني بانتظام. 
 - استشر مدرب صحي للتدرب على التعامل مع التوتر و تحسين جودة النوم. 
 - استشر طبيبك لمعرفة الأسباب الكامنة وراء ذلك.",1,1,1,Low - range: 0 to 36 | Normal - range: 36 to 75 | High - range: 75 to 120 | Low - range: 0 to 36 | Normal - range: 36 to 75 | High - range: 75 to 120 | Low - range: 0 to 39.9 | Low - range: 0 to 39.9 | Normal - range: 39.9 to 80 | Normal - range: 39.9 to 80,1,1,1
44,WBC: Lymphocytes,"Lymphocytes are part of the white blood cell community that fight bacterial and viral infections. They also produce memory cells and antibodies to protect against future infection from the same source. Lymphocytes include T cells, B cells and natural killer cells.",اللمفاويات هي خلايا الدم البيضاء وهي تلعب دور اساسي في جهاز المناعة. هنالك العديد من الأنواع منها ولكل فئة منها وظيفتها الخاصة.,"Lymphocytes are part of the white blood cell community that fight bacterial and viral infections. They also produce memory cells and antibodies to protect against future infection from the same source. Lymphocytes include T cells, B cells and natural killer cells.",تشكل الخلايا اللمفاوية جزءًا من الخلايا البيضاء التي تقاوم الالتهابات البكتيرية والفيروسية، وتتولى إنتاج خلايا الذاكرة والأجسام المضادة للحماية من العدوى المستقبلية من المصدر نفسه. وتشمل الخلايا الليمفاوية الخلايا التائية والخلايا البائية والخلايا القاتلة الطبيعية.,"Many factors can lead to having low or high lymphocytes levels such as: 
- Infections 
- Chronic inflammation 
- Diseases that damage bone marrow, such as leukemia 
- Certain autoimmune disorders such as rheumatoid arthritis 
- Nutritional deficiencies 
- Stress 
- Excess weight 
- Smoking 
- Certain medications","ينجم ارتفاع مستويات الخلايا اللمفاوية أو انخفاضها عن عدة أسباب، منها: 
 - الإصابة بالعدوى. 
 - الالتهابات المزمنة. 
 - الأمراض التي تضر بالنخاع العظمي مثل سرطان الدم. 
 - بعض أمراض المناعة الذاتية مثل التهاب المفاصل الروماتويدي 
 - نقص التغذية. 
 - التوتر. 
 - الوزن الزائد. 
 - التدخين. 
 - بعض أنواع الأدوية.","In case of high or low lymphocytes: 
- Quit smoking 
- Maintain a healthy weight 
- Consume a healthy and balanced diet 
- Engage in regular physical activity 
- Consider coaching for stress management and improvement of sleep quality 
- Consult your doctor to rule out any underlying conditions","في حال ارتفاع مستويات الخلايا اللمفاوية أو انخفاضها: 
 - أقلع عن التدخين. 
 - حافظ على وزن صحي. 
 - تناول غذاء صحيًا ومتوازنًا. 
 - مارس النشاط البدني بانتظام. 
 - استشر مدرب صحي للتدرب على التعامل مع التوتر و تحسين جودة النوم. 
 - استشر طبيبك لمعرفة الأسباب الكامنة وراء ذلك.",1,1,1,Normal - range: 16.9 to 57 | Low - range: 0 to 16.9 | Normal - range: 16.9 to 57 | Low - range: 0 to 16.9 | Normal - range: 17 to 60 | Low - range: 0 to 17 | High - range: 45 to 67.9 | Normal - range: 19.9 to 45 | Low - range: 0 to 19.9 | High - range: 60 to 67.9,1,1,1
45,WBC: Eosinophils,Eosinophils are part of the white blood cell community that remove parasitic infections and certain bacteria from the body. They are also immune markers by marking infected sites.,ي نوع من أنواع كريات الدم البيضاء. تنشط هذه الخلايا بناءً على إصابة الإنسان بأحدِ أنواع الحساسيّة، الالتهابات والفايروسات أو بعض الحالات الطبيّة الأخرى.,"Eosinophils are part of the white blood cell community that remove parasitic infections and certain bacteria from the body. They circulate in the blood for short periods of time. When activated, eosinophils move into the affected tissue and secrete inflammatory substances that help destroy the foreign organisms. They are primarily known to help combat intestinal parasites, but their role in the immune system is much more complex",تشكل الخلايا الحمضية جزءًا من خلايا الدم البيضاء التي تقضي على الالتهابات الطفيلية وبعض أنواع البكتيريا في الجسم. وتنتشر في الدم لفترات قصيرة من الزمن. وتنتقل الخلايا الحمضية عند تنشيطها إلى الأنسجة المصابة وتفرز مواد التهابية تساعد في تدمير الكائنات الغريبة. ومن المعروف أنها تساعد في مكافحة الطفيليات المعوية، إلا أن دورها في الجهاز المناعي أكثر تعقيدًا.,"Many factors can lead to having low or high eosinophils levels such as: 
- Infections 
- Chronic inflammation 
- Diseases that damage bone marrow, such as leukemia 
- Certain autoimmune disorders such as rheumatoid arthritis 
- Nutritional deficiencies 
- Stress 
- Excess weight 
- Smoking 
- Certain medications","ينجم ارتفاع مستويات الخلايا الحمضية أو انخفاضها عن عدة أسباب، منها: 
 - الإصابة بالعدوى. 
 - الالتهابات المزمنة. 
 - الأمراض التي تضر بالنخاع العظمي مثل سرطان الدم. 
 - بعض أمراض المناعة الذاتية مثل التهاب المفاصل الروماتويدي. 
 - نقص التغذية. 
 - التوتر. 
 - الوزن الزائد. 
 - التدخين. 
 - بعض أنواع الأدوية.","In case of high or low eosinophils: 
- Quit smoking 
- Maintain a healthy weight 
- Consume a healthy and balanced diet 
- Engage in regular physical activity 
- Consider coaching for stress management and improvement of sleep quality 
- Consult your doctor to rule out any underlying conditions","في حال ارتفاع مستويات الخلايا الحمضية أو انخفاضها: 
 - أقلع عن التدخين. 
 - حافظ على وزن صحي. 
 - تناول غذاء صحيًا ومتوازنًا. 
 - مارس النشاط البدني بانتظام. 
 - استشر مدرب صحي للتدرب على التعامل مع التوتر و تحسين جودة النوم 
 - استشر طبيبك لمعرفة الأسباب الكامنة وراء ذلك.",1,1,1,Normal - range: 0.71 to 6.09 | Normal - range: 0.01 to 6 | Low - range: 0 to 0.01 | Normal - range: 0.01 to 6 | Low - range: 0 to 0.01 | Low - range: 0 to 0.71 | Normal - range: 0.83 to 7.67 | Low - range: 0 to 0.83,1,1,1
46,WBC: Monocytes,Monocytes envelop and remove damaged or dead cells and pathogens from the blood. They are like the office cleaners.,هي نوعٌ من الكريَّات البيض يكافح بعضَ حالات العدوى، ويساعد الكريَّات البيض الأخرى على إزالة الأنسجة الميتة أو التالفة.,"Monocytes are the largest part of the white blood cell community. Approximately 2 to 10% of white blood cells are monocytes. These immune cells circulate in the blood for several days before they enter the tissues, where they become macrophages or dendritic cells. Monocytes protect against viral, bacterial, fungal, and protozoal infections. They kill microorganisms, ingest foreign particles, remove dead cells, and boost the immune response.",تشكل الوحيدات الجزء الأكبر من خلايا الدم البيضاء، حيث تتراوح نسبتها بين ما يقارب 2% إلى 10% من خلايا الدم البيضاء. وتنتشر هذه الخلايا المناعية في الدم لعدة أيام قبل أن تدخل الأنسجة، فإما أن تصبح خلايا بلعمية أو خلايا تغصنية. وتحمي الوحيدات من الالتهابات الفيروسية والبكتيرية والفطرية والأولية، فتقتل الكائنات الحية الدقيقة، وتبتلع الجزيئات الغريبة، وتزيل الخلايا الميتة، وتعزز الاستجابة المناعية.,"Many factors can lead to having low or high monocytes levels such as: 
- Infections 
- Chronic inflammation 
- Diseases that damage bone marrow, such as leukemia 
- Certain autoimmune disorders such as rheumatoid arthritis 
- Nutritional deficiencies 
- Stress 
- Excess weight 
- Smoking 
- Certain medications","ينجم ارتفاع مستويات الوحيدات أو انخفاضها عن عدة أسباب، منها: 
 - الإصابة بالعدوى. 
 - الالتهابات المزمنة. 
 - الأمراض التي تضر بالنخاع العظمي مثل سرطان الدم 
 - بعض أمراض المناعة الذاتية مثل التهاب المفاصل الروماتويدي. 
 - نقص التغذية. 
 - التوتر. 
 - الوزن الزائد. 
 - التدخين. 
 - بعض أنواع الأدوية.","In case of high or low monocytes: 
- Quit smoking 
- Maintain a healthy weight 
- Consume a healthy and balanced diet 
- Engage in regular physical activity 
- Consider coaching for stress management and improvement of sleep quality 
- Consult your doctor to rule out any underlying conditions","في حال ارتفاع مستويات الوحيدات أو انخفاضها: 
 - أقلع عن التدخين. 
 - حافظ على وزن صحي. 
 - تناول غذاء صحيًا ومتوازنًا. 
 - مارس النشاط البدني بانتظام. 
 - استشر مدرب صحي للتدرب على التعامل مع التوتر و تحسين جودة النوم. 
 - استشر طبيبك لمعرفة الأسباب الكامنة وراء ذلك.",1,1,1,Low - range: 0 to 1.9 | Low - range: 0 to 1.9 | Normal - range: 1.9 to 11.35 | Low - range: 0 to 0.99 | Normal - range: 0.99 to 12 | Low - range: 0 to 0.99 | Normal - range: 0.99 to 11 | Normal - range: 1.9 to 13.22,1,1,1
47,WBC: Basophils,Basophils are part of the white blood cell community that protect against parasites and certain bacteria. They also involved in responses to allergic reactions.,هي نوع من أنواع كريات الدم البيضاء وهى التى تحذر الجسم من وجود عدوى أو بكتيريا ، فتقوم بإرسال مواد كيميائية فى مسار الدم. وتلعب هذه الخلايا دوراً في مكافحة الحساسية أيضًا.,Basophils are part of the white blood cell community that protect against parasites and certain bacteria. They also involved in responses to allergic reactions,تعد الخلايا القاعدية جزءًا من مجتمع خلايا الدم البيضاء التي تحمي الجسم من الطفيليات وبعض أنواع البكتيريا، كما تؤدي دورًا في الحماية من أمراض الحساسية.,"Many factors can lead to having low or high basophils levels such as: 
- Infections 
- Chronic inflammation 
- Diseases that damage bone marrow, such as leukemia 
- Certain autoimmune disorders such as rheumatoid arthritis 
- Nutritional deficiencies 
- Stress 
- Excess weight 
- Smoking 
- Certain medications","ينجم ارتفاع مستويات الخلايا القاعدية أو انخفاضها عن عدة أسباب، منها: 
 - الإصابة بالعدوى. 
 - الالتهابات المزمنة. 
 - الأمراض التي تضر بالنخاع العظمي مثل سرطان الدم. 
 - بعض أمراض المناعة الذاتية مثل التهاب المفاصل الروماتويدي. 
 - نقص التغذية. 
 - التوتر. 
 - الوزن الزائد. 
 - التدخين. 
 - بعض أنواع الأدوية.","In case of high or low basophils: 
- Quit smoking 
- Maintain a healthy weight 
- Consume a healthy and balanced diet 
- Engage in regular physical activity 
- Consider coaching for stress management and improvement of sleep quality 
- Consult your doctor to rule out any underlying conditions","في حال ارتفاع مستويات الخلايا القاعدية أو انخفاضها: 
 - أقلع عن التدخين. 
 - حافظ على وزن صحي. 
 - تناول غذاء صحيًا ومتوازنًا. 
 - مارس النشاط البدني بانتظام. 
 - استشر مدرب صحي للتدرب على التعامل مع التوتر و تحسين جودة النوم. 
 - استشر طبيبك لمعرفة الأسباب الكامنة وراء ذلك.",1,1,1,Normal - range: 0 to 2 | Normal - range: 0 to 2 | High - range: 2 to 5.8 | Normal - range: 0 to 2 | High - range: 2 to 5.8 | Normal - range: 0 to 2,1,1,1
48,AST (Aspartate Amino Transferase),"AST is an enzyme found mostly in the liver, heart, and muscles. If you have a liver is damaged, it then releases AST. This test forms part of any full spectrum liver function analysis.",ناقلة أمين الأسبارتات (AST) هو إنزيم يُوجَد عادة في الدم بمستويات مُنخفضة. قد تُشير زيادة مستويات إنزيم ناقلة أمين الأسبارتات (AST) إلى وجود تلَف في الكبد أو الإصابة بأحد الأمراض أو وجود تلَف بالعضلات.,"AST (aspartate aminotransferase), also known as SGOT, is an enzyme that is found mostly in the liver, but also in muscles. AST is released into the bloodstream when the liver is damaged and is therefore used to assess liver health and diagnose liver damage or disease.","يعرف إنزيم ناقلة أمين الأسبارتات باسم ""SGOT"" أيضًا، ويوجد في الكبد غالبًا وبنسبة معينة في العضلات أيضًا. ويُفرز إنزيم ناقلة الأسبارتات إلى مجرى الدم عندما يتضرر الكبد، لذا يعتبر مؤشرًا للاستدلال على صحة الكبد وبالتالي يتيح تشخيص تلف الكبد أو إصابته بأي مرض.","Many factors can lead to having high AST levels such as: 
- Excessive alcohol consumption 
- Inadequate diet 
- Liver damage or disease 
- Heart conditions 
- Liver conditions 
- Certain medications 
Many factors can lead to having low AST levels such as: 
- Vitamin B6 deficiency 
- Smoking 
- Oral contraceptives or hormonal replacement therapy 
- Kidney disease","ينجم ارتفاع مستويات ناقلة أمين الأسبارتات عن عدة أسباب، منها: 
 - الإفراط في شرب الكحول. 
 - نقص التغذية. 
 - أمراض الكبد أو تلفه. 
 - أمراض القلب. 
 - أمراض الكبد. 
 - بعض أنواع الأدوية. 
 أما انخفاض مستويات ناقلة أمين الأسبارتات فيرجع إلى عدة عوامل، منها: 
 - نقص فيتامين (ب6). 
 - التدخين. 
 - حبوب منع الحمل أو العلاج بالهرمونات البديلة. 
 - أمراض الكلى.","In case of high AST levels: 
- Moderate alcohol consumption 
- Consume a healthy and balanced diet  
- Consult your doctor to rule out any underlying conditions 
In case of low AST levels: 
- Moderate alcohol consumption 
- Consult your doctor to rule out any underlying conditions 
 
*Liver biomarkers are best interpreted in the context of the entire liver profile.","في حال ارتفاع مستويات ناقلة أمين الأسبارتات: 
 - الاعتدال في شرب الكحول. 
 - اتبع نظامًا غذائيًا صحيًا ومتوازنًا. 
 - استشر طبيبك لمعرفة الأسباب الكامنة وراء ذلك. 
 أما في حال انخفاض مستويات ناقلة أمين الأسبارتات: 
 - الاعتدال في شرب الكحول. 
 - استشر طبيبك لمعرفة الأسباب الكامنة وراء ذلك. 
 
 * من الأفضل تفسير المؤشرات الحيوية للكبد بعد إجراء كافة فحوصات وظائف الكبد.",1,1,1,Normal - range: 0 to 50 | High - range: 50 to 616 | Normal - range: 0 to 35 | High - range: 35 to 616 | Normal - range: 0 to 50 | High - range: 50 to 616 | Normal - range: 0 to 35 | High - range: 35 to 616,1,1,1
49,Total Iron Binding Capacity(TIBC),TIBC (total iron-binding capacity) measures the total amount of iron that can be bound by proteins in the blood.,في فحص القدرة على ربط الحديد بالترانسفيرين، يتم فحص كمّية الحديد الإضافية التي يمكنها الإرتباط بالترانسفيرين، إضافةً إلى الكمّيّة المتّصلة به من قبل.,"Total iron-binding capacity (TIBC) measures the total capacity of the blood to bind and transport iron. It is used to estimate the amount of iron stored in the body. TIBC is an indirect measure of transferrin, a protein that binds iron molecules and transports them in the bloodstream.",يقيس فحص القدرة على ربط الحديد بالترانسفيرين القدرة الإجمالية للدم على ربط الحديد ونقله. ويستخدم لتقدير كمية الحديد المخزنة في الجسم. ويعد هذا الفحص مقياسًا غير مباشر للترانسفيرين، وهو بروتين يربط جزيئات الحديد وينقلها في مجرى الدم.,"Many factors can lead to having high TIBC levels such as: 
- Iron deficiency 
- Conditions that increase production of red blood cells such as polycythemia vera 
Many factors can lead to having low TIBC levels such as: 
- Iron overload 
- Inflammation 
- Liver disease 
- Malnutrition 
- Kidney disease 
- Conditions that cause destruction of red blood cells","ينجم ارتفاع مستويات القدرة على ربط الحديد بالترانسفيرين عن عدة أسباب، منها: 
 - نقص الحديد. 
 - الحالات التي تزيد من إنتاج خلايا الدم الحمراء . 
 أما انخفاض مستويات القدرة على ربط الحديد بالترانسفيرين فيرجع إلى عدة عوامل، منها: 
 - زيادة مستويات الحديد. 
 - الالتهابات. 
 - أمراض الكبد. 
 - سوء التغذية. 
 - أمراض الكلى. 
 - الحالات التي تسبب تكسر خلايا الدم الحمراء.","In case of high TIBC levels: 
- Consume iron rich foods such as meat and organ meats, fish and seafood, poultry, spinach and dark leafy vegetables, and beans 
- Consume foods rich in vitamin C such as colored vegetables and citrus fruits 
- Consider iron supplementation under professional supervision 
In case of low TIBC levels: 
- Avoid all iron containing supplementation under professional supervision 
- Consume foods rich in fiber and phytic acid such as whole grains and chili 
- Donate blood regularly 
- Avoid vitamin C containing supplementation 
- Consume tea or coffee moderately 
- Avoid using cast iron utensils 
- Consult your doctor to rule out any underlying conditions 
 
 *Iron biomarkers are best interpreted in the context of the entire iron profile.","في حال انخفاض مستويات القدرة على ربط الحديد بالترانسفيرين: 
 - تناول الأطعمة الغنية بالحديد مثل اللحوم واللحوم العضوية والأسماك والمأكولات البحرية والدواجن والسبانخ والخضروات الورقية الداكنة والبقوليات. 
 - تناول الأطعمة الغنية بفيتامين سي مثل الخضار الملونة والحمضيات. 
 - تناول مكملات الحديد تحت اشراف متخصصّ. 
 أما في حال انخفاض مستويات القدرة على ربط الحديد بالترانسفيرين: 
 - تجنب تناول المكملات التي تحتوي على الحديد إلا بإشراف طبيّ. 
 - تناول الأطعمة الغنية بالألياف وحمض الفيتيك مثل الحبوب الكاملة والفلفل الحار. 
 - احرص على التبرع بالدم بانتظام. 
 - تجنب المكملات التي تحتوي على فيتامين سي. 
 - احرص على الاعتدال في تناول الشاي أو القهوة. 
 - تجنب استخدام الأواني المصنوعة من الحديد. 
 - استشر طبيبك لمعرفة الأسباب الكامنة وراء ذلك. 
 
 * من الأفضل تفسير المؤشرات الحيوية للحديد بعد إجراء فحوصات الحديد الشاملة.",1,1,1,Low - range: 0 to 239 | Normal - range: 239 to 450 | High - range: 450 to 800 | Normal - range: 239 to 450 | High - range: 450 to 800 | Low - range: 0 to 249 | Normal - range: 249 to 497 | Low - range: 0 to 249 | Normal - range: 250 to 497 | Low - range: 0 to 239,1,1,1
50,Unsaturated Iron-Binding Capacity(UIBC),"The UIBC test determines the reserve capacity of transferrin, i.e., the portion of transferrin that has not yet been saturated with iron.",يقيس تحليل قياس سعة ارتباط الحديد غير المشبع (UIBC) السعة الاحتياطية للترانسفيرين؛ أي نسبة عنصر الترانسفيرين (ناقل الحديد) غير المشبع بالحديد، كما يقيس هذا التحليل مستويات عنصر الترانسفيرين (ناقل الحديد).,UIBC (unsaturated iron-binding capacity) measures the reserve capacity of transferrin i.e the portion of transferrin that has not yet been saturated with iron. UIBC also reflects transferrin levels.,يقيس تحليل قياس سعة ارتباط الحديد غير المشبع (UIBC) السعة الاحتياطية للترانسفيرين؛ أي نسبة عنصر الترانسفيرين (ناقل الحديد) غير المشبع بالحديد، كما يقيس هذا التحليل مستويات عنصر الترانسفيرين (ناقل الحديد).,"Many factors can lead to having high UIBC levels such as: 
- Inadequate dietary intake 
- Vegetarian or vegan diet 
- Chronic blood loss 
- Pregnancy 
Many factors can lead to having low UIBC levels such as: 
- Iron containing supplementation or injections 
- Anemia  
- Liver conditions 
- Hereditary hemochromatosis","ينجم ارتفاع مستوى قياس سعة ارتباط الحديد غير المشبع (UIBC) عن عدة أسباب، منها: 
 - نقص التغذية. 
 - اتباع نظام غذائي نباتي كلي أو جزئي. 
 - فقدان الدم بكميات كبيرة. 
 - الحمل. 
 أما انخفاض مستوى قياس سعة ارتباط الحديد غير المشبع (UIBC) فيرجع إلى عدة عوامل، منها: 
 - المكملات أو الحقن التي تحتوي على نسب كبيرة من الحديد. 
 - فقر الدم. 
 - أمراض الكبد. 
 - داء ترسّب الأصبغة الدموية الوراثيّ.","In case of high UIBC levels: 
- Consume iron rich foods such as organ meats, fish and seafood, poultry, dark leafy vegetables, and beans 
- Consume foods rich in vitamin C such as colored vegetables and citrus fruits 
- Consider iron supplementation under professional supervision 
In case of low UIBC levels: 
- Avoid all iron containing supplementation under professional supervision 
- Donate blood regularly 
- Avoid vitamin C containing supplementation 
- Consume tea or coffee moderately 
- Consult your doctor to rule out any underlying conditions 
 
 *Iron biomarkers are best interpreted in the context of the entire iron profile.","في حال ارتفاع مستوى قياس سعة ارتباط الحديد غير المشبع (UIBC) : 
 - تناول الأطعمة الغنية بعنصر الحديد مثل اللحوم والأسماك والمأكولات البحرية والدواجن والخضروات الورقية الداكنة والبقوليات. 
 - تناول الأطعمة الغنية بفيتامين سي مثل الخضروات الملونة والحمضيات. 
 - تناول مكملات الحديد تحت اشراف متخصصّ. 
 أمّا في حال انخفاض مستوى قياس سعة ارتباط الحديد غير المشبع (UIBC) : 
 - تبرع بالدم بوتيرةٍ منتظمةٍ. 
 - تجنب تناول المكملات التي تحتوي على فيتامين سي. 
 - احرص على الاعتدال في تناول الشاي أو القهوة. 
 - استشر طبيبك لمعرفة الأسباب الكامنة وراء ذلك. 
 
 
 * من الأفضل تفسير المؤشرات الحيوية للحديد بعد إجراء فحوصات الحديد الشاملة.",1,1,1,Low - range: 0 to 154 | Normal - range: 154 to 355 | Low - range: 0 to 154 | Normal - range: 154 to 355 | High - range: 275 to 305 | Normal - range: 179 to 275 | Low - range: 0 to 179 | High - range: 275 to 305 | Normal - range: 179 to 275 | Low - range: 0 to 179,1,1,1
51,Iron,"Iron is a mineral in your body that comes from foods like red meat and fortified cereals or from supplements you take. You need iron to make red blood cells. Iron is also an important part of hemoglobin, a protein in your blood that helps carry oxygen from your lungs to the rest of your body.","الحديد هو العنصر الأساسي الذي يعطي الدم اللون الأحمر كما يدخل الحديد في إنتاج الهيموغلوبين وهو الذي يُخزن الأكسجين في العضلات لاستعماله عند بذل مجهود.
ويشكل الحديد عنصرًا مهمًا في عدد كبير من الإنزيمات ويُساعد الخلايا في امتصاص الأكسجين وتحويل السكر في الدم إلى طاقة.","Iron is a mineral that is essential for several bodily functions such as growth and development, producing hemoglobin and certain hormones, and providing oxygen to body tissues.",يعد الحديد من المعادن الضرورية للعديد من وظائف الجسم مثل النمو وإنتاج الهيموجلوبين وهرمونات معينة، بالإضافة إلى توفير الأكسجين لأنسجة الجسم.,"Many factors can lead to having high iron levels such as: 
- Iron containing supplementation or injections 
- Anemia  
- Liver conditions 
- Hereditary hemochromatosis 
Many factors can lead to having low iron levels such as: 
- Inadequate dietary intake 
- Vegetarian or vegan diet 
- Chronic blood loss 
- Pregnancy","ينجم ارتفاع مستويات الحديد عن عدة أسباب، منها: 
 - المكملات الغذائية أو الحقن التي تحتوي على الحديد. 
 - فقر الدم (الأنيميا). 
 - أمراض الكبد. 
 - داء ترسب الأصبغة الدموية الوراثي. 
 أما انخفاض مستويات الحديد فيرجع إلى عدة عوامل، منها: 
 - نقص التغذية. 
 - اتباع النظام الغذئي النباتي الكلي أو الجزئي. 
 - فقدان الدم المزمن. 
 - الحمل.","In case of high iron levels: 
- Avoid all iron containing supplementation under professional supervision 
- Consume foods rich in fiber and phytic acid such as whole grains and chili 
- Donate blood regularly 
- Avoid vitamin C containing supplementation 
- Consume tea or coffee moderately 
- Avoid using cast iron utensils 
- Consult your doctor to rule out any underlying conditions 
In case of low iron levels: 
- Consume iron rich foods such as organ meats, fish and seafood, poultry, dark leafy vegetables, and beans 
- Consume foods rich in vitamin C such as colored vegetables and citrus fruits 
- Consider iron supplementation under professional supervision 
 
 *Iron biomarkers are best interpreted in the context of the entire iron profile.","في حال ارتفاع مستويات الحديد: 
 - تجنب تناول المكملات التي تحتوي على الحديد إلا بإشراف طبيّ. 
 - تناول الأطعمة الغنية بالألياف وحمض الفيتيك مثل الحبوب الكاملة والفلفل الحار. 
 - احرص على التبرع بالدم بانتظام. 
 - تجنب المكملات التي تحتوي على فيتامين سي. 
 - احرص على الاعتدال في تناول الشاي أو القهوة. 
 - تجنب استخدام الأواني المصنوعة من الحديد. 
 - استشر طبيبك لمعرفة الأسباب الكامنة وراء ذلك. 
 أما في حال انخفاض مستويات الحديد: 
 - تناول الأطعمة الغنية بالحديد مثل اللحوم والأسماك والمأكولات البحرية والدواجن والخضروات الورقية الداكنة والبقوليات. 
 - تناول الأطعمة الغنية بفيتامين سي مثل الخضروات الملونة والحمضيات. 
 - تناول مكملات الحديد تحت اشراف متخصصّ. 
 
 * من الأفضل تفسير المؤشرات الحيوية للحديد بعد إجراء فحوصات الحديد الشاملة.",1,1,1,Low - range: 0 to 59 | Normal - range: 59 to 160 | High - range: 160 to 315 | Low - range: 0 to 39 | Normal - range: 39 to 155 | High - range: 155 to 315 | Low - range: 0 to 19 | Normal - range: 19 to 181 | Normal - range: 19 to 181 | Low - range: 0 to 19,1,1,1
52,Calcium,"Calcium is an essential mineral that is necessary for several body functions. In addition to building bones and keeping them healthy, calcium enables the blood to clot, the muscles to contract, and the heart to beat. About 99% of the calcium in our bodies is stored in our bones and teeth.",يحتاج جسمك بشكل أساسي إلى الكالسيوم لبناء العظام والحفاظ على قوتها. يحتاج قلبك وعضلاتك وأعصابك أيضًا إلى الكالسيوم ليعملوا بشكل صحيح. يتم تخزين معظم الكالسيوم في العظام والأسنان.,"Calcium is an essential mineral that is necessary for several body functions. In addition to building bones and keeping them healthy, calcium enables the blood to clot, the muscles to contract, and the heart to beat. About 99% of the calcium in our bodies is stored in our bones and teeth.",يحتاج الجسم بشكل أساسي إلى الكالسيوم لبناء العظام والحفاظ على قوتها كما و يحتاج القلب والعضلات والأعصاب للكالسيوم ليعملوا بشكل صحيح. يتم تخزين معظم الكالسيوم في العظام والأسنان.,"Many factors can lead to having a high calcium level such as: 
- Dietary supplements that contain calcium. 
- Disorders of the parathyroid or thyroid glands. 
- Sarcoidosis which is an inflammatory disease that causes growths (called granulomas) to form around the body. 
- Tuberculosis 
- Staying in bed for too long which makes bones release calcium into the blood. 
- Excessive vitamin D supplementation which increases calcium absorption 
- High blood pressure medications (thiazide diuretics) 
- Dehydration 
- Kidney transplant 
Many factors can lead to having low calcium levels such as: 
- Low calcium intake 
- Underactive parathyroid gland 
- Low levels of magnesium and/or vitamin D 
- Diuretic medications 
- High levels of phosphorus 
- Pancreatitis (pancreas inflammation) 
- Severe diarrhea 
- Kidney disease","ينجم ارتفاع الكالسيوم بالدم عن عدة أسباب، منها: 
 - المكمِّلات الغذائية التي تحتوي على الكالسيوم. 
 - فَرْط نشاط الغدد المجاورة للغدة الدرقية (فَرْطُ الدُّرَيْقات). 
 - بعض الأمراض مثل السل والساركويد.  
 - ارتفاع مستويات فيتامين D في الدم، ما يحفز الجسم على امتصاص المزيد من الكالسيوم. 
 - عدم الحركة. 
 - الجفاف الشديد. 
 - بعض الأدوية المستخدمة لعلاج ارتفاع ضغط الدم. 
 أما إنخفاض مستوى الكالسيوم بالدم فهو متعلق ب: 
 - نقص في استهلاك الكالسيوم. 
 - قصور الدريقات. 
 - نقص المغنيسيوم أو الفيتامين د. 
 - المعالجة بالأدوية المدرّة للبول. 
 - فرط الفوسفاتاز بالدم. 
 - الإسهال الشديد. 
 - الفشل الكلوي.","In case of high calcium levels: 
- Avoid all calcium containing supplementation under professional supervision  
- Ensure you are well hydrated 
In case of low calcium levels: 
- Check your vitamin D levels as low levels can inhibit calcium absorption 
- Consume whole foods cooked with bones (especially fish) and bone broths 
- Consume cooked dark green leafy vegetables and tinned fish (with bones) 
- Consider calcium supplementation under professional supervision 
- Consult your doctor to rule out any underlying conditions","في حال ارتفاع مستويات الكالسيوم: 
 - تجنب تناول المكملات التي تحتوي على الكالسيوم تحت إشراف متخصص. 
 - احرص على شرب الماء. 
 في حال انخفاض مستويات الكالسيوم: 
 - تحقق من مستويات فيتامين (د) في الجسم، نظرًا لأن المستويات المنخفضة قد تمنع امتصاص الكالسيوم. 
 - تناول وجبة غذائية متكاملة مطبوخة مع العظام (خاصة الأسماك) ومرق العظام. 
 - تناول الخضراوات الورقية الداكنة المطبوخة والأسماك المعلبة (مع العظام). 
 - تناول مكملات الكالسيوم تحت اشراف متخصص. 
 - استشر طبيبك للتحقق ما إذا كان هناك أي عوامل أخرى.",1,1,1,Normal - range: 8.5 to 10.6 | High - range: 10.6 to 12.6 | Normal - range: 8.5 to 10.6 | Low - range: 0 to 8.5 | High - range: 10.6 to 12.6 | Low - range: 0 to 8.5 | High - range: 10.6 to 12.6 | Normal - range: 8.2 to 10.6 | Low - range: 0 to 8.2 | High - range: 10.6 to 12.6 | Normal - range: 8.2 to 10.6 | Low - range: 0 to 8.2,1,1,1
53,Zinc,"Zinc is an essential nutrient that is needed for the normal development and function of many immune cells. Because of the critical role it plays, even a mild deficiency can impair immune function and increase the risk of bacterial and viral infections.",يعد الزنك أحد العناصر الغذائية الأساسية اللازمة للنمو الطبيعي وتعزيز عمل العديد من الخلايا المناعية. وبالنظر إلى الدور الهام الذي يؤديه في الجسم، فإن أي نقص فيه، حتى لو كان معتدلًا، يؤثر على عمل الجهاز المناعي ويزيد من خطر الإصابة بالعدوى الفيروسية والبكتيرية.,"Zinc is an essential nutrient that is needed for the normal development and function of many immune cells. Because of the critical role it plays, even a mild deficiency can impair immune function and increase the risk of bacterial and viral infections.",يعد الزنك أحد العناصر الغذائية الأساسية اللازمة للنمو الطبيعي وتعزيز عمل العديد من الخلايا المناعية. وبالنظر إلى الدور الهام الذي يؤديه في الجسم، فإن أي نقص فيه، حتى لو كان معتدلًا، يؤثر على عمل الجهاز المناعي ويزيد من خطر الإصابة بالعدوى الفيروسية والبكتيرية.,"Many factors can lead to having high zinc levels such as: 
- Supplementation 
Many factors can lead to having low zinc levels such as: 
- Gut disorders 
- Low dietary intake 
- Pregnancy or breastfeeding 
- Vegetarianism 
- Diabetes 
- Sickle cell anemia","ينجم ارتفاع مستويات الزنك عن عدة أسباب، منها: 
 - تناول المكملات. 
 أما انخفاض مستويات الزنك فيرجع إلى عدة عوامل، منها: 
 - اضطرابات الأمعاء. 
 - نقص التغذية. 
 - الحمل أو الرضاعة الطبيعية. 
 - اتباع نظام غذائي نباتيّ كلي. 
 - السكري. 
 - مرض فقر الدم.","In case of high zinc levels: 
- Avoid zinc containing supplementation under professional supervision 
In case of low zinc levels: 
- Consume zinc rich foods such as beans, nuts, seafood, and whole grains 
- Consider zinc supplementation under professional supervision","في حال ارتفاع مستويات الزنك: 
 - تجنب تناول المكملات الغذائية التي تحتوي على الزنك تحت اشراف متخصص. 
 أما في حال انخفاض مستويات الزنك: 
 - تناول الأطعمة الغنية بالزنك مثل البقوليات والمكسرات والأطعمة البحرية والحبوب الكاملة. 
 - تناول مكملات الزنك تحت اشراف متخصص.",1,1,1,Low - range: 0 to 69 | High - range: 150 to 207 | Normal - range: 45 to 150 | Low - range: 0 to 45 | High - range: 150 to 207 | Normal - range: 45 to 150 | Low - range: 0 to 45 | High - range: 120 to 300 | Normal - range: 69 to 120 | Low - range: 0 to 69 | High - range: 120 to 300 | Normal - range: 69 to 120,1,1,1
54,Total Cholesterol,"This test is a measure of the total amount of cholesterol in your blood. It includes both low-density lipoprotein (LDL - ""bad"") cholesterol and high-density lipoprotein (HDL - ""good"") cholesterol.",إن هذا الاختبار يقيس المستوى الاجمالي للكوليستيرول في جسمك و الذي يتضمن الكوليستيرول الجيد والكوليستيرول السيء.,"The total cholesterol test measures the total amount of cholesterol in the blood which includes both low-density lipoprotein (LDL - ""bad"") cholesterol and high-density lipoprotein (HDL - ""good"") cholesterol.",إن هذا الفحص يقيس المستوى الاجمالي للكوليستيرول في الجسم و الذي يتضمن الكوليستيرول الجيد والكوليستيرول الضار.,"Many factors can lead to having high total cholesterol levels such as: 
- Genetics 
- Aging 
- Unhealthy lifestyle habits such as smoking and a diet high in refined carbohydrates (like white bread and sugars) 
- Excess weight 
- Certain medications such as steroids 
Many factors can lead to having low total cholesterol levels (within normal ranges) (desirable) such as: 
- Genetics  
- Consuming a balanced diet and leading a healthy lifestyle","ينجم إرتفاع مستوى اجمالي الكوليستيرول عن عدة أسباب، منها: 
 - إتباع نمط حياة وعادات غذائية غير صحية مثل التدخين وتناول الأطعمة العالية بالدهون ولكربوهيدرات المصنعة بكثرة. 
 - الوزن الزائد. 
 - العمر. 
 أما إنخفاض مستوى اجمالي الكوليستيرول فهو أمر محبب متعلق ب: 
 - عوامل وراثية. 
 - إتباع نظام غذائي ونمط حياة صحيين.","In case of high total cholesterol levels:  
- Consume a healthy diet that is low in cholesterol and simple carbohydrates such as sugar and white flour, and rich in fibers and plant sterols (found in vegetable margarine and nuts) 
- Engage in regular physical activity. The kind that gets your heart pumping is best 
- Maintain a healthy weight Losing even 2 to 5 kilograms can improve your cholesterol levels 
- Quit smoking 
- Consult your doctor for advice on medication 
In case of low total cholesterol levels: 
- Low levels are usually desirable. Consult your doctor in case of levels below normal ranges 
 
*Cholesterol biomarkers are best interpreted in the context of the entire cholesterol profile.","في حال ارتفاع مستويات إجمالي الكوليستيرول: 
 - اتبع نظامًا غذائيًا صحيًا يحتوي على معدلات منخفضة من الدهون المصنعة والكربوهيدرات البسيطة مثل السكر، وغني بالألياف وستيرول النباتات (الموجود في السمن النباتي والمكسرات). 
 - مارس النشاط البدني بانتظام، مع التركيز على التمارين التي ترفع معدل نبضات القلب وتحسن تدفق الدم. 
 - حافظ على وزن صحي، إذ يمكن لفقدان ما بين 2 إلى 5 كيلوغرامات تحسين مستويات الكوليسترول في الدم. 
 - أقلع عن التدخين. 
 - استشر طبيبك فيما يخص الأدوية. 
 أما في حال انخفاض مستويات إجمالي الكوليستيرول: 
 - عادةً ما تكون المستويات المنخفضة صحيةً أكثر، ولكن استشر طبيبك في حال انخفاض المستوى عن المعدلات الطبيعية. 
 
 * من الأفضل تفسير المؤشرات الحيوية للكوليسترول بعد إجراء تحليلات شاملة للدهنيات في الدم.",1,1,1,Desirable - range: 0 to 199 | Borderline High - range: 199 to 240 | High - range: 240 to 500 | Borderline High - range: 199 to 240 | High - range: 240 to 500 | Optimal - range: 0 to 199 | Moderate - range: 199 to 240 | HIgh - range: 240 to 500 | Optimal - range: 0 to 199 | Moderate - range: 199 to 240 | HIgh - range: 240 to 500 | Desirable - range: 0 to 199,1,1,1
55,High Density Lipoprotein (HDL),"Also known as ""the good cholesterol"", HDL helps remove other forms of cholesterol from your bloodstream. Higher levels of HDL cholesterol are associated with a lower risk of heart disease.","يُعرف كوليسترول البروتين الدهني عالي الكثافة باسم الكوليسترول ""المفيد"" لأنه يساعد في تخليص مجرى الدم من أشكال أخرى من الكوليسترول. ويرتبط ارتفاع مستويات كوليسترول البروتين الدهني عالي الكثافة بانخفاض مخاطر الإصابة بأمراض القلب.","High density lipoprotein (HDL) cholesterol, also known as ""the good cholesterol"", helps remove other forms of cholesterol from the bloodstream. It is desirable to have high levels of HDL cholesterol as it is associated with a lower risk of heart disease.","يُعرف كوليسترول البروتين الدهني عالي الكثافة باسم الكوليسترول ""المفيد"" لأنه يساعد في تخليص مجرى الدم من أشكال أخرى من الكوليسترول. ويرتبط ارتفاع مستويات كوليسترول البروتين الدهني عالي الكثافة بانخفاض مخاطرالإصابة بأمراض القلب لذلك يحبذ الحفاظ على مستوى مرتفع منه في الدم.","Many factors can lead to having low HDL levels such as: 
- Genetics 
- Aging 
- Unhealthy lifestyle habits such as smoking and a diet high in refined carbohydrates (like white bread and sugars) 
- Excess weight 
- Certain medications such as steroids 
Many factors can lead to having high (desirable) HDL levels such as: 
- Genetics  
- Consuming a balanced diet and leading a healthy lifestyle 
- Moderate alcohol consumption","ينجم انخفاض مستوى البروتين الدهني العالي الكثافة (HDL) عن عدة أسباب، منها: 
 - عوامل وراثية. 
 - إتباع نمط حياة وعادات غذائية غير صحية مثل التدخين وتناول الأطعمة العالية بالدهون ولكربوهيدرات المصنعة بكثرة. 
 - الوزن الزائد . 
 - بعض الأدوية مثل الستيرويدات. 
 أما إرتفاع مستوى كوليسترول البروتين الدهني عالي الكثافة فهو أمر محبب متعلق ب: 
 - عوامل وراثية. 
 - إتباع نظام غذائي ونمط حياة صحيين. 
 - تناول الكحول بإعتدال.","In case of high HDL levels: 
- High levels are usually desirable. Consult your doctor in case of levels above normal ranges. 
In case of low HDL levels: 
- Consume a healthy diet that is low in cholesterol and simple carbohydrates such as sugar and white flour, and rich in fibers and plant sterols (found in vegetable margarine and nuts) 
- Engage in regular physical activity (the kind that gets your heart pumping is best) 
- Maintain a healthy weight as losing even 2 to 5 kilograms can improve your cholesterol levels 
- Quit smoking 
 
*Cholesterol biomarkers are best interpreted in the context of the entire cholesterol profile.","في حال ارتفاع مستويات البروتين الدهني عالي الكثافة: 
 - عادةً ما تكون المستويات العالية صحيةً أكثر، ولكن استشر طبيبك في حال كانت المستويات أعلى من الطبيعي. 
 أما في حال انخفاض مستويات البروتين الدهني عالي الكثافة: 
 - اتبع نظامًا غذائيًا صحيًا يحتوي على معدلات منخفضة من الدهون المصنعة والكربوهيدرات البسيطة مثل السكر، وغني بالألياف وستيرول النباتات (الموجود في السمن النباتي والمكسرات). 
 - مارس النشاط البدني بانتظام، مع التركيز على التمارين التي ترفع معدل نبضات القلب وتحسن تدفق الدم. 
 - حافظ على وزن صحي، إذ يمكن لفقدان ما بين 2 إلى 5 كيلوغرامات تحسين مستويات الكوليسترول في الدم. 
 - أقلع عن التدخين. 
 
 * من الأفضل تفسير المؤشرات الحيوية للكوليسترول بعد إجراء تحليلات شاملة للدهنيات في الدم.",1,1,1,High - range: 65 to 140 | High - range: 65 to 140 | Normal - range: 35.9 to 65 | Low - range: 0 to 35.9 | Normal - range: 35.9 to 65 | Low - range: 0 to 35.9 | Normal - range: 50 to 140 | Low - range: 0 to 50 | Normal - range: 40 to 140 | Low - range: 0 to 40,1,1,1
56,Low Density Lipoprotein(LDL),Refers to the overall level of LDL,"ينظم هذا البروتين الدهني عملية تصنيع الكوليسترول. كما يُستهدف في الطب عند قياس نسبة الكوليسترول في الدم وُيطلق عليه ""الكوليسترول السيء"" لأن ارتفاعه يترافق مع زيادة خطر حدوث مرض القلب الإكليلي (التاجي) (Coronary artery disease).","Low density lipoprotein (LDL) cholesterol is often called the “bad cholesterol"" because it collects in the walls of blood vessels, raising chances of heart related problems like coronary artery disease, heart attacks, and strokes.","ينظم هذا البروتين الدهني عملية تصنيع الكوليسترول. كما يُستهدف في الطب عند قياس نسبة الكوليسترول في الدم وُيطلق عليه ""الكوليسترول الضار"" لأن ارتفاعه يترافق مع زيادة خطر حدوث مرض القلب الإكليلي (التاجي) (Coronary artery disease).","Many factors can lead to having high LDL levels such as: 
- Genetics 
- Aging 
- Unhealthy lifestyle habits such as smoking and a diet high in refined carbohydrates (like white bread and sugars) 
- Excess weight 
- Certain medications such as steroids 
Many factors can lead to having low (desirable) HDL levels such as: 
- Genetics  
- Consuming a balanced diet and leading a healthy lifestyle","ينجم إرتفاع كوليستيرول البروتين الدهني منخفض الكثافة (LDL) عن عدة أسباب، منها: 
 - إتباع نمط حياة وعادات غذائية غير صحية مثل التدخين وتناول الأطعمة العالية بالدهون ولكربوهيدرات المصنعة بكثرة. 
 - الوزن الزائد. 
 - العمر.  
 أما إنخفاض كوليستيرول البروتين الدهني منخفض الكثافة (LDL) (ضمن المعدل الطبيعي) فهو أمر محبب متعلق ب: 
 - عوامل وراثية. 
 - إتباع نظام غذائي ونمط حياة صحيين.","In case of high LDL levels:  
- Consume a healthy diet that is low in cholesterol and simple carbohydrates such as sugar and white flour, and rich in fibers and plant sterols (found in vegetable margarine and nuts) 
- Engage in regular physical activity. The kind that gets your heart pumping is best 
- Maintain a healthy weight Losing even 2 to 5 kilograms can improve your cholesterol levels 
- Quit smoking 
- Consult your doctor for advice on medication 
In case of low LDL levels: 
- Low levels are usually desirable. Consult your doctor in case of levels below normal ranges 
 
*Cholesterol biomarkers are best interpreted in the context of the entire cholesterol profile.","في حال ارتفاع كوليستيرول البروتين الدهني منخفض الكثافة: 
 - اتبع نظامًا غذائيًا صحيًا يحتوي على معدلات منخفضة من الدهون المصنعة والكربوهيدرات البسيطة مثل السكر، وغني بالألياف وستيرول النباتات (الموجود في السمن النباتي والمكسرات). 
 - مارس النشاط البدني بانتظام، مع التركيز على التمارين التي ترفع معدل نبضات القلب وتحسن تدفق الدم. 
 - حافظ على وزن صحي، إذ يمكن لفقدان ما بين 2 إلى 5 كيلوغرامات تحسين مستويات الكوليسترول في الدم. 
 - أقلع عن التدخين. 
 - استشر طبيبك فيما يخص الأدوية. 
 أما في حال انخفاض كوليستيرول البروتين الدهني منخفض الكثافة: 
 - عادةً ما تكون المستويات المنخفضة صحيةً أكثر، ولكن استشر طبيبك في حال انخفاض المستوى عن المعدلات الطبيعية. 
 
 * من الأفضل تفسير المؤشرات الحيوية للكوليسترول بعد إجراء تحليلات شاملة للدهنيات في الدم.",1,1,1,Desirable - range: 0 to 99 | Above Desirable - range: 99 to 129 | Borderline High - range: 129 to 159 | High - range: 159 to 189 | Very High - range: 189 to 365 | Desirable - range: 0 to 99 | Above Desirable - range: 99 to 129 | Borderline High - range: 129 to 159 | High - range: 159 to 189 | Very High - range: 189 to 365 | Optimal - range: 0 to 129 | High - range: 159 to 500 | Optimal - range: 0 to 129 | Moderate - range: 129 to 159 | High - range: 159 to 500 | Moderate - range: 130 to 159,1,1,1
57,Non-HDL Cholesterol,"Non-HDL cholesterol, as its name implies, simply subtracts your high-density lipoprotein (HDL, or ""good"") cholesterol number from your total cholesterol number. So it contains all the ""bad"" types of cholesterol.","أنه مجمل كمية الكوليسترول الموجودة في البروتينات الدهنية باستثناء البروتين الدهني عالي الكثافة (HDL)، ويتم حساب مستوى الكوليسترول غير HDL من خلال طرح HDL من إجمال الكوليسترول، حيث يتضمن تحليل Non-HDL على جميع أنواع الكوليسترول ""السيء"".","This number refers to the level of all the ""bad"" types of cholesterol in the blood. It is calculated by subtracting the high-density lipoprotein (HDL, or ""good cholesterol"") number from the total cholesterol number.","أنه مجمل كمية الكوليسترول الموجودة في البروتينات الدهنية باستثناء البروتين الدهني عالي الكثافة (HDL)، ويتم حساب مستوى الكوليسترول غير HDL من خلال طرح HDL من إجمالي الكوليسترول، حيث يتضمن تحليل Non-HDL على جميع أنواع الكوليسترول ""الضار"".","Many factors can lead to having high non-HDL cholesterol levels such as: 
- Genetics 
- Aging 
- Unhealthy lifestyle habits such as smoking and a diet high in refined carbohydrates (like white bread and sugars) 
- Excess weight 
- Certain medications such as steroids 
Many factors can lead to having low non-HDL cholesterol levels (within normal ranges) (desirable) such as: 
- Genetics  
- Consuming a balanced diet and leading a healthy lifestyle","ينجم إرتفاع مستوى البروتين الدهني غير مرتفع الكثافة عن عدة أسباب، منها: 
 - إتباع نمط حياة وعادات غذائية غير صحية مثل التدخين وتناول الأطعمة العالية بالدهون ولكربوهيدرات المصنعة بكثرة. 
 - إتباع نظام غذائي غير صحي عالي بالدهون المشبعة و المصنعة. 
 - الوزن الزائد. 
 - العمر.  
 أما إنخفاض مستوى البروتين الدهني غير مرتفع الكثافة (ضمن المعدل الطبيعي) فهو أمر محبب متعلق ب: 
 - عوامل وراثية. 
 - إتباع نظام غذائي ونمط حياة صحيين.","In case of high non-HDL cholesterol levels:  
- Consume a healthy diet that is low in cholesterol and simple carbohydrates such as sugar and white flour, and rich in fibers and plant sterols (found in vegetable margarine and nuts) 
- Engage in regular physical activity (the kind that gets your heart pumping is best) 
- Maintain a healthy weight as losing even 2 to 5 kilograms can improve your cholesterol levels 
- Quit smoking 
- Consult your doctor for advice on medication 
In case of low non-HDL cholesterol HDL levels: 
- Low levels are usually desirable. Consult your doctor in case of levels below normal ranges 
 
*Cholesterol biomarkers are best interpreted in the context of the entire cholesterol profile.","في حال ارتفاع مستويات البروتين الدهني غير مرتفع الكثافة: 
 - اتبع نظامًا غذائيًا صحيًا يحتوي على معدلات منخفضة من الدهون المصنعة والكربوهيدرات البسيطة مثل السكر، وغني بالألياف وستيرول النباتات (الموجود في السمن النباتي والمكسرات). 
 - مارس النشاط البدني بانتظام، مع التركيز على التمارين التي ترفع معدل نبضات القلب وتحسن تدفق الدم. 
 - حافظ على وزن صحي، إذ يمكن لفقدان ما بين 2 إلى 5 كيلوغرامات تحسين مستويات الكوليسترول في الدم. 
 - أقلع عن التدخين. 
 - استشر طبيبك فيما يخص الأدوية. 
 أما في حال انخفاض مستويات البروتين الدهني غير مرتفع الكثافة: 
 - عادةً ما تكون المستويات المنخفضة صحيةً أكثر، ولكن استشر طبيبك في حال انخفاض المستوى عن المعدلات الطبيعية. 
 
 * من الأفضل تفسير المؤشرات الحيوية للكوليسترول بعد إجراء تحليلات شاملة للدهنيات في الدم.",1,1,1,High Risk - range: 130 to 395 | High Risk - range: 130 to 395 | Desirable - range: 0 to 130 | High Risk - range: 130 to 395 | Desirable - range: 0 to 130 | Normal - range: 0 to 130 | High Risk - range: 130 to 395 | Normal - range: 0 to 130,1,1,1
58,Very Low Density Lipoprotein(VLDL),"Very-low-density lipoprotein (VLDL) cholesterol is produced in the liver and released into the bloodstream to supply body tissues with a type of fat (triglycerides). High levels of VLDL cholesterol have been associated with the development of plaque deposits on artery walls, which narrow the passage and restrict blood flow.",يُنتَج كوليسترول البروتين الدهني منخفض الكثافة للغاية (VLDL) في الكبد ويُطلَق في مجرى الدم لتزويد أنسجة الجسم بنوع من الدهون (الدهون الثلاثية). وقد ارتبط ارتفاع مستويات كوليسترول البروتين الدهني منخفض الكثافة للغاية بظهور ترسّبات اللويحات على جدران الشرايين، ما يضيق ممر تدفق الدم ويقيده.,"Very-low-density lipoprotein (VLDL) cholesterol is produced in the liver and released into the bloodstream to supply body tissues with a type of fat (triglycerides). High levels of VLDL cholesterol are associated with the development of plaque deposits on artery walls, which narrows the blood passage and restricts blood flow.",يُنتَج كوليسترول البروتين الدهني منخفض الكثافة للغاية (VLDL) في الكبد ويُطلَق في مجرى الدم لتزويد أنسجة الجسم بنوع من الدهون (الدهون الثلاثية). وقد ارتبط ارتفاع مستويات كوليسترول البروتين الدهني منخفض الكثافة للغاية بظهور ترسّبات اللويحات على جدران الشرايين، ما يضيق ممر تدفق الدم ويقيده.,"Many factors can lead to having high VLDL levels such as: 
- Genetics 
- Aging 
- Unhealthy lifestyle habits such as smoking and a diet high in refined carbohydrates (like white bread and sugars) 
- Excess weight 
- Certain medications such as steroids 
Many factors can lead to having low VLDL levels (within normal/desirable ranges) such as: 
- Genetics  
- Consuming a balanced diet and leading a healthy lifestyle","ينجم إرتفاع مستوى كوليسترول البروتين الدهني منخفض الكثافة للغاية (VLDL) عن عدة أسباب، منها: 
 - إتباع نمط حياة وعادات غذائية غير صحية مثل التدخين وتناول الأطعمة العالية بالدهون ولكربوهيدرات المصنعة بكثرة. 
 - الوزن الزائد. 
 - العمر. 
 أما إنخفاض مستوى كوليسترول البروتين الدهني منخفض الكثافة للغاية (VLDL) فهو أمر محبب متعلق ب: 
 - عوامل وراثية. 
 - إتباع نظام غذائي ونمط حياة صحيين.","In case of high VLDL levels:  
- Consume a healthy diet that is low in cholesterol and simple carbohydrates such as sugar and white flour, and rich in fibers and plant sterols (found in vegetable margarine and nuts) 
- Engage in regular physical activity. The kind that gets your heart pumping is best 
- Maintain a healthy weight Losing even 2 to 5 kilograms can improve your cholesterol levels 
- Quit smoking 
- Consult your doctor for advice on medication 
In case of low VLDL levels: 
- Low levels are usually desirable. Consult your doctor in case of levels below normal ranges 
 
*Cholesterol biomarkers are best interpreted in the context of the entire cholesterol profile.","في حال ارتفاع مستويات كوليسترول البروتين الدهني منخفض الكثافة للغاية: 
 - اتبع نظامًا غذائيًا صحيًا يحتوي على معدلات منخفضة من الدهون المصنعة والكربوهيدرات البسيطة مثل السكر، وغني بالألياف وستيرول النباتات (الموجود في السمن النباتي والمكسرات). 
 - مارس النشاط البدني بانتظام، مع التركيز على التمارين التي ترفع معدل نبضات القلب وتحسن تدفق الدم. 
 - حافظ على وزن صحي، إذ يمكن لفقدان ما بين 2 إلى 5 كيلوغرامات تحسين مستويات الكوليسترول في الدم. 
 - أقلع عن التدخين. 
 - استشر طبيبك فيما يخص الأدوية. 
 أما في حال انخفاض مستويات كوليسترول البروتين الدهني منخفض الكثافة للغاية: 
 - عادةً ما تكون المستويات المنخفضة صحيةً أكثر، ولكن استشر طبيبك في حال انخفاض المستوى عن المعدلات الطبيعية. 
 
 * من الأفضل تفسير المؤشرات الحيوية للكوليسترول بعد إجراء تحليلات شاملة للدهنيات في الدم.",1,1,1,Normal - range: 0 to 30 | Normal - range: 0 to 30 | Normal - range: 0 to 30 | High - range: 30 to 190.2 | High - range: 30 to 190.2 | Normal - range: 0 to 30,1,1,1
59,Triglycerides,"Triglycerides are lipids (waxy fats) that give your body energy. Your body makes triglycerides and also gets it from the foods you eat. High triglycerides combined with high cholesterol raise your risk of heart attack, strokes, and other health issues.",الدهون الثلاثية (Triglycerides)، هي إحدى أنواع الدهون التي يستخدمها الجسم كمصدر للطاقة. يحصل الجسم على الدهون الثلاثية من مصادر الغذاء المختلفة، حيث تعد المكون الرئيسي للزيوت النباتية. كذلك، تصنع الدهون الثلاثية داخل الجسم بواسطة الكبد. يعد ارتفاع مستوى الدهون الثلاثية في الدم بالإضافة إلى ارتفاع مستوى الكوليسترول من عوامل الخطورة للإصابة بأمراض القلب، والسكتات الدماغية، وتصلب الشرايين.,"Triglycerides are lipids (waxy fats) that give energy to the body. The body can make triglycerides and can also get them from foods. High triglycerides combined with high cholesterol raise the risk of heart attack, strokes, and other health issues.",الدهون الثلاثية (Triglycerides)، هي إحدى أنواع الدهون التي يستخدمها الجسم كمصدر للطاقة. يحصل الجسم على الدهون الثلاثية من مصادر الغذاء المختلفة، حيث تعد المكون الرئيسي للزيوت النباتية. كذلك، تصنع الدهون الثلاثية داخل الجسم بواسطة الكبد. يعد ارتفاع مستوى الدهون الثلاثية في الدم بالإضافة إلى ارتفاع مستوى الكوليسترول من عوامل الخطورة للإصابة بأمراض القلب، والسكتات الدماغية، وتصلب الشرايين.,"Many factors can lead to having high triglycerides levels such as: 
- Genetics 
- Aging 
- Unhealthy lifestyle habits such as smoking and a diet high in refined carbohydrates (like white bread and sugars) 
- Excess weight 
- Certain medications such as steroids 
Many factors can lead to having low triglycerides levels (within normal/desirable ranges) such as: 
- Genetics  
- Consuming a balanced diet and leading a healthy lifestyle","ينجم إرتفاع مستوى الدهون الثلاثية (TG) عن عدة أسباب، منها: 
 - إتباع نمط حياة وعادات غذائية غير صحية مثل التدخين وتناول الأطعمة العالية بالدهون ولكربوهيدرات المصنعة بكثرة. 
 - الوزن الزائد. 
 - العمر. 
 أما إنخفاض مستوى الدهون الثلاثية (TG) فهو أمر محبب متعلق ب: 
 - عوامل وراثية. 
 - إتباع نظام غذائي ونمط حياة صحيين.","In case of high triglycerides levels:  
- Consume a healthy diet that is low in cholesterol and simple carbohydrates such as sugar and white flour, and rich in fibers and plant sterols (found in vegetable margarine and nuts) 
- Engage in regular physical activity. The kind that gets your heart pumping is best 
- Maintain a healthy weight Losing even 2 to 5 kilograms can improve your cholesterol levels 
- Quit smoking 
- Consult your doctor for advice on medication 
In case of low triglycerides levels: 
- Low levels are usually desirable. Consult your doctor in case of levels below normal ranges 
 
*Cholesterol biomarkers are best interpreted in the context of the entire cholesterol profile.","في حال ارتفاع مستويات الدهون الثلاثية: 
 - اتبع نظامًا غذائيًا صحيًا يحتوي على معدلات منخفضة من الدهون المصنعة والكربوهيدرات البسيطة مثل السكر، وغني بالألياف وستيرول النباتات (الموجود في السمن النباتي والمكسرات). 
 - مارس النشاط البدني بانتظام، مع التركيز على التمارين التي ترفع معدل نبضات القلب وتحسن تدفق الدم. 
 - حافظ على وزن صحي، إذ يمكن لفقدان ما بين 2 إلى 5 كيلوغرامات تحسين مستويات الكوليسترول في الدم. 
 - أقلع عن التدخين. 
 - استشر طبيبك فيما يخص الأدوية. 
 أما في حال انخفاض مستويات الدهون الثلاثية: 
 - عادةً ما تكون المستويات المنخفضة صحيةً أكثر، ولكن استشر طبيبك في حال انخفاض المستوى عن المعدلات الطبيعية. 
 
 * من الأفضل تفسير المؤشرات الحيوية للكوليسترول بعد إجراء تحليلات شاملة للدهنيات في الدم.",1,1,1,Normal - range: 0 to 149 | Borderline High - range: 149 to 199 | High - range: 199 to 499 | Very High - range: 499 to 960 | Normal - range: 0 to 149 | Borderline High - range: 149 to 199 | High - range: 199 to 499 | Very High - range: 499 to 960 | Optimal - range: 0 to 149 | High - range: 200 to 450 | Optimal - range: 0 to 149 | Moderate - range: 149 to 200 | High - range: 200 to 450 | optimal range - range: 0 to 100 | optimal range - range: 0 to 100 | Moderate - range: 149 to 200,1,1,1
60,Total Cholesterol/HDL Ratio,This calculated number refers to the ratio of total cholesterol to HDL cholesterol (good cholesterol) in your body and is used a marker to asses the risk of developing heart diseases whereby a higher ratio signifies a higher risk.,يمثل هذا المعدل المحتسب نسبة اجمالي الكوليستيرول على نسبة كوليستيرول البروتين الدهني العالي الكثافة (الكوليسترول الجيد) و يشير ارتفاع هذه النسبة إلى زيادة خطر الإصابة بمرض بالقلب.,The total cholesterol/HDL ratio is a calculated number that refers to the ratio of total cholesterol to HDL cholesterol (good cholesterol) in the body and is used a marker to assess the risk of developing heart diseases whereby a higher ratio signifies a higher risk.,يمثل هذا المعدل المحتسب نسبة اجمالي الكوليستيرول على نسبة كوليستيرول البروتين الدهني العالي الكثافة (الكوليسترول الجيد) ويشير ارتفاع هذه النسبة إلى زيادة خطرالإصابة بمرض بالقلب.,"Many factors can lead to having high total cholesterol/HDL ratio levels such as: 
- Genetics 
- Aging 
- Unhealthy lifestyle habits such as smoking and a diet high in refined carbohydrates (like white bread and sugars) 
- Excess weight 
- Certain medications such as steroids 
Many factors can lead to having low total cholesterol/HDL ratio levels (within normal ranges) (desirable) such as: 
- Genetics  
- Consuming a balanced diet and leading a healthy lifestyle","ينجم إرتفاع نسبة اجمالي الكوليستيرول/البروتين الدهني العالي الكثافة عن عدة أسباب، منها: 
 - إتباع نمط حياة وعادات غذائية غير صحية مثل التدخين وتناول الأطعمة العالية بالدهون ولكربوهيدرات المصنعة بكثرة. 
 - الوزن الزائد. 
 - العمر. 
 أما إنخفاض نسبة اجمالي الكوليستيرول/البروتين الدهني العالي الكثافة فهو أمر محبب متعلق ب: 
 - عوامل وراثية. 
 - إتباع نظام غذائي ونمط حياة صحيين.","In case of high total cholesterol/HDL ratio levels:  
- Consume a healthy diet that is low in cholesterol and simple carbohydrates such as sugar and white flour, and rich in fibers and plant sterols (found in vegetable margarine and nuts) 
- Engage in regular physical activity. The kind that gets your heart pumping is best 
- Maintain a healthy weight Losing even 2 to 5 kilograms can improve your cholesterol levels 
- Quit smoking 
- Consult your doctor for advice on medication 
In case of low total cholesterol/HDL ratio levels: 
- Low levels are usually desirable. Consult your doctor in case of levels below normal ranges 
 
*Cholesterol biomarkers are best interpreted in the context of the entire cholesterol profile.","في حال ارتفاع مستويات الدهون الثلاثية: 
 - اتبع نظامًا غذائيًا صحيًا يحتوي على معدلات منخفضة من الدهون المصنعة والكربوهيدرات البسيطة مثل السكر، وغني بالألياف وستيرول النباتات (الموجود في السمن النباتي والمكسرات). 
 - مارس النشاط البدني بانتظام، مع التركيز على التمارين التي ترفع معدل نبضات القلب وتحسن تدفق الدم. 
 - حافظ على وزن صحي، إذ يمكن لفقدان ما بين 2 إلى 5 كيلوغرامات تحسين مستويات الكوليسترول في الدم. 
 - أقلع عن التدخين. 
 - استشر طبيبك فيما يخص الأدوية. 
 أما في حال انخفاض مستويات الدهون الثلاثية: 
 - عادةً ما تكون المستويات المنخفضة صحيةً أكثر، ولكن استشر طبيبك في حال انخفاض المستوى عن المعدلات الطبيعية. 
 
 * من الأفضل تفسير المؤشرات الحيوية للكوليسترول بعد إجراء تحليلات شاملة للدهنيات في الدم.",1,1,1,Normal - range: 0 to 4.4 | High - range: 4.9 to 10 | Normal - range: 0 to 4.9 | High - range: 4.9 to 10 | Normal - range: 0 to 4.9 | High - range: 4.4 to 24 | High - range: 4.4 to 24 | Normal - range: 0 to 4.4,1,1,1
61,LDL/HDL Ratio,"This calculated number refers to the ratio of ""bad cholesterol"" to ""good cholesterol"" in your body and used a marker for the risk of heart diseases whereby a higher ratio signifies a higher risk.",يمثل هذا المعدل المحتسب نسبة الكوليسترول السيئ على نسبة الكوليسترول الجيد و يشير ارتفاع هذه النسبة إلى زيادة خطر الإصابة بمرض بالقلب.,"LDL/HDL ratio is a calculated number that refers to the ratio of ""bad cholesterol"" to ""good cholesterol"" in the body and is used as a marker for the risk of heart diseases whereby a higher ratio signifies a higher risk.",يمثل هذا المعدل نسبة الكوليسترول الضار على نسبة الكوليسترول الجيد و يشير ارتفاع هذه النسب إلى زيادة خطر الإصابة بمرض بالقلب.,"Many factors can lead to having high LDL/HDL ratio levels such as: 
- Genetics 
- Aging 
- Unhealthy lifestyle habits such as smoking and a diet high in refined carbohydrates (like white bread and sugars) 
- Excess weight 
- Certain medications such as steroids 
Many factors can lead to having low LDL/HDL ratio levels (within normal ranges) (desirable) such as: 
- Genetics  
- Consuming a balanced diet and leading a healthy lifestyle","ينجم إرتفاع معدل الكوليسترول السيئ/ الكوليسترول الجيد عن عدة أسباب، منها: 
 - إتباع نمط حياة وعادات غذائية غير صحية مثل التدخين وتناول الأطعمة العالية بالدهون ولكربوهيدرات المصنعة بكثرة. 
 - الوزن الزائد. 
 - العمر. 
 أما إنخفاض معدل الكوليسترول السيئ/ الكوليسترول الجيد فهو أمر محبب متعلق ب: 
 - عوامل وراثية. 
 - إتباع نظام غذائي ونمط حياة صحيين.","In case of high LDL/HDL ratio levels:  
- Consume a healthy diet that is low in cholesterol and simple carbohydrates such as sugar and white flour, and rich in fibers and plant sterols (found in vegetable margarine and nuts) 
- Engage in regular physical activity (the kind that gets your heart pumping is best) 
- Maintain a healthy weight as losing even 2 to 5 kilograms can improve your cholesterol levels 
- Quit smoking 
- Consult your doctor for advice on medication 
In case of low LDL/HDL ratio levels: 
- Low levels are usually desirable. Consult your doctor in case of levels below normal ranges 
 
*Cholesterol biomarkers are best interpreted in the context of the entire cholesterol profile.","في حال ارتفاع معدل الكوليسترول الضار/ الكوليسترول الجيد: 
 
 - اتبع نظامًا غذائيًا صحيًا يحتوي على معدلات منخفضة من الدهون المصنعة والكربوهيدرات البسيطة مثل السكر، وغني بالألياف وستيرول النباتات (الموجود في السمن النباتي والمكسرات). 
 - مارس النشاط البدني بانتظام، مع التركيز على التمارين التي ترفع معدل نبضات القلب وتحسن تدفق الدم. 
 - حافظ على وزن صحي، إذ يمكن لفقدان ما بين 2 إلى 5 كيلوغرامات تحسين مستويات الكوليسترول في الدم. 
 - أقلع عن التدخين. 
 - استشر طبيبك فيما يخص الأدوية. 
 أما في حال انخفاض معدل الكوليسترول الضار/ الكوليسترول الجيد: 
 - عادةً ما تكون المستويات المنخفضة صحيةً أكثر، ولكن استشر طبيبك في حال انخفاض المستوى عن المعدلات الطبيعية. 
 
 * من الأفضل تفسير المؤشرات الحيوية للكوليسترول بعد إجراء تحليلات شاملة للدهنيات في الدم.",1,1,1,Normal - range: 0 to 3.5 | Normal - range: 0 to 3.5 | Normal - range: 0 to 3.5 | High - range: 3.5 to 19.2 | Normal - range: 0 to 3.5 | High - range: 3.5 to 19.2,1,1,1
62,Direct Bilirubin (Conjugated),"Bilirubin is a waste product primarily produced by the normal breakdown of hemoglobin which is the compound in red blood cells that allows them to carry oxygen. Before its excretion out of the body, bilirubin passes through two phases. In the first phase, bilirubin binds to albumin, which allows it to be carried from the blood and into the liver. Bilirubin in this phase is called “indirect” or “unconjugated” bilirubin.
In the second phase, bilirubin gets attached to sugar molecules which makes it water-soluble; bilirubin can then be excreted in bile and eliminated in the stool. Bilirubin in this second phase is called “direct” or “conjugated” bilirubin.","يعد البيليروبين أحد الفضلات الناتجة بشكل أساسي عن التفكك الطبيعي للهيموغلوبين، وهو المركب الموجود في خلايا الدم الحمراء الذي يسمح لها بنقل الأكسجين. ويمر البيليروبين بمرحلتين قبل طرحه من الجسم، إذ يرتبط في المرحلة الأولى بالألبومين الذي يسمح بنقله من الدم إلى الكبد، ويُسمى في هذه المرحلة بالبيليروبين ""غير المباشر"" أو ""غير المقترن"". أما في المرحلة الثانية، فيرتبط البيليروبين بجزئيات السكر، مما يجعلها قابلة للذوبان في الماء، ومن ثم يُفرز في المرارة ويتم التخلص منه من خلال البراز، ويُسمى في هذه المرحلة بالبيليروبين ""المباشر"" أو المقترن.","Bilirubin is a waste product primarily produced by the normal breakdown of hemoglobin which is the compound in red blood cells that allows them to carry oxygen. Before its excretion out of the body, bilirubin passes through two phases. In the first phase, bilirubin binds to albumin, which allows it to be carried from the blood and into the liver. Bilirubin in this phase is called “indirect” or “unconjugated” bilirubin. 
In the second phase, bilirubin gets attached to sugar molecules which makes it water-soluble; bilirubin can then be excreted in bile and eliminated in the stool. Bilirubin in this second phase is called “direct” or “conjugated” bilirubin.","يعد البيليروبين أحد الفضلات الناتجة بشكل أساسي عن التفكك الطبيعي للهيموغلوبين، وهو المركب الموجود في خلايا الدم الحمراء الذي يسمح لها بنقل الأكسجين. ويمر البيليروبين بمرحلتين قبل طرحه من الجسم، إذ يرتبط في المرحلة الأولى بالألبومين الذي يسمح بنقله من الدم إلى الكبد، ويُسمى في هذه المرحلة بالبيليروبين ""غير المباشر"" أو ""غير المقترن"". أما في المرحلة الثانية، فيرتبط البيليروبين بجزئيات السكر، مما يجعلها قابلة للذوبان في الماء، ومن ثم يُفرز في المرارة ويتم التخلص منه من خلال البراز، ويُسمى في هذه المرحلة بالبيليروبين ""المباشر"" أو المقترن.","Many factors can lead to having high direct bilirubin levels such as: 
- Dehydration 
- Liver disease 
- Gallstones 
- Gallbladder inflammation 
- Pancreas inflammation (pancreatitis) 
- Appendix inflammation (appendicitis) 
Many factors can lead to having low direct bilirubin levels such as: 
- Excessive caffeine consumption 
- Certain medications such as NSAIDs","ينجم ارتفاع مستويات البيليروبين المباشرعن عدة أسباب، منها:  
 - الجفاف. 
 - أمراض الكبد. 
 - حصى المرارة. 
 - التهاب المرارة. 
 - التهاب البنكرياس. 
 - التهاب الزائدة الدودية. 
 أما انخفاض مستويات البيليروبين المباشرفيرجع إلى عدة عوامل، منها: 
 - الإفراط في استهلاك الكافيين. 
 - تناول بعض الأدوية مثل المسكنات.","In case of high direct bilirubin levels: 
- Ensure you are well hydrated 
- Consult your doctor to rule out any underlying conditions 
In case of low direct bilirubin levels:  
- Consult your doctor to rule out any underlying conditions 
 
*Liver biomarkers are best interpreted in the context of the entire liver profile.","في حال ارتفاع مستويات البيليروبين المباشر: 
 - احرص على شرب كمية وافرة من السوائل. 
 - استشر طبيبك لمعرفة الأسباب الكامنة وراء ذلك 
 أما في حال انخفاض مستويات البيليروبين المباشر: 
 - استشر طبيبك لمعرفة الأسباب الكامنة وراء ذلك. 
 
 * من الأفضل تفسير المؤشرات الحيوية للكبد بعد إجراء كافة فحوصات وظائف الكبد.",1,1,1,Normal - range: 0 to 0.3 | High - range: 0.3 to 1.3 | Normal - range: 0 to 0.3 | High - range: 0.3 to 1.3 | Normal - range: 0 to 0.25 | Normal - range: 0 to 0.25,1,1,1
63,A/G Ratio,"The albumin/globulin ratio (A/G ratio for short) is a test that compares the concentrations of albumin and globulin in the blood. Albumin and globulin are proteins that are naturally found in the serum, the liquid part of your blood that doesn't include blood cells or clotting components. An imbalance in the ratio of albumin to globulin may signify ongoing inflammation, liver problems, or in rare cases immunodeficiency.",يقارن فحص نسبة الألبومين إلى الجلوبيولين بين تركيزات الألبومين والجلوبيولين في الدم. والألبومين والجلوبيولين هما بروتينان يوجدان بشكل طبيعي في مصل الدم، وهو الجزء السائل من الدم الذي لا يحتوي على خلايا الدم أو مكونات التخثر. وقد يشير عدم التوازن في نسبة الألبومين إلى الجلوبيولين إلى التهاب مستمر أو مشكلات في الكبد أو نقص المناعة في حالات نادرة.,"The albumin/globulin ratio (A/G ratio for short) is a test that compares the concentrations of albumin and globulin in the blood. Albumin and globulin are proteins that are naturally found in the serum, the liquid part of your blood that doesn't include blood cells or clotting components. An imbalance in the ratio of albumin to globulin may signify ongoing inflammation, liver problems, or in rare cases immunodeficiency.",يقارن فحص نسبة الألبومين إلى الجلوبيولين بين تركيزات الألبومين والجلوبيولين في الدم. والألبومين والجلوبيولين هما بروتينان يوجدان بشكل طبيعي في مصل الدم، وهو الجزء السائل من الدم الذي لا يحتوي على خلايا الدم أو مكونات التخثر. وقد يشير عدم التوازن في نسبة الألبومين إلى الجلوبيولين إلى التهاب مستمر أو مشكلات في الكبد أو نقص المناعة في حالات نادرة.,"Many factors can lead to having high A/G ratio levels such as: 
- High albumin due to dehydration 
- High protein intake 
- Low globulin due to inadequate diet 
- Kidney disease 
- Certain medications 
Many factors can lead to having low A/G ratio levels such as: 
- Low albumin or high globulin due to infection or inflammation 
- Gut disorders such as Crohn's disease or Celiac disease 
- Kidney disease 
- Liver disease 
- Excess weight 
- Certain medications","ينجم ارتفاع نسبة الألبومين إلى الجلوبيولين عن عدة أسباب، منها: 
 - ارتفاع نسبة الألبومين نتيجة الجفاف. 
 - تناول نسبة عالية من البروتين. 
 - انخفاض نسبة الجلوبيولين بسبب سوء التغذية. 
 - أمراض الكلى. 
 - بعض أنواع الأدوية. 
 أما انخفاض نسبة الألبومين إلى الجلوبيولين فيرجع إلى عدة عوامل، منها: 
 - انخفاض نسبة الألبومين أو ارتفاع نسبة الجلوبيولين نتيجة عدوى أو التهاب. 
 - اضطرابات القناة الهضمية مثل مرض كرون أو الداء الزلاقي. 
 - أمراض الكلى. 
 - أمراض الكبد. 
 - الوزن الزائد. 
 - بعض أنواع الأدوية.","In case of high A/G ratio levels: 
- Consult your doctor to identify the underlying reason 
In case of low A/G ratio levels: 
- Consult your doctor to identify the underlying reason 
*Liver biomarkers are best interpreted in the context of the entire liver profile.","في حال ارتفاع نسبة الألبومين إلى الجلوبيولين: 
 - استشر طبيبك لمعرفة الأسباب الكامنة وراء ذلك. 
 أما في حال انخفاض نسبة الألبومين إلى الجلوبيولين: 
 - استشر طبيبك لمعرفة الأسباب الكامنة وراء ذلك. 
 * من الأفضل تفسير المؤشرات الحيوية للكبد بعد إجراء كافة فحوصات وظائف الكبد.",1,1,1,Low - range: 0 to 0.7 | Normal - range: 1.1 to 2.2 | Normal - range: 1.1 to 2.2 | Low - range: 0 to 1.1 | Low - range: 0 to 1.1 | High - range: 2.2 to 5.2 | Normal - range: 0.7 to 2.2 | Low - range: 0 to 0.7 | High - range: 2.2 to 5.2 | Normal - range: 0.7 to 2.2,1,1,1
64,RBC: Red Blood Cells Count,The RBC count totals the number of red blood cells that are present in the blood.,يحسب تعداد خلايا الدم الحمراء (RBC) عدد خلايا الدم الحمراء الموجودة في الدم.,The RBC count totals the number of red blood cells that are present in the blood.,يحسب تعداد خلايا الدم الحمراء (RBC) عدد خلايا الدم الحمراء الموجودة في الدم.,"Many factors can lead to having high RBC count levels such as: 
- Hypoxia (low oxygen) 
- Excess weight 
- Overhydration or Dehydration 
- Smoking 
- Certain medications 
Many factors can lead to having low RBC count levels such as: 
- Nutritional deficiencies including iron, vitamin B6, B12, and folate 
- Infections and inflammation 
- Pregnancy 
- Blood loss 
- Excessive alcohol consumption 
- Spleen disease","ينجم ارتفاع تعداد خلايا الدم الحمراء (RBC) عن عدة أسباب، منها: 
 - نقص الأكسجين. 
 - الوزن الزائد. 
 - فرط السوائل في الجسم أو الجفاف. 
 - التدخين. 
 - بعض أنواع الأدوية. 
 أما انخفاض تعداد خلايا الدم الحمراء (RBC) فيرجع إلى عدة عوامل، منها: 
 - نقص التغذية، بما في ذلك عنصر الحديد وفيتامين (ب6) وفيتامين (ب12) وحمض الفوليك. 
 - العدوى والالتهابات. 
 - الحمل. 
 - فقدان الدم. 
 - الإفراط في شرب الكحول. 
 - أمراض الطحال.","In case of high RBC count levels: 
- Maintain a healthy weight 
- Ensure you are well hydrated (8-12 cups a day) 
- Quit smoking 
- Consult your doctor to rule out any underlying conditions 
In case of low RBC count levels: 
- Consume a healthy and balanced diet rich in iron, vitamin B6, B12, and folate 
- Moderate alcohol consumption 
- Consult your doctor to rule out any underlying conditions 
 
*Red blood cells biomarkers are best interpreted in the context of the entire RBC profile.","في حال ارتفاع تعداد خلايا الدم الحمراء (RBC) : 
 - حافظ على وزن صحيّ. 
 - احرص على شرب كمية وافية من السوائل. 
 - أقلع عن التدخين. 
 - استشر طبيبك لمعرفة الأسباب الكامنة وراء ذلك. 
 أمّا في حال انخفاض تعداد خلايا الدم الحمراء (RBC) : 
 - اتبع نظامًا غذائيًّا صحيًّا متوازنًا وغنيًّا بعنصر الحديد وفيتامين (ب6) وفيتامين (ب12) وحمض الفوليك. 
 - الاعتدال في شرب الكحول. 
 - استشر طبيبك لمعرفة الأسباب الكامنة وراء ذلك. 
 
 
 * من الأفضل تفسير المؤشرات الحيوية لخلايا الدم الحمراء بعد إجراء فحوصات شاملة لها.",1,1,1,Normal - range: 4.1 to 5.4 | High - range: 5.72 to 8.4 | Low - range: 0 to 4.1 | Normal - range: 4.4 to 6.1 | Low - range: 0 to 4.4 | High - range: 5.06 to 8.4 | Normal - range: 3.7 to 5.06 | Low - range: 0 to 3.7 | Normal - range: 4.29 to 5.72 | Low - range: 0 to 4.29,1,1,1
65,Urea,"Urea is the final breakdown product of the amino acids found in proteins. Nitrogen in the form of ammonia is produced in the liver when protein is broken down. The nitrogen combines with other chemicals in the liver to form the waste product urea. The urea is released into the bloodstream and carried to the kidneys where it is filtered out of the blood and excreted in the urine. Healthy kidneys remove more than 90% of the urea the body produces, so blood levels can show how well your kidneys are working.",تعد اليوريا المنتج النهائي لتفكك الأحماض الأمينية الموجودة في البروتينات. وينتج النيتروجين على شكل أمونيا في الكبد عند تكسير البروتين، ثم يتحد النيتروجين مع مواد كيميائية أخرى في الكبد لتكوين نفايات اليوريا. وتُفرز اليوريا إلى مجرى الدم وتُنقل إلى الكلى حيث تصفى من الدم وتخرج عبر البول. وتزيل الكلى السليمة أكثر من 90% من اليوريا التي ينتجها الجسم، لذا يمكن أن تُظهر مستويات الدم مدى كفاءة عمل الكليتين.,"Urea is the final breakdown product of the amino acids found in proteins. Nitrogen in the form of ammonia is produced in the liver when protein is broken down. The nitrogen combines with other chemicals in the liver to form the waste product urea. The urea is released into the bloodstream and carried to the kidneys where it is filtered out of the blood and excreted in the urine. Healthy kidneys remove more than 90% of the urea the body produces, so blood levels can show how well your kidneys are working.",تعد اليوريا المنتج النهائي لتفكك الأحماض الأمينية الموجودة في البروتينات. وينتج النيتروجين على شكل أمونيا في الكبد عند تكسير البروتين، ثم يتحد النيتروجين مع مواد كيميائية أخرى في الكبد لتكوين نفايات اليوريا. وتُفرز اليوريا إلى مجرى الدم وتُنقل إلى الكلى حيث تصفى من الدم وتخرج عبر البول. وتزيل الكلى السليمة أكثر من 90% من اليوريا التي ينتجها الجسم، لذا يمكن أن تُظهر مستويات الدم مدى كفاءة عمل الكليتين.,"Many factors can lead to having high urea levels such as: 
- Aging 
- Excess protein intake 
- Kidney disease 
- Heart disease 
- Bleeding 
- Dehydration 
- Obstructions of urine flow 
Many factors can cause low urea levels such as: 
- Liver disease 
- Inadequate dietary intake 
- Low protein intake 
- Pregnancy","ينجم ارتفاع مستويات اليوريا عن عدة أسباب، منها: 
 - تقدم العمر. 
 - الإفراط في تناول البروتين. 
 - أمراض الكلى. 
 - أمراض القلب. 
 - النزيف. 
 - الجفاف. 
 - ضعف تدفق البول. 
 أما انخفاض مستويات اليوريا فيرجع إلى عدة عوامل، منها: 
 - أمراض الكبد. 
 - نقص التغذية. 
 - عدم تناول كميات كافية من البروتين. 
 - الحمل.","In case of high urea levels: 
- Ensure you are well hydrated 
- Consult your doctor to rule out any underlying conditions 
In case of low urea levels: 
- Consume a healthy and balanced diet rich in protein 
- Consult your doctor to rule out any underlying conditions 
 
*Kidneys biomarkers are best interpreted in the context of the entire kidney profile.","في حال ارتفاع مستويات اليوريا: 
 - احرص على شرب كمية وافرة من السوائل.  
 - استشر طبيبك لمعرفة الأسباب الكامنة وراء ذلك. 
 أما في حال انخفاض مستويات اليوريا: 
 - اتبع نظامًا غذائيًا صحيًا ومتوازنًا وغنيًا بالبروتين. 
 - استشر طبيبك لمعرفة الأسباب الكامنة وراء ذلك. 
 
 * من الأفضل تفسير المؤشرات الحيوية للكلى بعد إجراء كافة فحوصات وظائف الكلى.",1,1,1,Low - range: 0 to 14 | Normal - range: 14 to 49 | High - range: 49 to 120 | Low - range: 0 to 14 | Normal - range: 14 to 49 | Low - range: 0 to 9 | Normal - range: 9 to 50 | Low - range: 0 to 9 | Normal - range: 10 to 50 | High - range: 49 to 120,1,1,1
66,Dehydroepiandrosterone-Sulfate (DHEA-S),Dehydroepiandrosterone Sulfate (DHEAS) is a male sex hormone that is present in both men and women. This test measures the level of DHEAS in the blood. A DHEAS test may be used to help evaluate if the adrenal glands are working properly or to help determine the cause of masculine physical characteristics (virilization) in girls and women.,يعد هرمون ديهيدرو إيبي آندروستيرون سولفيت أحد الهرمونات الجنسية الذكورية الموجودة لدى الرجال والنساء على حدٍ سواء، ويقيس هذا الفحص مستوى هذا الهرمون في الدم، ويمكن استخدامه للتحقق من صحة أداء الغدد الكظرية أو تحديد سبب وجود صفات جسدية ذكورية لدى الفتيات والنساء (الذكورة).,Dehydroepiandrosterone Sulfate (DHEAS) is a male sex hormone that is present in both men and women. This test measures the level of DHEAS in the blood. A DHEAS test may be used to help evaluate if the adrenal glands are working properly or to help determine the cause of masculine physical characteristics (virilization) in girls and women,يعد هرمون ديهيدرو إيبي آندروستيرون سولفيت أحد الهرمونات الجنسية الذكورية الموجودة لدى الرجال والنساء على حدٍ سواء، ويقيس هذا الفحص مستوى هذا الهرمون في الدم، ويمكن استخدامه للتحقق من صحة أداء الغدد الكظرية أو تحديد سبب وجود صفات جسدية ذكورية لدى الفتيات والنساء (الذكورة).,"Many factors can lead to having high DHEA-S levels such as: 
- Polycystic Ovary Syndrome (PCOS) 
- Disorders of the adrenal glands 
- Congenital disorder called adrenal hyperplasia 
Many factors can lead to having low DHEA-S levels such as: 
- Disorders of the adrenal gland 
- Disorders of the pituitary gland 
- Certain glucocorticoid medications 
- Aging","ينجم ارتفاع مستويات هرمون دِيهيدرو إيبي آندروستيرون سولفيت عن عدة أسباب، منها: 
 - متلازمة تكيّس المبايض. 
 - اضطرابات الغدة الكظرية. 
 - اضطراب خلقي يسمى تضخم الغدة الكظرية. 
 أما انخفاض مستويات هرمون دِيهيدرو إيبي آندروستيرون سولفيت (ضمن النطاقات العادية/المرغوبة) فيرجع إلى عوامل، منها: 
 - اضطرابات الغدة الكظرية. 
 - اضطرابات الغدة النخامية. 
 - بعض الأدوية. 
 - تقدم العمر.","In case of high DHEA-S levels: 
- Consult your doctor to rule out any underlying conditions 
In case of low DHEA-S levels: 
- Consult your doctor to rule out any underlying conditions","أما في حال ارتفاع مستويات هرمون دِيهيدرو إيبي آندروستيرون سولفيت: 
 - استشر طبيبك لمعرفة الأسباب الكامنة وراء ذلك. 
 أما في حال انخفاض مستويات هرمون دِيهيدرو إيبي آندروستيرون سولفيت: 
 - استشر طبيبك لمعرفة الأسباب الكامنة وراء ذلك.",1,1,1,High - range: 266 to 1000 | High - range: 266 to 1000 | Normal - range: 22 to 266 | Low - range: 0 to 22 | Normal - range: 22 to 266 | Low - range: 0 to 22 | Normal - range: 54 to 390 | High - range: 530 to 4000 | Normal - range: 103 to 530 | Low - range: 0 to 54 | Low - range: 0 to 103 | High - range: 390 to 659.9,1,1,1
67,Insulin Fasting,"This test measures the level of the hormone insulin in your body after an overnight fast. Insulin is a hormone that helps transport glucose into the body’s cells, where it is needed for energy production. Insulin fasting helps detect if there is resistance to insulin’s effect, in which case the body would be trying to compensate by making even more insulin, and high levels of insulin would be observed.",يقيس هذا الفحص مستوى هرمون الإنسولين في جسمك بعد صيام ليلة كاملة. ويعد هرمون الإنسولين ضروريًا لإنتاج الطاقة إذ يساعد على نقل الجلوكوز إلى خلايا الجسم، ويساعد صيام الأنسولين في الكشف عما إذا كان الجسم يعاني من مقاومة الأنسولين. ففي مثل هذه الحالة، يبدأ الجسم بالتعويض عن المقاومة عبر إنتاج المزيد من الإنسولين، مما يؤدي إلى ارتفاع مستوياته في الجسم بشكل ملحوظ.,"This test measures the level of the hormone insulin in your body after an overnight fast. Insulin is a hormone that helps transport glucose into the body’s cells, where it is needed for energy production. Insulin fasting helps detect if there is resistance to insulin’s effect, in which case the body would be trying to compensate by making even more insulin, and high levels of insulin would be observed.",يقيس هذا الفحص مستوى هرمون الإنسولين في جسمك بعد صيام ليلة كاملة. ويعد هرمون الإنسولين ضروريًا لإنتاج الطاقة إذ يساعد على نقل الجلوكوز إلى خلايا الجسم، ويساعد صيام الأنسولين في الكشف عما إذا كان الجسم يعاني من مقاومة الأنسولين. ففي مثل هذه الحالة، يبدأ الجسم بالتعويض عن المقاومة عبر إنتاج المزيد من الإنسولين، مما يؤدي إلى ارتفاع مستوياته في الجسم بشكل ملحوظ.,"Many factors can lead to having high fasting insulin levels such as: 
- Insulin resistance 
- Prediabetes or diabetes 
- Excess weight or obesity 
- Gestational diabetes 
- Pancreatic conditions 
- Certain medications such as corticosteroids 
- Oral contraceptives 
Many factors can lead to having low fasting insulin levels such as: 
- Type 1 diabetes 
- Pancreatic conditions 
- Disorders of the pituitary gland","ينجم ارتفاع مستويات إنسولين الصيام عن عدة أسباب، منها:  
 - مقاومة الإنسولين. 
 - مرحلة ما قبل السكري أو السكري. 
 - الوزن الزائد أو السمنة المفرطة. 
 - سكري الحمل. 
 - أمراض البنكرياس. 
 - بعض الأدوية مثل الكورتيكوستيرويدات. 
 - حبوب منع الحمل. 
 أما انخفاض مستويات إنسولين الصيام فيرجع إلى عدة أسباب، منها: 
 - السكري من النوع الأول. 
 - أمراض البنكرياس. 
 - اضطرابات الغدة النخامية.","In case of high fasting insulin levels: 
- Conduct a blood glucose storage test (HbA1c) 
- Consult your doctor to identify the underlying reason 
- Maintain a healthy weight 
- Quit smoking 
- Moderate alcohol consumption 
- Engage in regular physical activity 
- Limit carbohydrate intake to complex unrefined ones and plan your meals 
- Increase fiber intake 
- Consult a certified expert for nutritional advice 
In case of low fasting insulin levels: 
- Consult your doctor to identify underlying reason","في حال ارتفاع مستويات صيام الإنسولين: 
 - احرص على إجراء تحليل السكر التراكمي (الهيموجلوبين السكري). 
 - استشر طبيبك لمعرفة الأسباب الكامنة وراء ذلك. 
 - حافظ على وزن صحي. 
 - أقلع عن التدخين. 
 - الاعتدال في شرب الكحول. 
 - مارس النشاط البدني بانتظام. 
 قلل من تناول الكربوهيدرات واستبدلها بالحبوب الكاملة غير المكررة ونظم وجباتك. 
 - تناول كميات أكبر من الألياف. 
 - استشر خبيرًا معتمدًا للحصول على المشورة الغذائية. 
 أما في حال انخفاض مستويات صيام الإنسولين: 
 - استشر طبيبك لمعرفة الأسباب الكامنة وراء ذلك.",1,1,1,High - range: 25 to 35.6 | High - range: 25 to 0 | Normal - range: 1.9 to 25 | Low - range: 0 to 1.9 | High - range: 25 to 0 | Normal - range: 1.9 to 25 | Low - range: 0 to 1.9 | High - range: 25 to 35.6 | Normal - range: 0 to 25 | Normal - range: 0 to 25,1,1,1
68,Luteinizing hormone (LH),Luteinizing hormone (LH) a hormone released by the pituitary gland that controls the functions of the female ovaries and male testes. It is also essential for proper reproductive function.,يعد هرمون ملوتن أحد الهرمونات التي تفرزها الغدة النخامية، ويتحكم في وظائف المبايض عند الإناث والخصيتين عند الذكور. ولهذا الهرمون أهمية أساسية في الصحة الإنجابية.,Luteinizing hormone (LH) a hormone released by the pituitary gland that controls the functions of the female ovaries and male testes. It is also essential for proper reproductive function.,يعد هرمون ملوتن أحد الهرمونات التي تفرزها الغدة النخامية، ويتحكم في وظائف المبايض عند الإناث والخصيتين عند الذكور. ولهذا الهرمون أهمية أساسية في الصحة الإنجابية.,"Many factors can lead to having high LH levels such as: 
- Polycystic ovary syndrome (PCOS) 
- Early (precocious) puberty 
- Genetic abnormalities  
- Tumors in ovaries  
- Disorders of the thyroid gland 
- Testicular failure  
- Viral infections  
Many factors can lead to having low LH levels such as: 
- Hypopituitarism  
- Hypogonadism  
- Delayed puberty 
- Smoking 
- Vitamin D deficiency 
- Tumors in the pituitary gland","ينجم ارتفاع مستويات هرمون ملوتن عن عدة أسباب، منها: 
 - متلازمة تكيس المبايض. 
 - البلوغ المبكر. 
 - الخلل الوراثي. 
 - أورام المبايض. 
 - اضطرابات الغدة الدرقية. 
 - فشل الخصيتين. 
 - العدوى الفيروسية. 
 أما انخفاض مستويات هرمون ملوتن فيرجع إلى عدة عوامل، منها: 
 - قصور الغدة النخامية. 
 - قصور الغدد التناسلية. 
 - تأخر البلوغ. 
 - التدخين. 
 - نقص فيتامين (د). 
 - أورام الغدة النخامية.","In case of high LH levels: 
- Engage in regular physical activity 
- Consume a healthy and balanced diet 
- Consult your doctor to rule out any underlying conditions 
In case of low LH levels: 
- Consume a healthy and balanced diet 
- Quit smoking 
- Consider vitamin D and omega-3 supplementation under professional supervision 
- Consult your doctor to rule out any underlying conditions","في حال ارتفاع مستويات هرمون ملوتن: 
 - مارس النشاط البدني بانتظام. 
 - اتبع نظامًا غذائيًا صحيًا ومتوازنًا. 
 - استشر طبيبك لمعرفة الأسباب الكامنة وراء ذلك. 
 أما في حال انخفاض مستويات هرمون ملوتن: 
 - اتبع نظامًا غذائيًا صحيًا ومتوازنًا. 
 - أقلع عن التدخين. 
 - تناول المكملات الغذائية من فيتامين د وأوميغا 3 تحت اشراف متخصص. 
 - استشر طبيبك لمعرفة الأسباب الكامنة وراء ذلك.",1,1,1,Low - range: 0 to 1.23 | Normal - range: 1.23 to 7.8 | Low - range: 0 to 0.5 | High - range: 95.6 to 114 | Normal - range: 2.3 to 95.6 | Low - range: 0 to 2.3 | High - range: 11.4 to 114 | Normal - range: 0.9 to 11.4 | Low - range: 0 to 0.9 | High - range: 8.6 to 59.3 | Normal - range: 0.5 to 8.6,1,1,1
69,Free Testosterone,"Testosterone is the primary male sex hormone and is responsible of a number of bodily functions such as the development of male characteristics, muscle and bone strength, sperm production, and libido (sex drive). This test measures the amount of unbound or ""free"" testosterone in the blood which is responsible for performing testosterone's bodily functions.","This test measures the amount of unattached, or ""free,"" testosterone in your blood. Testosterone is a male sex horيعد التستوستيرون الهرمون الجنسي الأساسي للذكور والمسؤول عن عدد من وظائف الجسم مثل تطور الخصائص الذكورية وتقوية العضلات والعظام وإنتاج الحيوانات المنوية وتحفيز الرغبة الجنسية (الدافع الجنسي). ويقيس هذا الفحص نسبة هرمون التستوستيرون غير المرتبط أو ""الحر"" في الدم المسؤول عن أداء وظائف التستوستيرون في الجسم.","Testosterone is the primary male sex hormone and is responsible of a number of bodily functions such as the development of male characteristics, muscle and bone strength, sperm production, and libido (sex drive). This test measures the amount of unbound or ""free"" testosterone in the blood which is responsible for performing testosterone's bodily functions.","يعد التستوستيرون الهرمون الجنسي الأساسي للذكور والمسؤول عن عدد من وظائف الجسم مثل تطور الخصائص الذكورية وتقوية العضلات والعظام وإنتاج الحيوانات المنوية وتحفيز الرغبة الجنسية (الدافع الجنسي). ويقيس هذا الفحص نسبة هرمون التستوستيرون غير المرتبط أو ""الحر"" في الدم المسؤول عن أداء وظائف التستوستيرون في الجسم.","Many factors can lead to having high free testosterone levels such as: 
- Steroid abuse 
- Adrenal or testicular or ovarian tumors 
- A condition known as adrenal hyperplasia 
- Polycystic Ovary Syndrome (PCOS) 
Many factors can lead to having low free testosterone levels such as: 
- Aging 
- Unhealthy lifestyle habits such as smoking 
- Excess weight or underweight 
- Disorders of the pituitary gland or hypothalamus 
- Certain infections 
- Certain autoimmune conditions 
- Hemochromatosis (iron overload) 
- Major illness or surgery 
- High levels of stress","ينجم ارتفاع مستويات التستسترون الحر عن عدة أسباب ، منها: 
 - تعاطي المنشطات. 
 - أورام الغدة الكظرية أو الخصيتين أو المبايض بالنسبة للنساء. 
 - حالة تعرف باسم تضخم الغدة الكظرية. 
 - متلازمة تكيس المبايض. 
 أما انخفاض مستويات التستسترون الحر فيرجع إلى عدة عوامل، منها: 
 - تقدم العمر. 
 - العادات غير الصحية مثل التدخين. 
 - الوزن الزائد أو نقص الوزن دون الحد الطبيعي. 
 - اضطرابات الغدة النخامية أو الغدة تحت المهاد. 
 - بعض أنواع الالتهابات. 
 - بعض أمراض المناعة الذاتية. 
 - داء ترسب الأصبغة الدموية (الحديد الزائد). 
 - الأمراض الخطيرة أو الجراحات الكبرى. 
 - التوتر الشديد.","In case of high free testosterone levels: 
- Maintain a healthy weight 
- Consult your doctor to rule out any underlying conditions 
In case of low free testosterone levels: 
- Quit smoking 
- Engage in regular physical activity 
- Consume a healthy and balanced diet rich in protein  
- Consider coaching for stress management and improvement of sleep quality 
- Consider vitamin D supplementation (if deficient) under professional supervision 
- Consult your doctor to rule out any underlying conditions","في حال ارتفاع مستويات هرمون التستوستيرون الحر: 
 - حافظ على وزن صحي. 
 - استشر طبيبك لمعرفة الأسباب الكامنة وراء ذلك. 
 أما في حال انخفاض مستويات هرمون التستوستيرون الحر: 
 - أقلع عن التدخين. 
 - احرص على ممارسة النشاط البدني بانتظام. 
 - اتبع نظامًا غذائيًا صحيًا ومتوازنًا وغنيًا بالبروتين. 
 - استشر مدرب صحي للتدرب على التعامل مع التوتر و تحسين جودة النوم. 
 - تناول مكملات فيتامين د (في حال نقصه) تحت اشراف متخصصّ. 
 - استشر طبيبك لمعرفة الأسباب الكامنة وراء ذلك.",1,1,1,High - range: 50 to 150.65 | High - range: 5.58 to 559 | Normal - range: 0.51 to 5.58 | Low - range: 0 to 0.51 | High - range: 4.2 to 50 | High - range: 50 to 1047 | Normal - range: 15 to 104.74 | Low - range: 0 to 15 | High - range: 50 to 150.65 | Normal - range: 14.9 to 50 | Normal - range: 0 to 4.2 | Low - range: 0 to 14.9,1,1,1
70,Glucose Fasting,"Glucose, or blood sugar, is the main and most important source of energy for most living organisms. All human cells use glucose for their energy needs. The brain uses the most, and during fasting can account for up to 80% of glucose consumption in the whole body. Serum glucose is the quantity of glucose in the blood .",يعد الجلوكوز، أو سكر الدم، المصدر الرئيسي والأهم للطاقة لمعظم الكائنات الحية، إذ تستخدم جميع الخلايا البشرية الجلوكوز لتلبية احتياجاتها من الطاقة. ويوظف الدماغ الجلوكوز أكثر من الأعضاء الأخرى، فقد تصل نسبة استهلاكه للجلوكوز أثناء الصيام إلى قرابة 80% من إجمالي الجلوكوز الذي يستهلكه الجسم.,"Glucose, or blood sugar, is the main and most important source of energy for most living organisms. All human cells use glucose for their energy needs. The brain uses the most, and during fasting can account for up to 80% of glucose consumption in the whole body. Serum glucose is the quantity of glucose in the blood .",يعد الجلوكوز، أو سكر الدم، المصدر الرئيسي والأهم للطاقة لمعظم الكائنات الحية، إذ تستخدم جميع الخلايا البشرية الجلوكوز لتلبية احتياجاتها من الطاقة. ويوظف الدماغ الجلوكوز أكثر من الأعضاء الأخرى، فقد تصل نسبة استهلاكه للجلوكوز أثناء الصيام إلى قرابة 80% من إجمالي الجلوكوز الذي يستهلكه الجسم.,"Many factors can lead to having high glucose fasting levels such as: 
- Pre-diabetes or diabetes 
- Low levels of physical activity 
- Stress 
- Illness, injury, or surgery 
- Pancreatic conditions 
- Gestational diabetes 
- Certain medications such as steroids 
Many factors can lead to having low glucose fasting levels such as: 
- Inadequate dietary intake 
- Certain medications 
- Excessive alcohol consumption 
- Certain liver and kidney conditions","ينجم ارتفاع مستويات الجلوكوز الصيامي عن عدة أسباب ، منها: 
 - مرحلة ما قبل السكري أو السكري. 
 - التوتر. 
 - الأمراض أو الإصابات أو عمليات الجراحة. 
 - أمراض البنكرياس. 
 - سكري الحمل. 
 - بعض أنواع الأدوية مثل الستيرويدات. 
 أما انخفاض مستويات التستسترون الحر فيرجع إلى عدة عوامل، منها: 
 - نقص التغذية. 
 - بعض أنواع الأدوية. 
 - الإفراط في شرب الكحول. 
 - بعض أمراض الكبد والكلى.","In case of high glucose levels: 
- Conduct a blood glucose storage test (HbA1c) 
- Monitor blood glucose continuously 
- Maintain a healthy weight 
- Quit smoking 
- Moderate alcohol consumption 
- Engage in regular physical activity 
- Limit carbohydrate intake to complex unrefined and whole grains and plan your meals 
- Increase fiber intake 
- Consider coaching for nutritional advice 
- Consult your doctor to identify the underlying reason 
In case of low glucose levels: 
- Consume fast acting carbohydrates such as juices to prevent dangerous dips in blood sugar 
- Eat at regular times and don't skip meals 
- Moderate alcohol consumption 
- Consider coaching for nutritional advice 
- Consult your doctor to rule out any underlying reasons","في حال ارتفاع مستويات الجلوكوز: 
 - أجرِ تحليل السكر التراكمي (الهيموجلوبين السكري). 
 - احرص على مراقبة معدل السكر في الدم باستمرار. 
 - حافظ على وزن صحي. 
 - أقلع عن التدخين. 
 - الاعتدال في شرب الكحول. 
 - مارس النشاط البدني بانتظام. 
 - قلل من تناول الكربوهيدرات واستبدلها بالحبوب الكاملة غير المكررة ونظم وجباتك. 
 - تناول كميات أكبر من الألياف. 
 - احرص على الحصول على المشورة الغذائية. 
 - استشر طبيبك لمعرفة الأسباب الكامنة وراء ذلك. 
 أما في حال انخفاض مستويات الجلوكوز: 
 - تناول الكربوهيدرات سريعة المفعول مثل العصائر لمنع الانخفاض الحاد في نسبة السكر في الدم. 
 - تناول الطعام في أوقات منتظمة ولا تفوت وجبات الطعام. 
 - الاعتدال في شرب الكحول. 
 - احرص على الحصول على المشورة الغذائية. 
 - استشر طبيبك لمعرفة الأسباب الكامنة وراء ذلك.",1,1,1,Normal - range: 70 to 100 | Normal - range: 70 to 100 | Prediabetic Range - range: 100 to 125 | Diabetic Range - range: 125 to 150.9 | Prediabetic Range - range: 100 to 125 | Diabetic Range - range: 125 to 150.9 | Low - range: 0 to 69 | Low - range: 0 to 69 | Normal - range: 69 to 110 | Normal - range: 69 to 110,1,1,1
72,Creatine Kinase (CK),"Creatine kinase (CK), also known as creatine phosphokinase, is an enzyme that plays a role in energy production. Higher amounts of this enzyme are found in tissues that use a lot of energy, such as the muscles (including the heart) and the brain.
Creatine kinase will leak into the blood when these tissues are damaged. That’s why blood levels of this enzyme can tell us whether there has been tissue damage, i.e. a heart attack, stroke, sports injury, or muscle disease",يلعب أنزيم الكرياتين كاينيز المعروف أيضاً بإسم الكرياتين فوسفوكاينيز دوراً مهماً في عملية إنتاج الطاقة في الجسم. وعادةً ما تكون مستويات هذا الإنزيم مرتفعة في أنسجة أعضاء الجسم التي تستخدم الكثير من الطاقة مثل العضلات (بما يتضمن العضلة القلبية) والدماغ. ويرتبط إرتفاع مستويات هذا الإنزيم بالدم بوجود ضرر ما في أحد هذه الأنسجة وقد يستخدم للدلالة على إصابة الشخص بأزمة القلبية، أو إصابة رياضية، أو مرض عضلي.,"Creatine kinase (CK), also known as creatine phosphokinase, is an enzyme that plays a role in energy production. Higher amounts of this enzyme are found in tissues that use a lot of energy, such as the muscles (including the heart) and the brain. 
Creatine kinase will leak into the blood when these tissues are damaged. That’s why blood levels of this enzyme can tell us whether there has been tissue damage, i.e. a heart attack, stroke, sports injury, or muscle disease",يلعب أنزيم الكرياتين كاينيز المعروف أيضاً بإسم الكرياتين فوسفوكاينيز دوراً مهماً في عملية إنتاج الطاقة في الجسم. وعادةً ما تكون مستويات هذا الإنزيم مرتفعة في أنسجة أعضاء الجسم التي تستخدم الكثير من الطاقة مثل العضلات (بما يتضمن العضلة القلبية) والدماغ. ويرتبط إرتفاع مستويات هذا الإنزيم بالدم بوجود ضرر ما في أحد هذه الأنسجة وقد يستخدم للدلالة على إصابة الشخص بأزمة القلبية، أو إصابة رياضية، أو مرض عضلي.,"Many factors can lead to having high creatine kinase levels such as: 
- Excessive exercise or training 
- Excess weight 
- Muscle injury 
- Heart diseases 
- Head or brain inury 
- Disorders of the thyroid gland 
- Certain medications 
Many factors can lead to having low creatine kinase levels such as: 
- Low muscle mass 
- Inflammatory or auto-immune diseases 
- Pregnancy","ينجم ارتفاع مستوى الكرياتين كاينيزعن عدة أسباب، منها: 
 - التمارين الرياضية المكثفة. 
 - الوزن الزائد. 
 - الاصابات العضلية. 
 - أمراض القلب. 
 - اصابات الرأس أو الدماغ. 
 - اضطرابات الغدة الدرقية. 
 - بعض أنواع الأدوية. 
 أما انخفاض مستوى الكرياتين كاينيز فيرجع إلى عدة عوامل، منها: 
 - انخفاض حجم الكتلة العضلية. 
 - الأمراض الالتهابية وأمراض المناعة الذاتية.  
 - الحمل.","In case of high creatine kinase levels: 
- Improve muscle recovery post-exercise by increasing rest time and consuming enough carbohydrates, proteins, and antioxidants 
- Maintain a healthy weight 
In case of low creatine kinase levels: 
- Engage in regular physical activity 
- Consume enough protein in your diet 
- Consider coaching for nutritional and fitness advice 
- Consider creatine supplementation under professional guidance","في حال إرتفاع مستوى الكرياتين كاينيز: 
- احرص على تعافي العضلات بشكل أفضل بعد التمرين عبر تخصيص وقت أكبر للراحة وتناول كميات كافية من الكربوهيدرات والبروتينات ومضادات الأكسدة.  
- حافظ على وزن صحي . 
في حال إنخفاض مستوى الكرياتين كاينيز: 
- مارس النشاط البدني بإنتظام. 
- تناول كمية كافية من البروتين. 
- إستشر مدرب صحي للحصول على المشورة الغذائية و نصائح لتحسين مستوى لياقتك البدنية.  
- تناول مكملات الكرياتين تحت اشرف متخصص.",1,1,1,Normal - range: 29 to 135 | High - range: 135 to 1350 | Low - range: 0 to 29 | High - range: 170 to 1700 | Normal - range: 54 to 170 | Low - range: 0 to 54 | Normal - range: 25 to 308 | High - range: 308 to 4208 | Normal - range: 25 to 308 | Low - range: 1 to 25 | Low - range: 1 to 25 | High - range: 308 to 4208,1,1,1
75,Ferritin,"Ferritin stores iron and transports it to where it is required. In blood, it is a key indicator of total iron stores.",الفريتين هو مخزن الحديد الأكبر في الجسم، وبالتالي يسمح قياس مستوى الفيريتين في المصل بتحديد حجم مخزون الحديد في الجسم، وبواسطة هذا الفحص يمكن تشخيص سبب وجود فقر الدم.,"Ferritin stores iron and transports it to where it is required. In blood, it is a key indicator of total iron stores.",الفريتين هو مخزن الحديد الأكبر في الجسم، وبالتالي يسمح قياس مستوى الفيريتين في المصل بتحديد حجم مخزون الحديد في الجسم، وبواسطة هذا الفحص يمكن تشخيص سبب وجود فقر الدم.,"Many factors can lead to having high ferritin levels such as: 
- Iron overload 
- Excessive alcohol consumption 
- Certain infections 
Many factors can lead to having low ferritin levels such as: 
- Iron deficiency anemia 
- Fatigue 
- Chronic intestinal bleeding 
- Disorders of the thyroid gland 
- Anxiety and depression 
- Hormonal therapy 
- Certain medications","ينجم ارتفاع مستوى الفيريتين عن عدة أسباب، منها: 
 - زيادة مستويات الحديد 
 - تناول الكحول بكثرة  
 - الالتهابات. 
 أما انخفاض مستوى الفيريتين فيرجع إلى عدة عوامل، منها: 
 - نقص في مستويات الحديد 
 - الارهاق 
 - النزيف المعوي المزمن 
 - القلق والاكتئاب 
 - أمراض الغدة الدرقية 
 - العلاج الهرموني 
 - بعض أنواع الأدوية.","In case of high ferritin levels: 
- Avoid all iron containing supplementation under professional supervision 
- Consume foods rich in fiber and phytic acid such as whole grains and chili 
- Donate blood regularly 
- Avoid vitamin C containing supplementation 
- Consume tea or coffee moderately 
- Avoid using cast iron utensils 
- Consult your doctor to rule out any underlying conditions 
In case of low ferritin levels: 
- Consume iron rich foods such as organ meats, fish and seafood, poultry, dark leafy vegetables, and beans 
- Consume foods rich in vitamin C such as colored vegetables and citrus fruits 
- Consider iron supplementation under professional supervision 
 
 *Iron biomarkers are best interpreted in the context of the entire iron profile.","في حال ارتفاع مستويات الفيريتين: 
 - تجنب تناول المكملات التي تحتوي على الحديد إلا بإشراف طبيّ. 
 - تناول الأطعمة الغنية بالألياف وحمض الفيتيك مثل الحبوب الكاملة والفلفل الحار. 
 - احرص على التبرع بالدم بانتظام. 
 - تجنب المكملات التي تحتوي على فيتامين سي. 
 - احرص على الاعتدال في تناول الشاي أو القهوة. 
 - تجنب استخدام الأواني المصنوعة من الحديد. 
 - استشر طبيبك لمعرفة الأسباب الكامنة وراء ذلك. 
 أما في حال انخفاض مستويات الفيريتين: 
 - تناول الأطعمة الغنية بالحديد مثل اللحوم والأسماك والمأكولات البحرية والدواجن والخضروات الورقية الداكنة والبقوليات. 
 - تناول الأطعمة الغنية بفيتامين سي مثل الخضروات الملونة والحمضيات. 
 - تناول مكملات الحديد تحت اشراف متخصصّ. 
 
 * من الأفضل تفسير المؤشرات الحيوية للحديد بعد إجراء فحوصات الحديد الشاملة.",1,1,1,Normal - range: 9 to 200 | High - range: 400 to 1500 | High - range: 400 to 1500 | Normal - range: 29 to 400 | Normal - range: 29 to 400 | Low - range: 0 to 29 | Low - range: 0 to 29 | High - range: 200 to 1500 | High - range: 300 to 1500 | Low - range: 0 to 9 | Normal - range: 19 to 300 | Low - range: 0 to 19,1,1,1
76,Vitamin B12*,"Vitamin B12 is part of the B complex of vitamins. B12 is essential, meaning the body is unable to produce it and so we need to get it from foods and supplements. It is important for red blood cell production and the function of nerve tissues. Deficiency may lead to weakness, tiredness and becoming lightheaded.
This test is included in Valeo's baseline and comprehensive package.",هو أحد الفيتامينات الأساسية لجسم الإنسان وله دور أساسي في الحفاظ على الوظيفة الطبيعية للخلايا العصبية، وإنتاج خلايا الدم الحمراء والحمض النووي. يستطيع الجسم تخزين فيتامين ب12 لمدة تصل إلى أربع سنوات، ولكن الجسم لا يستطيع إنتاجه، بل يجب الحصول عليه من مصادره الطبيعية أو الصناعية.,"Methylcobalamin, more commonly known as vitamin B12, is an essential dietary nutrient. It is crucial for producing red blood cells (hematopoiesis), maintaining brain and nervous system health, and creating, copying, and repairing DNA. 
Since the human body cannot produce this vitamin, B12 needs to consumed in the diet.","يُعَد الميثيلكوبالامين- المعروف أكثر باسم فيتامين (ب12)- عنصرًا غذائيًا أساسيًا لأهميته في إنتاج خلايا الدم الحمراء (عملية تكوّن الدم) والحفاظ على صحة الدماغ والجهاز العصبي، وتكوين الحمض النووي (DNA) ونسخه وإصلاح أيّ تلف فيه. 
 ويجب تناول هذا الفيتامين من مصادر غذائية لأن جسم الإنسان لا يعمل على إنتاجه داخليًا.","Many factors can lead to having high vitamin B12 levels such as: 
- Supplementation 
- Liver disease 
- Diabetes 
- Kidney disease 
Many factors can lead to having low vitamin B12 levels such as: 
- Veganism 
- Low dietary intake 
- Pregnancy and breastfeeding 
- Gut disorders such as Celiac disease 
- Excessive alcohol consumption 
- Disorders of the thyroid gland 
- Certain medications","ينجم ارتفاع مستويات فيتامين (ب12) في الجسم عن عدة أسباب، منها: 
 - تناول المكملات. 
 - أمراض الكبد. 
 - داء السكريّ. 
 - أمراض الكلى. 
 أما انخفاض مستويات فيتامين (ب12) في الجسم فيرجع إلى عدة عوامل، منها: 
 - اتباع نظام غذائي نباتي كلي. 
 - نقص التغذية. 
 - الحمل والرضاعة. 
 - اضطرابات الأمعاء مثل الداء البطني (Celiac disease). 
 - الإفراط في شرب الكحول. 
 - اضطرابات الغدة الدرقية. 
 - بعض أنواع الأدوية.","In case of high vitamin B12 levels: 
- Consider stopping vitamin B12 supplementation under professional supervision 
- Consult your doctor to rule out any underlying conditions  
In case of low vitamin B12 levels: 
- Consider vitamin B12 supplementation under professional supervision 
- Consume vitamin B12 rich foods such as whole eggs, fatty fish, meat, poultry, milk, and dairy products 
- Moderate alcohol consumption 
- Quit smoking","في حال ارتفاع مستويات فيتامين (ب12) في الجسم: 
 - توقف عن تناول المكملات التي تحتوي على فيتامين (ب12) تحت اشراف متخصصّ. 
 - استشر طبيبك لمعرفة الأسباب الكامنة وراء ذلك. 
 أمّا في حال انخفاض مستويات فيتامين (ب12) في الجسم: 
 - تناول المكملات التي تحتوي على فيتامين (ب12) تحت اشراف متخصصّ. 
 - تناول الأطعمة الغنيّة بفيتامين (ب12) مثل البيض والأسماك الدهنية واللحوم والدواجن والحليب ومنتجات الألبان. 
 - الاعتدال في شرب الكحول. 
 - أقلع عن التدخين.",1,1,1,Deficient - range: 0 to 207 | Favorable - range: 399 to 954 | Deficient - range: 0 to 207 | Intermediate - range: 208 to 399 | Favorable - range: 402 to 954 | Intermediate - range: 208 to 399,0,1,0
77,RBC: Hematocrit (HCT)*,HCT measures the proportion of red blood cells in your blood and serves as an indicator of how much oxygen your body is carrying.,يقيس فحص الهيماتوكريت (فحص حجم الكريات الحمر المكدسة) نسبة خلايا الدم الحمراء في الدم. تنقل خلايا الدم الحمراء الأكسجين للجسم بأكمله. يمكن لنقص خلايا الدم الحمراء الشديد أو كثرتها الشديدة أن يدلا على أمراض محددة.,"Hematocrit is the percentage of red blood cells in the blood or, in other words, the volume of red blood cells divided by the total blood volume.",يُعرف الهيماتوكريت بأنه نسبة خلايا الدم الحمراء في الدم، أي يساوي عدد خلايا الدم الحمراء مقسومًا على الكمية الكلية للدم في الجسم.,"Many factors can lead to having high hematocrit levels such as: 
- High altitude 
- Dehydration 
- Cystic fibrosis 
- Eclampsia (pregnancy complications) 
- Erythrocytosis (high red blood cells) 
- Heart disease 
- Hypertension (high blood pressure) 
- Hyponatremia (low blood sodium) 
- Hypoxia (low oxygen) 
- Insulin resistance  
- Excessive alcohol consumption 
- Kidney disease  
Many factors can lead to having low hematocrit levels such as: 
- Anemia 
- Kidney disease 
- Liver disease 
- Infections 
- Inflammatory diseases 
- Nutritional deficiencies including B12, iron, and folate","ينجم ارتفاع مستويات الهيماتوكريت عن عدة أسباب، منها: 
 - التواجد على ارتفاعات عالية. 
 - الجفاف. 
 - التليّف الكيسيّ. 
 - تسمم الحمل (مضاعفات الحمل). 
 - ارتفاع عدد كريات الدم الحمراء. 
 - أمراض القلب. 
 - ارتفاع ضغط الدم. 
 - نقص صوديوم الدم. 
 - نقص الأكسجين. 
 - مقاومة الأنسولين. 
 - الإفراط في شرب الكحول. 
 - أمراض الكلى. 
 أما انخفاض مستويات الهيماتوكريت فيرجع إلى عدة عوامل، منها: 
 - فقر الدم. 
 - أمراض الكلى. 
 - أمراض الكبد. 
 - الالتهابات. 
 - الأمراض الالتهابية. 
 - نقص التغذية بما في ذلك فيتامين (ب12) وعنصرالحديد وحمض الفوليك.","In case of high hematocrit levels: 
- Avoid iron containing supplements under professional supervision 
- Ensure you are well hydrated 
- Engage in regular physical activity 
- Quit smoking 
- Moderate alcohol consumption 
In case of low hematocrit levels: 
- Consume iron rich foods such as beans, fish, shellfish, nuts, and seeds 
- Consume foods rich in vitamin C such as green leafy vegetables and citrus fruits 
 
*Red blood cells biomarkers are best interpreted in the context of the entire RBC profile.","في حال ارتفاع مستويات الهيماتوكريت : 
 - تجنب تناول المكملات التي تحتوي على عنصر الحديد إلا بإشراف طبي. 
 - احرص على شرب كمية كافية من المياه لترطيب الجسم. 
 - مارس النشاط البدني بانتظام. 
 - أقلع عن التدخين. 
 - الاعتدال في شرب الكحول. 
 أمّا في حال انخفاض مستويات الهيماتوكريت: 
 - تناول الأطعمة الغنيّة بعنصر الحديد مثل البقوليات والأسماك والمحار والمكسرات والحبوب. 
 - تناول الأطعمة الغنيّة بفيتامين سي مثل الخضروات الورقية الخضراء والحمضيات. 
 
 * من الأفضل تفسير المؤشرات الحيوية لخلايا الدم الحمراء بعد إجراء فحوصات شاملة لها.",1,1,1,Low - range: 0 to 14 | Normal - range: 15 to 30 | Normal - range: 14 to 30 | Low - range: 0 to 14,0,1,0
78,Transferrin Saturation Index,"Transferrin is a protein that binds iron and transports it to where it’s needed. When there is enough transferrin, your body can effectively use the iron you get from the diet. Iron availability dictates transferrin production, but transferrin levels are also influenced by inflammation, liver, and kidney disease",يُعرف الترانسفيرين بأنه البروتين الذي يربط الحديد وينقله إلى حيث يحتاجه الجسم. ولا يمكن للجسم الاستفادة من الحديد الذي يحصل عليه من الغذاء استخدامًا فعالاً إلا حينما تكون مستويات الترانسفيرين كافية. ويعتمد توفر الحديد على إنتاج الترانسفيرين، إلا أن مستويات الترانسفيرين تتأثر أيضًا بالالتهابات وأمراض الكبد والكلى.,"Transferrin is a protein that binds iron and transports it to where it’s needed. When there is enough transferrin, your body can effectively use the iron you get from the diet. Iron availability dictates transferrin production, but transferrin levels are also influenced by inflammation, liver, and kidney disease 
Low transferrin saturation levels can indicate iron deficiency while high levels can indicate iron overload.",يُعرف الترانسفيرين بأنه البروتين الذي يربط الحديد وينقله إلى حيث يحتاجه الجسم. ولا يمكن للجسم الاستفادة من الحديد الذي يحصل عليه من الغذاء استخدامًا فعالاً إلا حينما تكون مستويات الترانسفيرين كافية. ويعتمد توفر الحديد على إنتاج الترانسفيرين، إلا أن مستويات الترانسفيرين تتأثر أيضًا بالالتهابات وأمراض الكبد والكلى.,"Many factors can lead to having high TSI levels such as: 
- Iron deficiency 
- Vegetarian or vegan diet 
- Chronic blood loss 
- Pregnancy 
Many factors can lead to having low TSI levels such as: 
- Iron overload 
- Anemia  
- Inflammation 
- Liver conditions 
- Kidney conditions","ينجم ارتفاع مستويات تحليل إشباع الترانسفيرين عن عدة أسباب، منها: 
 - نقص الحديد. 
 - اتباع نظام غذائي نباتي جزئي أو كلي. 
 - فقدان الدم المزمن. 
 - الحمل. 
 أما انخفاض مستويات تحليل إشباع الترانسفيرين فيرجع إلى عدة عوامل، منها: 
 - زيادة مستويات الحديد. 
 - فقر الدم. 
 - الالتهابات. 
 - أمراض الكبد. 
 - أمراض الكلى.","In case of low TSI levels: 
- Consume iron rich foods such as organ meats, fish and seafood, poultry, dark leafy vegetables, and beans 
- Consume foods rich in vitamin C such as colored vegetables and citrus fruits 
- Consider iron supplementation under professional supervision 
In case of low TSI levels: 
- Avoid all iron containing supplementation under professional supervision 
- Consume foods rich in fiber and phytic acid such as whole grains and chili 
- Donate blood regularly 
- Avoid vitamin C containing supplementation 
- Consume tea or coffee moderately 
- Avoid using cast iron utensils 
- Consult your doctor to rule out any underlying conditions 
 
 *Iron biomarkers are best interpreted in the context of the entire iron profile.","في حال انخفاض مستويات تحليل إشباع الترانسفيرين: 
 - تناول الأطعمة الغنية بالحديد مثل اللحوم واللحوم العضوية والأسماك والمأكولات البحرية والدواجن والسبانخ والخضروات الورقية الداكنة والبقوليات. 
 - تناول الأطعمة الغنية بفيتامين سي مثل الخضار الملونة والحمضيات. 
 - تناول مكملات الحديد تحت اشراف متخصصّ. 
 أما في حال انخفاض مستويات تحليل إشباع الترانسفيرين: 
 - تجنب جميع المكملات المحتوية على الحديد تحت إشراف متخصص. 
 - تجنب تناول المكملات التي تحتوي على الحديد إلا بإشراف طبيّ. 
 - تناول الأطعمة الغنية بالألياف وحمض الفيتيك مثل الحبوب الكاملة والفلفل الحار. 
 - احرص على التبرع بالدم بانتظام. 
 - تجنب المكملات التي تحتوي على فيتامين سي. 
 - احرص على الاعتدال في تناول الشاي أو القهوة. 
 - تجنب استخدام الأواني المصنوعة من الحديد. 
 - استشر طبيبك لمعرفة الأسباب الكامنة وراء ذلك. 
 
 * من الأفضل تفسير المؤشرات الحيوية للحديد بعد إجراء فحوصات الحديد الشاملة.",1,1,1,Normal - range: 13 to 50 | High - range: 50 to 0 | Normal - range: 13 to 50 | Low - range: 0 to 13 | High - range: 50 to 0 | Normal - range: 13 to 50 | Low - range: 0 to 13 | Low - range: 0 to 13 | Normal - range: 13 to 50 | Low - range: 0 to 13,1,1,1
79,Gamma Glutamyl Transferase (GGT)*,GGT is an enzyme that is mostly found in the liver. Concentration of GGT in the bloodstream rises when your liver is injured or when the flow of bile (an alkaline fluid which aids digestion) is obstructed. Measuring it is therefore a useful marker for detecting bile duct issues such as blockage.,ناقلة الببتيد غاما غلوتاميل (GGT) هو إنزيم يُوجَد في الدم. قد تُشير المستويات الأعلى من الطبيعي إلى تلَف في الكبد أو القناة الصفراوية.,Gamma-glutamyl transferase (GGT) is a cell surface enzyme that is mostly produced by the liver. Its levels in the blood are used as an indicator in the diagnosis of liver and biliary tract disease. GGT exerts several functions in the body including the breakdown of drugs and toxins and the formation of amino acids that are important for the functioning of the brain and the heart.,يعد إنزيم ناقلة الببتيد غاما غلوتاميل أحد الأنزيمات المتواجدة على سطح الخلايا وينتج غالبًا في الكبد. وتعد مستوياته في الدم مؤشرًا لتشخيص أمراض الكبد وأمراض الجهاز الصفراوي. ويؤدي هذا الإنزيم في الجسم عدة وظائف، بما في ذلك تخليصه من آثار الأدوية والسموم وتكوين الأحماض الأمينية الهامة لعمل الدماغ والقلب.,"Many factors can lead to having high GGT levels such as: 
- Liver disease 
- Biliary tract disease 
- Smoking 
- Excessive alcohol consumption 
- Heart disease 
- High blood pressure 
- Diabetes 
- Kidney disease 
- Disorders of the thyroid gland 
- Certain medications 
Many factors can lead to having low GGT levels such as: 
- Pregnancy 
- Certain genetic disorders","ينجم ارتفاع مستويات إنزيم ناقلة الببتيد غاما غلوتاميل عن عدة أسباب، منها: 
 - أمراض الكبد. 
 - أمراض القنوات الصفراوية. 
 - التدخين. 
 - الإفراط في شرب الكحول. 
 - أمراض القلب. 
 - ارتفاع ضغط الدم. 
 - السكري. 
 - أمراض الكلى. 
 - اضطرابات الغدة الدرقية. 
 - بعض أنواع الأدوية. 
 أما انخفاض مستويات إنزيم ناقلة الببتيد غاما غلوتاميل فيرجع إلى عدة عوامل، منها: 
 - الحمل. 
 - بعض الأمراض الوراثية.","In case of high GGT levels: 
- Moderate alcohol consumption 
- Consume fruits and vegetables regularly 
- Consume less red meat 
- Engage in regular physical activity 
- Consult your doctor to rule out any underlying conditions 
In case of low GGT levels: 
- Consult your doctor to rule out any underlying conditions 
 
*Liver biomarkers are best interpreted in the context of the entire liver profile.","في حال ارتفاع مستويات إنزيم ناقلة الببتيد غاما غلوتاميل: 
 - الاعتدال في شرب الكحول. 
 - تناول الخضار والفواكه بانتظام. 
 - تناول كميات أقل من اللحوم الحمراء. 
 - مارس النشاط البدني بانتظام. 
 - استشر طبيبك لمعرفة الأسباب الكامنة وراء ذلك. 
 أما في حال انخفاض مستويات إنزيم ناقلة الببتيد غاما غلوتاميل: 
 - استشر طبيبك لمعرفة الأسباب الكامنة وراء ذلك. 
 
 
 * من الأفضل تفسير المؤشرات الحيوية للكبد بعد إجراء كافة فحوصات وظائف الكبد.",1,1,1,Low - range: 0 to 8 | Normal - range: 9 to 78 | Low - range: 0 to 5 | Normal - range: 6 to 55,0,1,0
80,Globulin*,"Globulins are a group of proteins in your blood that are made in your liver by your immune system. Globulins play an important role in liver function, blood clotting, and fighting infection.",الجلوبيولينات هي بروتينات لها وظائف عديدة ثلاث مجموعات تستخدم بالأساس كأجسام مضادة ضد الأجسام الغريبة التي قد تغزو الجسم، وهناك جلوبولينات أخرى تستخدم في مهام مختلفة. يتم انتاج بعض الجلوبيولينات في الكبد.,Globulins are a group of proteins that are made in the liver and that help transport nutrients and fight infections.,يُشكل الجلوبيولين مجموعة البروتينات التي يتم انتاجها في الكبد وتتمثل وظائفه في نقل المواد الغذائية ومكافحة العدوى.,"Many factors can lead to having high globulins levels such as: 
- Viral and bacterial infections 
- Dehydration 
- Inflammatory or immune disorders 
- Certain medications 
Many factors can lead to having low globulins levels such as: 
- Kidney disease 
- Liver disease 
- Inadequate diet","ينجم ارتفاع مستويات الجلوبيولين عن عدة أسباب، منها: 
 - العدوى الفيروسية والبكتيرية. 
 - الجفاف. 
 - الالتهابات أو الاضطرابات المناعية. 
 - تناول بعض الأدوية. 
 أما انخفاض مستويات الجلوبيولين فيرجع إلى عدة عوامل، منها: 
 - أمراض الكلى. 
 - أمراض الكبد. 
 - نقص التغذية.","In case of high globulins levels: 
- Ensure you are well hydrated 
- Engage in regular physical activity 
- Moderate alcohol consumption 
- Consult your doctor to rule out any underlying conditions 
In case of low globulins levels: 
- Consume a healthy and balanced diet 
- Consult your doctor to rule out any underlying conditions 
 
*Liver biomarkers are best interpreted in the context of the entire liver profile.","في حال ارتفاع مستويات الجلوبيولين: 
 - احرص على شرب كمية وافرة من السوائل. 
 - مارس النشاط البدني بانتظام. 
 - الاعتدال في شرب الكحول. 
 - استشر طبيبك لمعرفة الأسباب الكامنة وراء ذلك. 
 أما في حال انخفاض مستويات الجلوبيولين: 
 - اتبع نظامًا غذائيًا صحيًا ومتوازنًا. 
 - استشر طبيبك لمعرفة الأسباب الكامنة وراء ذلك. 
 
 * من الأفضل تفسير المؤشرات الحيوية للكبد بعد إجراء كافة فحوصات وظائف الكبد.",1,1,1,Low - range: 0 to 1.1 | Low - range: 0 to 1.1 | Normal - range: 1.1 to 4.2 | Normal - range: 1.1 to 4.2,0,1,0
81,"Alanine Aminotransferase (ALT), SGPT*","ALT, also known as SGPT, is an enzyme that plays a crucial role in your metabolism. When your liver is damaged or inflamed, ALT can be released into your bloodstream which causes serum ALT levels to rise. Measuring your ALT level would help evaluate your liver function or determine certain underlying causes of a liver problem.",ناقلة أمين الألانين (ALT) هو إنزيم موجود في الكبد يساعد في تحويل البروتينات إلى طاقة لخلايا الكبد. عند حدوث تلَف في الكبد، ينطلِق إنزيم ناقلة أمين الألانين (ALT) في مجرى الدم وترتفع مستوياته.,"ALT (alanine aminotransferase), also known as SGPT, is an enzyme that is found mostly in the liver, but also in muscles. ALT is released into the bloodstream when the liver is damaged and is therefore used to assess liver health and diagnose liver damage or disease. 
This test is included in Valeo’s comprehensive package",يوجد إنزيم ناقلة أمين الألانين في الكبد غالبًا، وبنسب معينة في العضلات أيضًا. ويُفرز هذا الإنزيم إلى مجرى الدم عندما يتضرر الكبد، لذا يعتبر مؤشرًا للاستدلال على صحة الكبد وبالتالي يتيح تشخيص تلف الكبد أو إصابته بأي مرض.,"Many factors can lead to having high ALT levels such as: 
- Excessive alcohol consumption 
- Inadequate diet 
- Liver damage or disease 
- Heart conditions 
- Certain medications 
Many factors can lead to having low ALT levels such as: 
- Vitamin B6 deficiency 
- Smoking 
- Oral contraceptives or hormonal replacement therapy 
- Kidney disease","ينجم ارتفاع مستويات ناقلة أمين الألانين عن عدة أسباب، منها: 
 - الإفراط في شرب الكحول. 
 - نقص التغذية. 
 - أمراض الكبد أو تلفه. 
 - أمراض القلب. 
 - أمراض الكبد. 
 - بعض أنواع الأدوية. 
 أما انخفاض مستويات ناقلة أمين الألانين فيرجع إلى عدة عوامل، منها: 
 - نقص فيتامين (ب6). 
 - التدخين. 
 - حبوب منع الحمل أو العلاج بالهرمونات البديلة. 
 - أمراض الكلى.","In case of high ALT levels: 
- Moderate alcohol consumption 
- Consume a healthy and balanced diet  
- Consult your doctor to rule out any underlying conditions 
In case of low ALT levels: 
- Moderate alcohol consumption 
- Consult your doctor to rule out any underlying conditions 
 
*Liver biomarkers are best interpreted in the context of the entire liver profile.","في حال ارتفاع مستويات إنزيم ناقلة أمين الألانين: 
 - الاعتدال في شرب الكحول. 
 - اتبع نظامًا غذائيًا صحيًا ومتوازنًا. 
 - استشر طبيبك لمعرفة الأسباب الكامنة وراء ذلك. 
 في حال انخفاض مستويات إنزيم ناقلة أمين الألانين: 
 - الاعتدال في شرب الكحول. 
 - استشر طبيبك لمعرفة الأسباب الكامنة وراء ذلك. 
 
 * من الأفضل تفسير المؤشرات الحيوية للكبد بعد إجراء كافة فحوصات وظائف الكبد.",1,1,1,Normal - range: 0 to 40 | Normal - range: 0 to 33,0,1,0
82,Urea*,"Urea is the final breakdown product of the amino acids found in proteins. Nitrogen in the form of ammonia is produced in the liver when protein is broken down. The nitrogen combines with other chemicals in the liver to form the waste product urea. The urea is released into the bloodstream and carried to the kidneys where it is filtered out of the blood and excreted in the urine. Healthy kidneys remove more than 90% of the urea the body produces, so blood levels can show how well your kidneys are working.",تعد اليوريا المنتج النهائي لتفكك الأحماض الأمينية الموجودة في البروتينات. وينتج النيتروجين على شكل أمونيا في الكبد عند تكسير البروتين، ثم يتحد النيتروجين مع مواد كيميائية أخرى في الكبد لتكوين نفايات اليوريا. وتُفرز اليوريا إلى مجرى الدم وتُنقل إلى الكلى حيث تصفى من الدم وتخرج عبر البول. وتزيل الكلى السليمة أكثر من 90% من اليوريا التي ينتجها الجسم، لذا يمكن أن تُظهر مستويات الدم مدى كفاءة عمل الكليتين.,"Urea is the final breakdown product of the amino acids found in proteins. Nitrogen in the form of ammonia is produced in the liver when protein is broken down. The nitrogen combines with other chemicals in the liver to form the waste product urea. The urea is released into the bloodstream and carried to the kidneys where it is filtered out of the blood and excreted in the urine. Healthy kidneys remove more than 90% of the urea the body produces, so blood levels can show how well your kidneys are working.",تعد اليوريا المنتج النهائي لتفكك الأحماض الأمينية الموجودة في البروتينات. وينتج النيتروجين على شكل أمونيا في الكبد عند تكسير البروتين، ثم يتحد النيتروجين مع مواد كيميائية أخرى في الكبد لتكوين نفايات اليوريا. وتُفرز اليوريا إلى مجرى الدم وتُنقل إلى الكلى حيث تصفى من الدم وتخرج عبر البول. وتزيل الكلى السليمة أكثر من 90% من اليوريا التي ينتجها الجسم، لذا يمكن أن تُظهر مستويات الدم مدى كفاءة عمل الكليتين.,"Many factors can lead to having high urea levels such as: 
- Aging 
- Excess protein intake 
- Kidney disease 
- Heart disease 
- Bleeding 
- Dehydration 
- Obstructions of urine flow 
Many factors can cause low urea levels such as: 
- Liver disease 
- Inadequate dietary intake 
- Low protein intake 
- Pregnancy","ينجم ارتفاع مستويات اليوريا عن عدة أسباب، منها: 
 - تقدم العمر. 
 - الإفراط في تناول البروتين. 
 - أمراض الكلى. 
 - أمراض القلب. 
 - النزيف. 
 - الجفاف. 
 - ضعف تدفق البول. 
 أما انخفاض مستويات اليوريا فيرجع إلى عدة عوامل، منها: 
 - أمراض الكبد. 
 - نقص التغذية. 
 - عدم تناول كميات كافية من البروتين. 
 - الحمل.","In case of high urea levels: 
- Ensure you are well hydrated 
- Consult your doctor to rule out any underlying conditions 
In case of low urea levels: 
- Consume a healthy and balanced diet rich in protein 
- Consult your doctor to rule out any underlying conditions 
 
*Kidneys biomarkers are best interpreted in the context of the entire kidney profile.","في حال ارتفاع مستويات اليوريا: 
 - احرص على شرب كمية وافرة من السوائل.  
 - استشر طبيبك لمعرفة الأسباب الكامنة وراء ذلك. 
 أما في حال انخفاض مستويات اليوريا: 
 - اتبع نظامًا غذائيًا صحيًا ومتوازنًا وغنيًا بالبروتين. 
 - استشر طبيبك لمعرفة الأسباب الكامنة وراء ذلك. 
 
 * من الأفضل تفسير المؤشرات الحيوية للكلى بعد إجراء كافة فحوصات وظائف الكلى.",1,1,1,Low - range: 0 to 9 | Normal - range: 10 to 50 | Low - range: 0 to 9 | Normal - range: 9 to 50,0,1,0
83,Blood Urea Nitrogen*,"Blood Urea Nitrogen (BUN) is a normal waste product that eventually ends up in your kidneys. A BUN test checks how well your kidneys are working. Naturally, healthy kidneys flush the waste from your body through the urine. BUN levels deviating from the normal range may indicate an issue with your kidneys or liver's function.",اليوريا هو أحد مخلفات الجسم الطبيعية. تستطيع الكلى السليمة تنقية الدم من اليوريا وبقية المخلفات الأخرى و تغادر هذه المخلفات جسمك مع البول. يوفرهذا التحليل معلومات قيمة عن سلامة وظائف الكبد والكلى لديك.,"BUN measures the amount of urea in the blood. Urea is a waste product made in the liver as the body processes protein. This protein is mostly derived from the diet, but it can also result from tissue protein turnover. Urea is removed from the blood by the kidney and so the amount of urea in the blood is used as an indicator of kidney function.",يقيس فحص نتروجين يوريا الدم كمية اليوريا في الدم، وتعرف اليوريا بأنها النفايات المصنوعة في الكبد، وهو العضو المسؤول عن معالجة البروتينات في الجسم. ويستخلص البروتين في الغالب من الغذاء، إلا أنه قد ينتج أيضًا عن تحول بروتين الأنسجة. وتتولى الكلى عملية التخلص من اليوريا في الدم، وبالتالي تعد مستويات اليوريا في الدم مؤشرًا لسلامة وظائف الكلى.,"Many factors can lead to having high BUN levels such as: 
- Dehydration 
- High protein intake 
- Infection or inflammation 
- Stress 
- Gut bleeding 
- Disorders of the thyroid gland 
- Kidney disease 
- Certain medications 
Many factors can lead to having low BUN levels such as: 
- Overhydration 
- Low protein intake 
- Excessive alcohol consumption 
- Liver disease 
- Anabolic steroids 
- Pregnancy","ينجم ارتفاع مستويات نيتروجين يوريا الدم عن عدة أسباب، منها: 
 - الجفاف. 
 - تناول كميات كبيرة من البروتين. 
 - الالتهابات. 
 - التوتر. 
 - النزيف المعدي المعوي. 
 - اضطرابات الغدة الدرقية. 
 - أمراض الكلى. 
 - بعض أنواع الأدوية. 
 أما انخفاض مستويات نيتروجين يوريا الدم فيرجع إلى عدة عوامل، منها: 
 - الإفراط في شرب السوائل. 
 - تناول كميات قليلة من البروتين. 
 - الإفراط في شرب الكحول. 
 - أمراض الكبد. 
 - الستيرويدات الابتنائية. 
 - الحمل.","In case of high BUN levels: 
- Ensure you are well hydrated 
- Maintain a healthy weight 
- Consider coaching for nutritional advice on your protein needs 
- Consult your doctor to rule out any underlying conditions 
In case of low BUN levels: 
- Maintain water consumption to 8-12 cups a day 
- Consider coaching for nutritional advice on your protein needs 
- Consult your doctor to rule out any underlying conditions 
 
 *Kidneys biomarkers are best interpreted in the context of the entire kidney profile.","في حال ارتفاع مستويات نيتروجين يوريا الدم: 
 - احرص على شرب كمية وافرة من السوائل. 
 - حافظ على وزن صحي. 
 - احرص على الحصول على المشورة الغذائية فيما يتعلق باحتياجاتك من البروتين. 
 - استشر طبيبك لمعرفة الأسباب الكامنة وراء ذلك. 
 أما في حال انخفاض مستويات نيتروجين يوريا الدم: 
 - تناول من 8 إلى 12 كوبًا من الماء في اليوم. 
 - احرص على الحصول على المشورة الغذائية فيما يتعلق باحتياجاتك من البروتين. 
 - استشر طبيبك لمعرفة الأسباب الكامنة وراء ذلك. 
 
 * من الأفضل تفسير المؤشرات الحيوية للكلى بعد إجراء كافة فحوصات وظائف الكلى.",1,1,1,Low - range: 0 to 8.3 | Normal - range: 6 to 20.1 | Low - range: 0 to 6 | Normal - range: 8.3 to 25.7,0,1,0
84,Male Hormone Profile - Sex Hormone Binding Globulin (SHGB)*,"Sex hormone-binding globulin (SHBG), also known as testosterone-binding globulin, is a protein that binds to sex hormones and carries them through the blood.",يُعرف الغلوبولين الرابط بالهرمون الجنسي أيضًا باسم الهرمون الرابط بالتستوستيرون، وهو بروتين يرتبط بالهرومونات الجنسية وينقلها من خلال الدم.,"Sex hormone-binding globulin (SHBG), also known as testosterone-binding globulin, is a protein that binds to sex hormones and carries them through the blood.",يُعرف الغلوبولين الرابط بالهرمون الجنسي أيضًا باسم الهرمون الرابط بالتستوستيرون، وهو بروتين يرتبط بالهرومونات الجنسية وينقلها من خلال الدم.,"Many factors can lead to having high SHBG levels such as: 
- Liver disease 
- Disorders of the thyroid gland 
- Disorders of the pituitary gland 
- Certain medications 
Many factors can lead to having low SHBG levels such as: 
- Polycystic Ovary Syndrome (PCOS) 
- High prolactin levels 
- High blood sugar levels  
- High insulin levels 
- High testosterone levels 
- Disorders of the thyroid gland 
- Inflammation 
- Certain medications","نجم ارتفاع مستويات الغلوبولين الرابط بالهرمون الجنسي عن عدة أسباب، منها: 
 - أمراض الكبد. 
 - اضطرابات الغدة الدرقية. 
 - اضطرابات الغدة النخامية. 
 - تناول بعض الأدوية. 
 أما انخفاض مستويات الغلوبولين الرابط بالهرمون الجنسي فيرجع إلى عدة عوامل، منها: 
 - متلازمة تكيس المبايض. 
 - ارتفاع مستويات البرولاكتين. 
 - ارتفاع مستويات السكر في الدم. 
 - ارتفاع مستويات الإنسولين. 
 - ارتفاع مستويات هرمون التستوستيرون. 
 - اضطرابات الغدة الدرقية. 
 - الالتهابات. 
 - بعض أنواع الأدوية.","In case of high SHBG levels: 
- Maintain a healthy weight 
- Consult your doctor to identify the underlying reason 
In case of low SHBG levels: 
- Maintain a healthy weight 
- Engage in regular physical activity 
- Consult your doctor to identify the underlying reason","في حال ارتفاع مستويات الغلوبولين الرابط بالهرمون الجنسي: 
 - حافظ على وزن صحي. 
 - استشر طبيبك لمعرفة الأسباب الكامنة وراء ذلك. 
 في حال انخفاض مستويات الغلوبولين الرابط بالهرمون الجنسي: 
 - حافظ على وزن صحي. 
 - مارس النشاط البدني بانتظام. 
 -استشر طبيبك لمعرفة الأسباب الكامنة وراء ذلك.",1,1,1,Low - range: 0 to 20.5 | Normal - range: 20.6 to 76.7 | Low - range: 0 to 20.5 | Normal - range: 20.6 to 76.7,0,1,0
85,High Density Lipoprotein (HDL)*,"Also known as ""the good cholesterol"", HDL helps remove other forms of cholesterol from your bloodstream. Higher levels of HDL cholesterol are associated with a lower risk of heart disease.","يُعرف كوليسترول البروتين الدهني عالي الكثافة باسم الكوليسترول ""المفيد"" لأنه يساعد في تخليص مجرى الدم من أشكال أخرى من الكوليسترول. ويرتبط ارتفاع مستويات كوليسترول البروتين الدهني عالي الكثافة بانخفاض مخاطر الإصابة بأمراض القلب.","High density lipoprotein (HDL) cholesterol, also known as ""the good cholesterol"", helps remove other forms of cholesterol from the bloodstream. It is desirable to have high levels of HDL cholesterol as it is associated with a lower risk of heart disease.","يُعرف كوليسترول البروتين الدهني عالي الكثافة باسم الكوليسترول ""المفيد"" لأنه يساعد في تخليص مجرى الدم من أشكال أخرى من الكوليسترول. ويرتبط ارتفاع مستويات كوليسترول البروتين الدهني عالي الكثافة بانخفاض مخاطرالإصابة بأمراض القلب لذلك يحبذ الحفاظ على مستوى مرتفع منه في الدم.","Many factors can lead to having low HDL levels such as: 
- Genetics 
- Aging 
- Unhealthy lifestyle habits such as smoking and a diet high in refined carbohydrates (like white bread and sugars) 
- Excess weight 
- Certain medications such as steroids 
Many factors can lead to having high (desirable) HDL levels such as: 
- Genetics  
- Consuming a balanced diet and leading a healthy lifestyle 
- Moderate alcohol consumption","ينجم انخفاض مستوى البروتين الدهني العالي الكثافة (HDL) عن عدة أسباب، منها: 
 - عوامل وراثية. 
 - إتباع نمط حياة وعادات غذائية غير صحية مثل التدخين وتناول الأطعمة العالية بالدهون ولكربوهيدرات المصنعة بكثرة. 
 - الوزن الزائد . 
 - بعض الأدوية مثل الستيرويدات. 
 أما إرتفاع مستوى كوليسترول البروتين الدهني عالي الكثافة فهو أمر محبب متعلق ب: 
 - عوامل وراثية. 
 - إتباع نظام غذائي ونمط حياة صحيين. 
 - تناول الكحول بإعتدال.","In case of high HDL levels: 
- High levels are usually desirable. Consult your doctor in case of levels above normal ranges. 
In case of low HDL levels: 
- Consume a healthy diet that is low in cholesterol and simple carbohydrates such as sugar and white flour, and rich in fibers and plant sterols (found in vegetable margarine and nuts) 
- Engage in regular physical activity (the kind that gets your heart pumping is best) 
- Maintain a healthy weight as losing even 2 to 5 kilograms can improve your cholesterol levels 
- Quit smoking 
 
*Cholesterol biomarkers are best interpreted in the context of the entire cholesterol profile.","في حال ارتفاع مستويات البروتين الدهني عالي الكثافة: 
 - عادةً ما تكون المستويات العالية صحيةً أكثر، ولكن استشر طبيبك في حال كانت المستويات أعلى من الطبيعي. 
 أما في حال انخفاض مستويات البروتين الدهني عالي الكثافة: 
 - اتبع نظامًا غذائيًا صحيًا يحتوي على معدلات منخفضة من الدهون المصنعة والكربوهيدرات البسيطة مثل السكر، وغني بالألياف وستيرول النباتات (الموجود في السمن النباتي والمكسرات). 
 - مارس النشاط البدني بانتظام، مع التركيز على التمارين التي ترفع معدل نبضات القلب وتحسن تدفق الدم. 
 - حافظ على وزن صحي، إذ يمكن لفقدان ما بين 2 إلى 5 كيلوغرامات تحسين مستويات الكوليسترول في الدم. 
 - أقلع عن التدخين. 
 
 * من الأفضل تفسير المؤشرات الحيوية للكوليسترول بعد إجراء تحليلات شاملة للدهنيات في الدم.",1,1,1,Low - range: 0 to 40 | Low - range: 0 to 50,0,1,0
86,Total Iron Binding Capacity(TIBC)*,TIBC (total iron-binding capacity) measures the total amount of iron that can be bound by proteins in the blood.,في فحص القدرة على ربط الحديد بالترانسفيرين، يتم فحص كمّية الحديد الإضافية التي يمكنها الإرتباط بالترانسفيرين، إضافةً إلى الكمّيّة المتّصلة به من قبل.,"Total iron-binding capacity (TIBC) measures the total capacity of the blood to bind and transport iron. It is used to estimate the amount of iron stored in the body. TIBC is an indirect measure of transferrin, a protein that binds iron molecules and transports them in the bloodstream.",يقيس فحص القدرة على ربط الحديد بالترانسفيرين القدرة الإجمالية للدم على ربط الحديد ونقله. ويستخدم لتقدير كمية الحديد المخزنة في الجسم. ويعد هذا الفحص مقياسًا غير مباشر للترانسفيرين، وهو بروتين يربط جزيئات الحديد وينقلها في مجرى الدم.,"Many factors can lead to having high TIBC levels such as: 
- Iron deficiency 
- Conditions that increase production of red blood cells such as polycythemia vera 
Many factors can lead to having low TIBC levels such as: 
- Iron overload 
- Inflammation 
- Liver disease 
- Malnutrition 
- Kidney disease 
- Conditions that cause destruction of red blood cells","ينجم ارتفاع مستويات القدرة على ربط الحديد بالترانسفيرين عن عدة أسباب، منها: 
 - نقص الحديد. 
 - الحالات التي تزيد من إنتاج خلايا الدم الحمراء . 
 أما انخفاض مستويات القدرة على ربط الحديد بالترانسفيرين فيرجع إلى عدة عوامل، منها: 
 - زيادة مستويات الحديد. 
 - الالتهابات. 
 - أمراض الكبد. 
 - سوء التغذية. 
 - أمراض الكلى. 
 - الحالات التي تسبب تكسر خلايا الدم الحمراء.","In case of high TIBC levels: 
- Consume iron rich foods such as meat and organ meats, fish and seafood, poultry, spinach and dark leafy vegetables, and beans 
- Consume foods rich in vitamin C such as colored vegetables and citrus fruits 
- Consider iron supplementation under professional supervision 
In case of low TIBC levels: 
- Avoid all iron containing supplementation under professional supervision 
- Consume foods rich in fiber and phytic acid such as whole grains and chili 
- Donate blood regularly 
- Avoid vitamin C containing supplementation 
- Consume tea or coffee moderately 
- Avoid using cast iron utensils 
- Consult your doctor to rule out any underlying conditions 
 
 *Iron biomarkers are best interpreted in the context of the entire iron profile.","في حال انخفاض مستويات القدرة على ربط الحديد بالترانسفيرين: 
 - تناول الأطعمة الغنية بالحديد مثل اللحوم واللحوم العضوية والأسماك والمأكولات البحرية والدواجن والسبانخ والخضروات الورقية الداكنة والبقوليات. 
 - تناول الأطعمة الغنية بفيتامين سي مثل الخضار الملونة والحمضيات. 
 - تناول مكملات الحديد تحت اشراف متخصصّ. 
 أما في حال انخفاض مستويات القدرة على ربط الحديد بالترانسفيرين: 
 - تجنب تناول المكملات التي تحتوي على الحديد إلا بإشراف طبيّ. 
 - تناول الأطعمة الغنية بالألياف وحمض الفيتيك مثل الحبوب الكاملة والفلفل الحار. 
 - احرص على التبرع بالدم بانتظام. 
 - تجنب المكملات التي تحتوي على فيتامين سي. 
 - احرص على الاعتدال في تناول الشاي أو القهوة. 
 - تجنب استخدام الأواني المصنوعة من الحديد. 
 - استشر طبيبك لمعرفة الأسباب الكامنة وراء ذلك. 
 
 * من الأفضل تفسير المؤشرات الحيوية للحديد بعد إجراء فحوصات الحديد الشاملة.",1,1,1,Low - range: 0 to 249 | Normal - range: 249 to 450 | Low - range: 0 to 249 | Normal - range: 250 to 450,0,1,0
87,C-Reactive Protein*,"CRP is produced in the liver and is tested to measure the general level of inflammation in your body. You may have high levels of CRP if your body is fighting a bacterial or fungal infection, or if you suffer from a an inflammatory disorder such as arthritis. CRP levels could also be linked to your heart's health, where a high CRP result is known as a risk factor for cardiovascular diseases such as heart attacks and strokes.","بروتين سي التفاعلي هو بروتين ينتجه الكبد، وعادةً ما تترفع مستوياته في حال تعرض الجسم لبعض أنواع الالتهابات المختلفة أو في حال كنت تعاني من أحد الأمراض الالتهابية المزمنة، مثل: التهاب المفاصل الروماتويدي. تتصل مستويات هذا البروتين ايضا بصحة قلبك بحيث أن ارتفاع مستوياته 
 قد يدل على ارتفاع خطر الاصابة بأمراض قلبية.",C-reactive protein (CRP) is an inflammatory marker produced in the liver. The CRP test is ordered to evaluate the presence of infections or inflammatory diseases such as rheumatoid arthritis. CRP levels are also associated with cardiovascular health whereby higher levels indicate a higher risk.,ينتج بروتين سي التفاعلي في الكبد، وعادةً ما ترتفع مستوياته في حال تعرض الجسم لبعض أنواع الالتهابات المختلفة أو بسبب أحد الأمراض الالتهابية المزمنة مثل التهاب المفاصل الروماتويدي. وتعد مستويات هذا البروتين أيضًا مؤشرًا لصحة القلب، إذ أن ارتفاع مستوياته قد يدل على ارتفاع خطر الاصابة بالأمراض القلبية. قد يدل على ارتفاع خطر الاصابة بأمراض قلبية.,"Many factors can lead to having high CRP levels such as: 
- Bacterial or fungal infections. 
- Chronic inflammatory disorders such as rheumatoid arthritis, lupus, and certain types of inflammatory bowel diseases such as Crohn’s disease and ulcerative colitis. 
- Organ or tissue injury. 
- Obesity, unhealthy eating habits, and sedentary lifestyle. 
- Diabetes. 
- Cardiovascular diseases 
- Certain medications such as estrogen-based medications such as birth control pills. 
Many factors can lead to having low CRP levels (desirable) such as: 
- Leading a healthy lifestyle","ينجم ارتفاع مستويات بروتين سي التفاعلي عن عدة أسباب ، منها: 
 - عدوى بكتيرية أو فطرية. 
 - الأمراض الالتهابية المزمنة مثل التهاب المفاصل والذئبة وأنواع معينة من أمراض الأمعاء الالتهابية مثل مرض كرون والتهاب القولون التقرحي. 
 - إصابة الأعضاء أو الأنسجة. 
 - السمنة وعادات الأكل غير الصحية ونمط الحياة الخامل. 
 - داء السكري. 
 - أمراض القلب والأوعية الدموية. 
 - بعض الأدوية بما في ذلك الأدوية التي تحتوي على هرمون الاستروجين مثل حبوب منع الحمل. 
 أما انخفاض مستويات بروتين سي التفاعلي فيرجع إلى عدة عوامل، منها: 
 - اتباع نمط حياة صحي.","In case of high CRP levels: 
- Consume a healthy diet that includes a variety of anti-inflammatory foods such as fruits, vegetables, unprocessed meats, unrefined whole grains, fish, shellfish, and organic meats. 
- Moderate alcohol consumption 
- Engage in aerobic exercises such as running, cycling, or walking 
- Quit smoking 
- Increase fiber intake 
- Maintain a healthy weight 
- Consult your doctor to rule out any underlying conditions 
In case of low CRP levels: 
- Low levels are usually desirable.","في حال ارتفاع مستويات بروتين سي التفاعلي: 
 - اتبع نظامًا غذائيًا صحيًا يتضمن مجموعة متنوعة من الأطعمة المضادة للالتهابات مثل الفواكه والخضروات واللحوم غير المصنعة والحبوب الكاملة غير المكررة والأسماك والمحار واللحوم العضوية. 
 - الاعتدال في شرب الكحول. 
 - مارس التمارين الهوائية مثل رياضة الجري أو ركوب الدراجات أو المشي. 
 - أقلع عن التدخين. 
 - تناول كميات أكبر من الألياف. 
 - حافظ على وزن صحي. 
 - استشر طبيبك لمعرفة الأسباب الكامنة وراء ذلك. 
 أما في حال انخفاض مستويات بروتين سي التفاعلي: 
 - عادةً ما تكون المستويات المنخفضة مرغوبة.",1,1,1,Normal - range: 0 to 5.9 | Normal - range: 0 to 5.9,0,1,0
88,WBC: Neutrophils*,Neutrophils are one of the first cells to travel to the site of an infection in your body. When Neutrophils are low we may become more vulnerable.,تُعد الخلايا المتعادلة أهم نوع من أنواع خلايا الدم البيضاء فيما يخص محاربة العدوى.,"Neutrophils are part of the white blood cell community in the blood that protect against bacterial, fungal, and other infections",تشكل العدلات جزءًا من خلايا الدم البيضاء في الدم، وتحمي من الالتهابات البكتيرية والفطرية وغيرها من الالتهابات.,"Many factors can lead to having low or high neutrophils levels such as: 
- Infections 
- Chronic inflammation 
- Diseases that damage bone marrow, such as leukemia 
- Certain autoimmune disorders such as rheumatoid arthritis 
- Nutritional deficiencies 
- Stress 
- Excess weight 
- Smoking 
- Certain medications","ينجم ارتفاع مستويات العدلات أو انخفاضها عن عدة أسباب، منها: 
 - الإصابة بالعدوى. 
 - الالتهابات المزمنة. 
 - الأمراض التي تضر بالنخاع العظمي مثل سرطان الدم 
 - بعض أمراض المناعة الذاتية مثل التهاب المفاصل الروماتويدي. 
 - نقص التغذية. 
 - التوتر. 
 - الوزن الزائد. 
 - التدخين. 
 - بعض أنواع الأدوية.","ينجم ارتفاع مستويات العدلات أو انخفاضها عن عدة أسباب، منها: 
 - الإصابة بالعدوى. 
 - الالتهابات المزمنة. 
 - الأمراض التي تضر بالنخاع العظمي مثل سرطان الدم 
 - بعض أمراض المناعة الذاتية مثل التهاب المفاصل الروماتويدي. 
 - نقص التغذية. 
 - التوتر. 
 - الوزن الزائد. 
 - التدخين. 
 - بعض أنواع الأدوية.","في حال ارتفاع مستويات العدلات أو انخفاضها: 
 - أقلع عن التدخين. 
 - حافظ على وزن صحي. 
 - تناول غذاء صحيًا ومتوازنًا. 
 - مارس النشاط البدني بانتظام. 
 - استشر مدرب صحي للتدرب على التعامل مع التوتر و تحسين جودة النوم. 
 - استشر طبيبك لمعرفة الأسباب الكامنة وراء ذلك.",1,1,1,Normal - range: 39.9 to 80 | Low - range: 0 to 39.9 | Normal - range: 39.9 to 80 | Low - range: 0 to 39.9,0,1,0
89,WBC: Lymphocytes*,"Lymphocytes are part of the white blood cell community that fight bacterial and viral infections. They also produce memory cells and antibodies to protect against future infection from the same source. Lymphocytes include T cells, B cells and natural killer cells.",اللمفاويات هي خلايا الدم البيضاء وهي تلعب دور اساسي في جهاز المناعة. هنالك العديد من الأنواع منها ولكل فئة منها وظيفتها الخاصة.,"Lymphocytes are part of the white blood cell community that fight bacterial and viral infections. They also produce memory cells and antibodies to protect against future infection from the same source. Lymphocytes include T cells, B cells and natural killer cells.",تشكل الخلايا اللمفاوية جزءًا من الخلايا البيضاء التي تقاوم الالتهابات البكتيرية والفيروسية، وتتولى إنتاج خلايا الذاكرة والأجسام المضادة للحماية من العدوى المستقبلية من المصدر نفسه. وتشمل الخلايا الليمفاوية الخلايا التائية والخلايا البائية والخلايا القاتلة الطبيعية.,"Many factors can lead to having low or high lymphocytes levels such as: 
- Infections 
- Chronic inflammation 
- Diseases that damage bone marrow, such as leukemia 
- Certain autoimmune disorders such as rheumatoid arthritis 
- Nutritional deficiencies 
- Stress 
- Excess weight 
- Smoking 
- Certain medications","ينجم ارتفاع مستويات الخلايا اللمفاوية أو انخفاضها عن عدة أسباب، منها: 
 - الإصابة بالعدوى. 
 - الالتهابات المزمنة. 
 - الأمراض التي تضر بالنخاع العظمي مثل سرطان الدم. 
 - بعض أمراض المناعة الذاتية مثل التهاب المفاصل الروماتويدي 
 - نقص التغذية. 
 - التوتر. 
 - الوزن الزائد. 
 - التدخين. 
 - بعض أنواع الأدوية.","In case of high or low lymphocytes: 
- Quit smoking 
- Maintain a healthy weight 
- Consume a healthy and balanced diet 
- Engage in regular physical activity 
- Consider coaching for stress management and improvement of sleep quality 
- Consult your doctor to rule out any underlying conditions","في حال ارتفاع مستويات الخلايا اللمفاوية أو انخفاضها: 
 - أقلع عن التدخين. 
 - حافظ على وزن صحي. 
 - تناول غذاء صحيًا ومتوازنًا. 
 - مارس النشاط البدني بانتظام. 
 - استشر مدرب صحي للتدرب على التعامل مع التوتر و تحسين جودة النوم. 
 - استشر طبيبك لمعرفة الأسباب الكامنة وراء ذلك.",1,1,1,Low - range: 0 to 19.9 | Normal - range: 19.9 to 40 | Low - range: 0 to 19.9 | Normal - range: 19.9 to 40,0,1,0
90,HbA1c*,HbA1c gives an average indication of glucose levels (a type of sugar) in your blood over a three-month period. This reduces the need for more regular blood glucose readings. Measuring your HbA1c helps in revealing any risk of pre-diabetes and diabetes.,هو نوع من أنواع الهيموجلوبين الذي تتناسب قيمته مع قيمة معدل الجلوكوز في الأشهر الثلاثة الأخيرة قبل فحص قيمته. يعطي هذا التحليل صورة دقيقة لمعدل نسبة السكر بالدم خلال الاشهر الاخيرة ويشكل طريقة جيدة لكشف خطر الاصابة بمرض السكري و لمتابعة مرضى السكري ونجاعة علاجهم.,"HbA1c, or glycated hemoglobin, gives an indication of the average glucose (blood sugar) levels over a three-month period. This test helps revealing any risk for pre-diabetes and diabetes and is used in the management and monitoring of blood sugar levels in diagnosed patients. 
If you have been previously diagnosed as diabetic, a high result may indicate that you have not been able to successfully control your condition through lifestyle changes or medication. Disrupted blood glucose is also a major contributing factor in inflammatory conditions such as arthritis and osteoporosis. This may all result in struggling with mood disorders and energy fluctuations.","هو نوع من أنواع الهيموجلوبين الذي تتناسب قيمته مع قيمة معدل الجلوكوز في الأشهر الثلاثة الأخيرة قبل فحص قيمته. يعطي هذا التحليل صورة دقيقة لمعدل نسبة السكر بالدم خلال الاشهر الاخيرة ويشكل طريقة جيدة لكشف خطر الاصابة بمرض السكري و لمتابعة مرضى السكري ونجاعة علاجهم 
If you have been previously diagnosed as diabetic, a high result may indicate that you have not been able to successfully control your condition through lifestyle changes or medication. Disrupted blood glucose is also a major contributing factor in inflammatory conditions such as arthritis and osteoporosis. This may all result in struggling with mood disorders and energy fluctuations.","Many factors can lead to having high HbA1c levels such as: 
- Pre-diabetes or diabetes 
- Low levels of physical activity 
- Stress 
- Illness, injury, or surgery 
- Pancreatic conditions 
- Gestational diabetes 
- Certain medications such as steroids 
Many factors can lead to having low HbA1c levels such as: 
- Certain conditions that decrease or damage red blood cells such as blood loss/transfusion 
- Excessive alcohol consumption 
- Liver disease 
- Pregnancy 
- Certain medications 
- Certain genetic hemoglobin disorders such as sickle cell anemia and thalassemia","ينجم ارتفاع مستويات الهيموجلوبين السكري عن عدة أسباب ، منها: 
 - مرحلة ما قبل السكري أو ما السكري. 
 - قلة الحركة. 
 - التوتر. 
 - الأمراض أو الإصابات أو عمليات الجراحة. 
 - أمراض البنكرياس. 
 - سكري الحمل. 
 - بعض أنواع الأدوية مثل الستيرويدات. 
 أما انخفاض مستويات الهيموجلوبين السكري فيرجع إلى عدة عوامل، منها: 
 - بعض الحالات التي تسبب فقد خلايا الدم الحمراء أو تلفها مثل فقدان الدم أو نقل الدم. 
 - الإفراط في شرب الكحول. 
 - أمراض الكبد. 
 - الحمل. 
 - بعض أنواع الأدوية. 
 - بعض اضطرابات الهيموجلوبين الوراثية مثل فقر الدم المنجلي والثلاسيميا.","In case of high HbA1c levels: 
- Monitor HbA1c continuously (every 3-6 months) 
- Maintain a healthy weight 
- Quit smoking 
- Moderate alcohol consumption 
- Engage in regular physical activity 
- Limit carbohydrate intake to complex unrefined whole grains and plan your meals 
- Increase fiber intake 
- Consider coaching for nutritional advice 
- Consult your doctor to identify the underlying reason 
In case of low HbA1c levels: 
- Eat at regular times and don't skip meals 
- Moderate alcohol consumption 
- Consult coaching for nutritional advice 
- Consult your doctor to rule out any underlying reasons","في حال ارتفاع مستويات الهيموجلوبين السكري: 
 - احرص على مراقبة مستويات الهيموجلوبين السكري باستمرار (كل 3 إلى 6 أشهر). 
 - حافظ على وزن صحي. 
 - أقلع عن التدخين. 
 - الاعتدال في شرب الكحول. 
 - مارس النشاط البدني بانتظام. 
 - قلل من تناول الكربوهيدرات واستبدلها بالحبوب الكاملة غير المكررة ونظم وجباتك. 
 - تناول كميات أكبر من الألياف. 
 - احرص على الحصول على المشورة الغذائية. 
 - استشر طبيبك لمعرفة الأسباب الكامنة وراء ذلك. 
 أما في حال انخفاض مستويات الهيموجلوبين السكري: 
 - تناول الطعام في أوقات منتظمة ولا تفوت وجبات الطعام. 
 - الاعتدال في شرب الكحول. 
 - احرص على الحصول على المشورة الغذائية. 
 - استشر طبيبك لمعرفة الأسباب الكامنة وراء ذلك.",1,1,1,Normal - range: 4.5 to 5.9 | Normal - range: 4.5 to 5.9 | Impaired Glucose Tolerance - range: 5.9 to 6.4 | Good Control Diabetes - range: 6.4 to 7.1 | Satisfactory controlled - range: 7.1 to 8 | Impaired Glucose Tolerance - range: 5.9 to 6.4 | Satisfactory controlled - range: 7.1 to 8 | Good Control Diabetes - range: 6.4 to 7.1,0,1,0
91,Glomerular Filtration Rate (EGFR)*,"Glomerular filtration rate (GFR) is a measure of the function of your kidneys. Glomeruli are tiny filters in your kidney that allow waste products to be removed from the blood, while preventing loss of important proteins and blood cells.",حساب معدل الترشيح الكلوي ضروري لتقييم ومتابعة وظائف الكلى بشكل دقيق ولتحديد الجرعة المناسبة من الأدوية أوالمواد الصبغية التي تستعمل في التشخيص ويتخلص منها الجسم عن طريق الكلى.,"Glomerular filtration rate (GFR) is a measure of the kidneys' ability to filter blood. The level of 
creatinine in the blood, age, race, and gender are used to estimate GFR.""",يقيس معدل الترشيح الكلوي قدرة الكلى على تنقية الدم. ويُستخدم كل من مستوى الكرياتينين في الدم بالإضافة إلى العمر والعرق والجنس لتقدير معدل الترشيح الكلوي للشخص.,"Many factors can lead to having high GFR (desirable) levels such as: 
- Pregnancy 
Many factors can lead to having low GFR levels such as: 
- Aging 
- Dehydration 
- High protein intake 
- Long fasting period 
- Bodybuilding and creatine supplementation 
- Kidney disease 
- Certain medications such as NSAIDs and ACE inhibitors","ينجم الارتفاع (المرغوب) في معدل الترشيح الكلوي عن عدة أسباب، منها: 
 - الحمل. 
 أما انخفاض معدل الترشيح الكلوي فيرجع إلى عدة عوامل، منها: 
 - تقدم العمر. 
 - الجفاف. 
 - تناول نسبة عالية من البروتين. 
 - طول مدة الصيام. 
 - مكملات الكرياتين وكمال الأجسام. 
 - أمراض الكلى. 
 - بعض الأدوية مثل مضادات الالتهابات اللاستيرويدية ومثبط إنزيم محول الأنجيوتنسين.","In case of high GFR levels: 
- High levels are usually desirable. Consult your doctor for levels above the normal ranges. 
In case of low GFR levels: 
- Maintain a healthy weight 
- Maintain a healthy blood pressure 
- Quit smoking 
- Avoid foods high in potassium, sodium, and phosphorus. 
- Consider coaching for nutritional advice on kidney-friendly diet 
- Consult your doctor to identify the underlying reason 
 
 *Kidneys biomarkers are best interpreted in the context of the entire kidney profile.","في حال ارتفاع معدل الترشيح الكلوي: 
 - عادةً ما تكون المعدلات المرتفعة للترشيح الكلوي مرغوبة، ولكن استشر طبيبك في حال ارتفاع المعدل عن المعدلات الطبيعية. 
 أما في حال انخفاض معدل الترشيح الكلوي: 
 - حافظ على وزن صحي. 
 - حافظ على مستوى ضغط دم صحي. 
 - أقلع عن التدخين. 
 - تجنب الأطعمة التي تحتوي على نسبة عالية من البوتاسيوم والصوديوم والفوسفور. 
 - احرص على الحصول على المشورة الغذائية بشأن نظام غذائي مناسب للكلى. 
 - استشر طبيبك لمعرفة الأسباب الكامنة وراء ذلك. 
 
 * من الأفضل تفسير المؤشرات الحيوية للكلى بعد إجراء كافة فحوصات وظائف الكلى.",1,1,1,Low - range: 0 to 90 | Low - range: 0 to 90,0,1,0
93,WBC: Monocytes*,Monocytes envelop and remove damaged or dead cells and pathogens from the blood. They are like the office cleaners.,هي نوعٌ من الكريَّات البيض يكافح بعضَ حالات العدوى، ويساعد الكريَّات البيض الأخرى على إزالة الأنسجة الميتة أو التالفة.,"Monocytes are the largest part of the white blood cell community. Approximately 2 to 10% of white blood cells are monocytes. These immune cells circulate in the blood for several days before they enter the tissues, where they become macrophages or dendritic cells. Monocytes protect against viral, bacterial, fungal, and protozoal infections. They kill microorganisms, ingest foreign particles, remove dead cells, and boost the immune response.",تشكل الخلايا الحمضية جزءًا من خلايا الدم البيضاء التي تقضي على الالتهابات الطفيلية وبعض أنواع البكتيريا فتشكل الوحيدات الجزء الأكبر من خلايا الدم البيضاء، حيث تتراوح نسبتها بين ما يقارب 2% إلى 10% من خلايا الدم البيضاء. وتنتشر هذه الخلايا المناعية في الدم لعدة أيام قبل أن تدخل الأنسجة، فإما أن تصبح خلايا بلعمية أو خلايا تغصنية. وتحمي الوحيدات من الالتهابات الفيروسية والبكتيرية والفطرية والأولية، فتقتل الكائنات الحية الدقيقة، وتبتلع الجزيئات الغريبة، وتزيل الخلايا الميتة، وتعزز الاستجابة المناعية.ي الجسم. وتنتشر في الدم لفترات قصيرة من الزمن. وتنتقل الخلايا الحمضية عند تنشيطها إلى الأنسجة المصابة وتفرز مواد التهابية تساعد في تدمير الكائنات الغريبة. ومن المعروف أنها تساعد في مكافحة الطفيليات المعوية، إلا أن دورها في الجهاز المناعي أكثر تعقيدًا.,"Many factors can lead to having low or high eosinophils leMany factors can lead to having low or high monocytes levels such as: 
- Infections 
- Chronic inflammation 
- Diseases that damage bone marrow, such as leukemia 
- Certain autoimmune disorders such as rheumatoid arthritis 
- Nutritional deficiencies 
- Stress 
- Excess weight 
- Smoking 
- Certain medicationsvels such as: 
- Infections 
- Chronic inflammation 
- Diseases that damage bone marrow, such as leukemia 
- Certain autoimmune disorders such as rheumatoid arthritis 
- Nutritional deficiencies 
- Stress 
- Excess weight 
- Smoking 
- Certain medications","ينجم ارتفاع مستويات الخلايا الحمضية أو انخفاضها عن عدة أسباب، منها: 
 - الإصابة بالعدوى. 
 - الالتهابات المزمنة. 
 - الأمراض التي تضر بالنخاع العظمي مثينجم ارتفاع مستويات الوحيدات أو انخفاضها عن عدة أسباب، منها: 
 - الإصابة بالعدوى. 
 - الالتهابات المزمنة. 
 - الأمراض التي تضر بالنخاع العظمي مثل سرطان الدم 
 - بعض أمراض المناعة الذاتية مثل التهاب المفاصل الروماتويدي. 
 - نقص التغذية. 
 - التوتر. 
 - الوزن الزائد. 
 - التدخين. 
 - بعض أنواع الأدوية.ل سرطان الدم. 
 - بعض أمراض المناعة الذاتية مثل التهاب المفاصل الروماتويدي. 
 - نقص التغذية. 
 - التوتر. 
 - الوزن الزائد. 
 - التدخين. 
 - بعض أنواع الأدوية.","In case of high or low eosinophils: 
- Quit smoking 
- Maintain a healthy weightIn case of high or low monocytes: 
- Quit smoking 
- Maintain a healthy weight 
- Consume a healthy and balanced diet 
- Engage in regular physical activity 
- Consider coaching for stress management and improvement of sleep quality 
- Consult your doctor to rule out any underlying conditions 
- Consume a healthy and balanced diet 
- Engage in regular physical activity 
- Consider coaching for stress management and improvement of sleep quality 
- Consult your doctor to rule out any underlying conditions","في حال ارتفاع مستويات الخلايا الحمضية أو انخفاضها: 
 - أقلع عن التدخين.في حال ارتفاع مستويات الوحيدات أو انخفاضها: 
 - أقلع عن التدخين. 
 - حافظ على وزن صحي. 
 - تناول غذاء صحيًا ومتوازنًا. 
 - مارس النشاط البدني بانتظام. 
 - استشر مدرب صحي للتدرب على التعامل مع التوتر و تحسين جودة النوم. 
 - استشر طبيبك لمعرفة الأسباب الكامنة وراء ذلك. 
 - حافظ على وزن صحي. 
 - تناول غذاء صحيًا ومتوازنًا. 
 - مارس النشاط البدني بانتظام. 
 - استشر مدرب صحي للتدرب على التعامل مع التوتر و تحسين جودة النوم 
 - استشر طبيبك لمعرفة الأسباب الكامنة وراء ذلك.",1,1,1,Low - range: 0 to 1.99 | Normal - range: 1.99 to 10 | Low - range: 0 to 0.99 | Normal - range: 0.99 to 6,0,1,0
95,Bilirubin Total*,Bilirubin is a waste product primarily produced by the normal breakdown of red blood cells and passes through your liver before getting excreted in the stools. Measuring the amount of bilirubin in your blood evaluates the functioning of your liver.,البيليروبين مادة تُنتج أثناء التكسر الطبيعي لخلايا الدم الحمراء. يمرُّ البيليروبين عبر الكبد ويتمُّ التخلُّص منه في البراز. المستويات المُرتفعة من البيليروبين (اليرقان) قد تُشير إلى تلَف في الكبد أو الإصابة بأحد الأمراض أو أنواع مُعينة من فقر الدم.,"Bilirubin is a waste product primarily produced by the normal breakdown of hemoglobin which is the compound in red blood cells that allows them to carry oxygen. Before its excretion out of the body, bilirubin passes through two phases. In the first phase, bilirubin binds to albumin, which allows it to be carried from the blood and into the liver. Bilirubin in this phase is called “indirect” or “unconjugated” bilirubin. 
In the second phase, bilirubin gets attached to sugar molecules which makes it water-soluble; bilirubin can then be excreted in bile and eliminated in the stool. Bilirubin in this second phase is called “direct” or “conjugated” bilirubin.","يُعتبر البيليروبين أحد الفضلات الناتجة بشكل أساسي عن التفكك الطبيعي للهيموغلوبين وهو المركب الموجود في خلايا الدم الحمراء الذي يسمح لها بنقل الأكسجين، وقبل طرحه من الجسم يمر البيليروبين في مرحلتين، إذ يرتبط في المرحلة الأولى بالألبومين الذي يسمح بنقله من الدم إلى الكبد، ويُسمى في هذه المرحلة بالبيليروبين ""غير المباشر"" أو ""غير المقترن"". وأما في المرحلة الثانية، يرتبط البيليروبين بجزئيات السكر، ما يجعلها قابلة للذوبان في الماء، ومن ثم يُفرز في المرارة ويتم التخلص منه من خلال البراز، ويُسمى في هذه المرحلة بالبيليروبين ""المباشر"" أو المقترن.","Many factors can lead to having high indirect bilirubin levels such as: 
- Excessive exercise 
- Abnormal red blood cell destruction (hemolysis) 
- A reaction to blood transfusion 
- Liver diseases 
- Certain antiviral drugs 
Many factors can lead to having low indirect bilirubin levels such as: 
- Excessive caffeine consumption 
- Certain medications such as NSAIDs","ينجم ارتفاع مستويات البيليروبين غير المباشر عن عدة أسباب، منها: 
 - الإفراط في ممارسة الرياضة. 
 - التكسر غير الطبيعي لخلايا الدم (انحلال الدم). 
 - ردود الفعل التحسسية أثناء نقل الدم. 
 - أمراض الكبد. 
 - بعض الأدوية المضادة للفيروسات. 
 أما انخفاض مستويات البيليروبين فيرجع إلى عدة عوامل، منها: 
 - الإفراط في تناول الكافيين. 
 - بعض أنواع الأدوية مثل مضادات الالتهابات اللاستيرويدية.","In case of high indirect bilirubin levels: 
- Consult your doctor to rule out any underlying conditions 
In case of low indirect bilirubin levels:  
- Consult your doctor to rule out any underlying conditions 
 
*Liver biomarkers are best interpreted in the context of the entire liver profile.","في حال ارتفاع مستويات البيليروبين غير المباشر: 
 - استشر طبيبك لمعرفة الأسباب الكامنة وراء ذلك. 
 أما في حال انخفاض مستويات البيليروبين غير المباشر: 
 - استشر طبيبك لمعرفة الأسباب الكامنة وراء ذلك. 
 
 * من الأفضل تفسير المؤشرات الحيوية للكبد بعد إجراء كافة فحوصات وظائف الكبد.",1,1,1,Normal - range: 0 to 1.2 | Normal - range: 0 to 1.2,0,1,0
96,Vitamin D*,"Also known as the sunshine vitamin, Vitamin D is produced by your skin when it is exposed to the sun and can be found naturally in few foods including some fish, egg yolk, and fortified dairy and grain products. Vitamin D plays an important role in your overall health, it is one of the few vitamins with a receptor on nearly every cell in your body. Vitamin D plays a key role in your immune function, bone growth and muscle function, as well as your inflammatory response and the regulation of your skeletal muscle. Deficiency symptoms can include low energy levels, bone and muscle pain and uneven sleep among others.","يسمى أيضاً بفيتامين الشمس، لأن الجسم يقوم بتصنيعه عند التعرض لأشعة الشمس فوق البنفسجية، وتعتبر أشعة الشمس هي العامل الأهم في تصنيع فيتامين د بالجسم عبر الجلد. كما و يمكن للجسم الحصول على فيتامين د من بعض الأغذية، من أهمها الاسماك الدهنية و صفار البيض و منتوجات الحليب المدعمة.
يلعب فيتامين د دورا اساسيا في صحتك ة يساعد على تعزيز قوة وكثافة العظام و جهاز المناعة. من علامات نقص الفيتامين د قص التركيزوالخمول و الدوار.","Vitamin D is a fat-soluble vitamin that the body needs to build and maintain strong bones. It helps absorb calcium in the gut, keeping calcium and phosphorus in balance to mineralize bones. Vitamin D also helps support immune balance.",يعد فيتامين (د) أحد الفيتامينات القابلة للذوبان في الدهون، ويحتاجه الجسم لبناء عظام قوية والحفاظ عليها، كما يساعد على امتصاص الكالسيوم في الأمعاء، ويحافظ على توازن الكالسيوم والفسفور، مما يسهم في تمعدن العظام، بالإصافة إلى مساهمته في دعم التوازن المناعي.,"Many factors can lead to having high vitamin D levels such as: 
- Supplementation 
- Prolonged sun exposure 
Many factors can lead to having low vitamin D levels such as: 
- Limited exposure to sunlight 
- Sunscreen and protective clothing 
- Living in northern hemispheres 
- Dark skin 
- Veganism 
- Low dietary intake 
- Excess weight 
 - Aging 
- Pregnancy 
- Genetics","ينجم ارتفاع مستويات فيتامن د عن عدة أسباب، منها: 
 - تناول المكملات. 
 - التعرض لأشعة الشمس لفترات طويلة. 
 أما انخفاض فيتامين (د) فيرجع إلى عدة عوامل، منها: 
 - عدم التعرض لأشعة الشمس بشكل كافٍ. 
 - وضع واقي الشمس وارتداء الملابس الواقية. 
 - العيش في نصف الكرة الشمالي. 
 - البشرة الداكنة. 
 - اتباع نظام غذائي نباتيّ كلي. 
 - نقص التغذية. 
 - الوزن الزائد. 
 - تقدم العمر. 
 - الحمل. 
 - العامل الوراثي.","In case of high vitamin D levels: 
- Consider stopping vitamin D supplementation under professional supervision 
In case of low vitamin D levels: 
- Consider vitamin D supplementation under professional supervision 
- Expose skin to direct sunlight for at least 20 minutes daily 
- Consume vitamin D rich foods such as whole eggs and fatty fish","في حال ارتفاع مستويات فيتامين (د): 
 - التوقف عن تناول مكملات فيتامين (د) تحت اشراف متخصص. 
 أما في حال ارتفاع مستويات فيتامين (د): 
 - تناول مكملات فيتامين (د) تحت اشراف متخصص. 
 - تعرض لأشعة الشمس المباشرة لمدة لا تقل عن 20 دقيقة في اليوم. 
 - تناول الأطعمة الغنية بفيتامين (د) مثل البيض والأسماك الدهنية.",1,1,1,Severe deficiency - range: 0 to 6.9 | Severe deficiency - range: 0 to 6.9 | Relative deficiency - range: 6.9 to 19.9 | Relative deficiency - range: 6.9 to 19.9 | Normal - range: 19.9 to 30 | Normal - range: 19.9 to 30 | Target of supplement - range: 30 to 70 | Target of supplement - range: 30 to 70,0,1,0
97,Total Cholesterol*,"This test is a measure of the total amount of cholesterol in your blood. It includes both low-density lipoprotein (LDL - ""bad"") cholesterol and high-density lipoprotein (HDL - ""good"") cholesterol.",إن هذا الاختبار يقيس المستوى الاجمالي للكوليستيرول في جسمك و الذي يتضمن الكوليستيرول الجيد والكوليستيرول السيء.,"The total cholesterol test measures the total amount of cholesterol in the blood which includes both low-density lipoprotein (LDL - ""bad"") cholesterol and high-density lipoprotein (HDL - ""good"") cholesterol.",إن هذا الفحص يقيس المستوى الاجمالي للكوليستيرول في الجسم و الذي يتضمن الكوليستيرول الجيد والكوليستيرول الضار.,"Many factors can lead to having high total cholesterol levels such as: 
- Genetics 
- Aging 
- Unhealthy lifestyle habits such as smoking and a diet high in refined carbohydrates (like white bread and sugars) 
- Excess weight 
- Certain medications such as steroids 
Many factors can lead to having low total cholesterol levels (within normal ranges) (desirable) such as: 
- Genetics  
- Consuming a balanced diet and leading a healthy lifestyle","ينجم إرتفاع مستوى اجمالي الكوليستيرول عن عدة أسباب، منها: 
 - إتباع نمط حياة وعادات غذائية غير صحية مثل التدخين وتناول الأطعمة العالية بالدهون ولكربوهيدرات المصنعة بكثرة. 
 - الوزن الزائد. 
 - العمر. 
 أما إنخفاض مستوى اجمالي الكوليستيرول فهو أمر محبب متعلق ب: 
 - عوامل وراثية. 
 - إتباع نظام غذائي ونمط حياة صحيين.","In case of high total cholesterol levels:  
- Consume a healthy diet that is low in cholesterol and simple carbohydrates such as sugar and white flour, and rich in fibers and plant sterols (found in vegetable margarine and nuts) 
- Engage in regular physical activity. The kind that gets your heart pumping is best 
- Maintain a healthy weight Losing even 2 to 5 kilograms can improve your cholesterol levels 
- Quit smoking 
- Consult your doctor for advice on medication 
In case of low total cholesterol levels: 
- Low levels are usually desirable. Consult your doctor in case of levels below normal ranges 
 
*Cholesterol biomarkers are best interpreted in the context of the entire cholesterol profile.","في حال ارتفاع مستويات إجمالي الكوليستيرول: 
 - اتبع نظامًا غذائيًا صحيًا يحتوي على معدلات منخفضة من الدهون المصنعة والكربوهيدرات البسيطة مثل السكر، وغني بالألياف وستيرول النباتات (الموجود في السمن النباتي والمكسرات). 
 - مارس النشاط البدني بانتظام، مع التركيز على التمارين التي ترفع معدل نبضات القلب وتحسن تدفق الدم. 
 - حافظ على وزن صحي، إذ يمكن لفقدان ما بين 2 إلى 5 كيلوغرامات تحسين مستويات الكوليسترول في الدم. 
 - أقلع عن التدخين. 
 - استشر طبيبك فيما يخص الأدوية. 
 أما في حال انخفاض مستويات إجمالي الكوليستيرول: 
 - عادةً ما تكون المستويات المنخفضة صحيةً أكثر، ولكن استشر طبيبك في حال انخفاض المستوى عن المعدلات الطبيعية. 
 
 * من الأفضل تفسير المؤشرات الحيوية للكوليسترول بعد إجراء تحليلات شاملة للدهنيات في الدم.",1,1,1,Optimal - range: 0 to 199 | Moderate - range: 199 to 240 | Optimal - range: 0 to 199 | Moderate - range: 199 to 240,0,1,0
98,High Density Lipoprotein (HDL)*,"Also known as ""the good cholesterol"", HDL helps remove other forms of cholesterol from your bloodstream. Higher levels of HDL cholesterol are associated with a lower risk of heart disease.","يُعرف كوليسترول البروتين الدهني عالي الكثافة باسم الكوليسترول ""المفيد"" لأنه يساعد في تخليص مجرى الدم من أشكال أخرى من الكوليسترول. ويرتبط ارتفاع مستويات كوليسترول البروتين الدهني عالي الكثافة بانخفاض مخاطر الإصابة بأمراض القلب.","High density lipoprotein (HDL) cholesterol, also known as ""the good cholesterol"", helps remove other forms of cholesterol from the bloodstream. It is desirable to have high levels of HDL cholesterol as it is associated with a lower risk of heart disease.","يُعرف كوليسترول البروتين الدهني عالي الكثافة باسم الكوليسترول ""المفيد"" لأنه يساعد في تخليص مجرى الدم من أشكال أخرى من الكوليسترول. ويرتبط ارتفاع مستويات كوليسترول البروتين الدهني عالي الكثافة بانخفاض مخاطرالإصابة بأمراض القلب لذلك يحبذ الحفاظ على مستوى مرتفع منه في الدم.","Many factors can lead to having low HDL levels such as: 
- Genetics 
- Aging 
- Unhealthy lifestyle habits such as smoking and a diet high in refined carbohydrates (like white bread and sugars) 
- Excess weight 
- Certain medications such as steroids 
Many factors can lead to having high (desirable) HDL levels such as: 
- Genetics  
- Consuming a balanced diet and leading a healthy lifestyle 
- Moderate alcohol consumption","ينجم انخفاض مستوى البروتين الدهني العالي الكثافة (HDL) عن عدة أسباب، منها: 
 - عوامل وراثية. 
 - إتباع نمط حياة وعادات غذائية غير صحية مثل التدخين وتناول الأطعمة العالية بالدهون ولكربوهيدرات المصنعة بكثرة. 
 - الوزن الزائد . 
 - بعض الأدوية مثل الستيرويدات. 
 أما إرتفاع مستوى كوليسترول البروتين الدهني عالي الكثافة فهو أمر محبب متعلق ب: 
 - عوامل وراثية. 
 - إتباع نظام غذائي ونمط حياة صحيين. 
 - تناول الكحول بإعتدال.","In case of high HDL levels: 
- High levels are usually desirable. Consult your doctor in case of levels above normal ranges. 
In case of low HDL levels: 
- Consume a healthy diet that is low in cholesterol and simple carbohydrates such as sugar and white flour, and rich in fibers and plant sterols (found in vegetable margarine and nuts) 
- Engage in regular physical activity (the kind that gets your heart pumping is best) 
- Maintain a healthy weight as losing even 2 to 5 kilograms can improve your cholesterol levels 
- Quit smoking 
 
*Cholesterol biomarkers are best interpreted in the context of the entire cholesterol profile.","في حال ارتفاع مستويات البروتين الدهني عالي الكثافة: 
 - عادةً ما تكون المستويات العالية صحيةً أكثر، ولكن استشر طبيبك في حال كانت المستويات أعلى من الطبيعي. 
 أما في حال انخفاض مستويات البروتين الدهني عالي الكثافة: 
 - اتبع نظامًا غذائيًا صحيًا يحتوي على معدلات منخفضة من الدهون المصنعة والكربوهيدرات البسيطة مثل السكر، وغني بالألياف وستيرول النباتات (الموجود في السمن النباتي والمكسرات). 
 - مارس النشاط البدني بانتظام، مع التركيز على التمارين التي ترفع معدل نبضات القلب وتحسن تدفق الدم. 
 - حافظ على وزن صحي، إذ يمكن لفقدان ما بين 2 إلى 5 كيلوغرامات تحسين مستويات الكوليسترول في الدم. 
 - أقلع عن التدخين. 
 
 * من الأفضل تفسير المؤشرات الحيوية للكوليسترول بعد إجراء تحليلات شاملة للدهنيات في الدم.",1,1,1,Low - range: 0 to 35.9 | Normal - range: 35.9 to 65 | Low - range: 0 to 35.9 | Normal - range: 35.9 to 65,0,1,0
99,Total Protein*,"The total protein test measures the total amount of both proteins albumin and globulin in your body. It’s used as part of your routine health checkup. It may also be used if you have unexpected weight loss, fatigue, or the symptoms of a kidney or liver disease in the case of which you would have a low level of proteins in your blood. A high level of protein could be due to dehydration or inflammation amongst other reasons.",تحليل البروتين الكلي في الدم هو تحليل يقيس الكمية الكلية لنوعين من البروتينات الموجودة في الدم، وهما بروتين الجلوبيولين، وبروتين الألبومين. توجد العديد من الحالات الطبية التي تؤدي إلى ارتفاع مستوى البروتينات في الدم مثل الورم النقوي المتعدد، أو الاضطرابات الالتهابية، أو الجفاف، كما توجد العديد من الحالات الطبية التي تؤدي انخفاض مستوى البروتينات في الدم، مثل مرض الكلى، أو سوء التغذية، أو أمراض الكبد الحادة.,"Proteins are one of the building blocks of every cell. They also play an important role in many biological processes. Proteins are essential for growth and development, nutrient and hormone transport, and immune function.",تعد البروتينات اللبنات الأساسية لبناء الخلايا، وتؤدي دورًا هامًا في العديد من العمليات الحيوية، كما أنها عنصر أساسي للنمو والتطور، ونقل المواد الغذائية والهرمونات، وتعزيز الوظائف المناعية.,"Many factors can lead to having high proteins levels such as: 
- Dehydration 
- Viral infections 
- Chronic inflammations 
Many factors can lead to having low proteins levels such as: 
- Inadequate diet 
- Gut disorders such as Celiac disease 
- Kidney disease 
- Heart disease 
- Liver disease","ينجم ارتفاع مستويات البروتينات عن عدة أسباب، منها: 
 - الجفاف. 
 - العدوى الفيروسية. 
 - الالتهابات المزمنة. 
 أما انخفاض مستويات البروتينات فيرجع إلى عدة عوامل، منها: 
 - سوء التغذية. 
 - اضطرابات الأمعاء مثل الداء البطني (Celiac disease). 
 - أمراض الكلى. 
 - أمراض القلب. 
 - أمراض الكبد.","In case of high proteins levels: 
- Ensure you are well hydrated 
- Moderate alcohol consumption 
- Consult your doctor to rule out any underlying conditions 
In case of low proteins levels: 
- Consume a healthy and balanced diet 
- Consult your doctor to rule out any underlying conditions 
 
*Liver biomarkers are best interpreted in the context of the entire liver profile.","في حال ارتفاع مستويات البروتينات: 
 - احرص على شرب كمية وافرة من السوائل. 
 - الاعتدال في شرب الكحول. 
 - استشر طبيبك لمعرفة الأسباب الكامنة وراء ذلك. 
 أما في حال انخفاض مستويات البروتينات: 
 - اتبع نظامًا غذائيًا صحيًا ومتوازنًا. 
 - استشر طبيبك لمعرفة الأسباب الكامنة وراء ذلك. 
 
 * من الأفضل تفسير المؤشرات الحيوية للكبد بعد إجراء كافة فحوصات وظائف الكبد.",1,1,1,Low - range: 0 to 6.39 | Normal - range: 6.39 to 8.3 | Low - range: 0 to 6.39 | Normal - range: 6.39 to 8.3,0,1,0
100,Estradiol*,"Estradiol is a female steroid hormone, produced in the ovaries. Low levels of estradiol in your body can lead to osteoporosis, problems with your menstrual cycle and fertility, as well as fatigue. Estrogen levels also fluctuate at different times of life and can be closely related to your liver function as well.",الإستراديول هوهرمون ستيرويدي و يُعدّ أحد الأشكال الثلاثة لهرمون الإستروجين التي ينتجها المبيضين، ويلعب دورًا رئيسًا في الخصوبة، و تنظيم الدورة الشهرية، والبلوغ عند الاناث. يرتبط انخفاض الاستراديول بهشاشة العظام و تقلبات المزاج و تشمع الكبد. أما ارتفاع مستوياته فهو مرتبط باحساس بالارهاق و التهابات المسالك البولية والاكتئاب. على الرغم من أن هرمون الاستروجين معروف باسم هرمون الجنس الأنثوي ، إلا أنه فعال أيضًا في نمو وتطور الرجال.,"Estradiol is a steroid hormone produced in the ovaries in females but is also found in males. Although estrogen is primarily associated with female development during puberty and the reproductive cycle, it affects everything from bone health to emotional well-being.  
This test is included in Valeo's comprehensive package",الإستراديول هو هرمون ستيرويدي و يُعدّ أحد الأشكال الثلاثة لهرمون الإستروجين التي ينتجها المبيضين، ويلعب دورًا رئيسًا في الخصوبة، و تنظيم الدورة الشهرية، والبلوغ عند الاناث. يرتبط انخفاض الاستراديول بهشاشة العظام و تقلبات المزاج و تشمع الكبد. أما ارتفاع مستوياته فهو مرتبط باحساس بالارهاق و التهابات المسالك البولية والاكتئاب. على الرغم من أن هرمون الاستروجين معروف باسم هرمون الجنس الأنثوي، إلا أنه فعال أيضًا في نمو وتطور الرجال.,"Many factors can lead to having high estradiol levels such as: 
- Certain health conditions such as Polycystic Ovary Syndrome (PCOS), uterine fibroids, and endometriosis 
- Insulin resistance 
- Excess weight 
- Stress 
- Excessive alcohol consumption 
- Intestinal bacteria dysbiosis 
- Exposure to xenoestrogens (chemicals like BPA and phthalates that are present in plastics and certain personal care and hygiene products) 
- Certain medications 
Many factors can lead to having low estradiol levels such as: 
- Aging 
- Extreme dieting or exercising 
- Disorders of the thyroid glands 
- Low functioning pituitary glands","ينجم ارتفاع مستويات الإستراديول عن عدة أسباب، منها: 
 - حالات صحية معينة مثل متلازمة تكيس المبايض، والأورام الليفية الرحمية، وانتباذ بطانة الرحم. 
 - مقاومة الإنسولين. 
 - الوزن الزائد. 
 - التوتر. 
 - الإفراط في شرب الكحول. 
 - اختلال التوازن البكتيري المعوي. 
 - التعرض لمركبات الزينوستروجين (المواد الكيميائية مثل ثنائي الفينول أ، والفثالات الموجودة في البلاستيك وفي بعض منتجات التنظيف والعناية الشخصية). 
 - بعض الأدوية. 
 أما انخفاض مستويات الإسترانيول فيرجع إلى عوامل، منها: 
 - تقدم العمر. 
 - تباع نظام غذائي قاسٍ أو الإفراط في ممارسة الرياضة. 
 - اضطرابات الغدة الدرقية. 
 - ضعف الغدة النخامية.","In case of high estradiol levels: 
- Consume an anti-inflammatory diet rich in fruits, vegetables, and omega-3 fats 
- Consider omega-3 supplementation under professional supervision 
- Maintain a healthy weight 
- Moderate alcohol consumption 
- Avoid xenoestrogens (chemicals like BPA and phthalates that are present in plastics and certain personal care and hygiene products) 
- Consider coaching for stress management 
- Consult your doctor to rule out any underlying conditions 
In case of low estradiol levels: 
- Maintain a healthy weight 
- Consume a balanced diet 
- Decrease the amount of intensive exercise 
- Consult your doctor to rule out any underlying conditions","في حال ارتفاع مستويات الاستراديول: 
 - اتّبعي نظامًا غذائيًا مضادًا للالتهابات غنيًا بالفواكه والخضروات ودهون أوميغا 3. 
 - تناولي مكملات أوميغا 3 تحت اشراف متخصصّ. 
 - حافظي على وزن صحي. 
 - اعتدلي في حال شرب الكحول. 
 - تجنبي مركبات الزينوستروجين (المواد الكيميائية، مثل: ثنائي الفينول أ، والفثالات الموجودة في البلاستيك وفي بعض منتجات التنظيف والعناية الشخصية). 
 -استشيري مدرب صحي للتدرب على التعامل مع التوتر. 
 - استشيري طبيبك لمعرفة الأسباب الكامنة وراء ذلك. 
 أما في حال انخفاض مستويات الاستراديول: 
 - حافظي على وزن صحي. 
 - اتبعي نظامًا غذائيًا متوازنًا. 
 - قللي التمارين الرياضية المكثفة. 
 - استشيري طبيبك لمعرفة الأسباب الكامنة وراء ذلك.",1,1,1,Low - range: 0 to 12.4 | Normal - range: 12.4 to 498 | Normal - range: 7.62 to 42.6 | Low - range: 0 to 7.62,0,1,0
101,Low Density Lipoprotein(LDL)*,Refers to the overall level of LDL,"ينظم هذا البروتين الدهني عملية تصنيع الكوليسترول. كما يُستهدف في الطب عند قياس نسبة الكوليسترول في الدم وُيطلق عليه ""الكوليسترول السيء"" لأن ارتفاعه يترافق مع زيادة خطر حدوث مرض القلب الإكليلي (التاجي) (Coronary artery disease).","Low density lipoprotein (LDL) cholesterol is often called the “bad cholesterol"" because it collects in the walls of blood vessels, raising chances of heart related problems like coronary artery disease, heart attacks, and strokes.","ينظم هذا البروتين الدهني عملية تصنيع الكوليسترول. كما يُستهدف في الطب عند قياس نسبة الكوليسترول في الدم وُيطلق عليه ""الكوليسترول الضار"" لأن ارتفاعه يترافق مع زيادة خطر حدوث مرض القلب الإكليلي (التاجي) (Coronary artery disease).","Many factors can lead to having high LDL levels such as: 
- Genetics 
- Aging 
- Unhealthy lifestyle habits such as smoking and a diet high in refined carbohydrates (like white bread and sugars) 
- Excess weight 
- Certain medications such as steroids 
Many factors can lead to having low (desirable) HDL levels such as: 
- Genetics  
- Consuming a balanced diet and leading a healthy lifestyle","ينجم إرتفاع كوليستيرول البروتين الدهني منخفض الكثافة (LDL) عن عدة أسباب، منها: 
 - إتباع نمط حياة وعادات غذائية غير صحية مثل التدخين وتناول الأطعمة العالية بالدهون ولكربوهيدرات المصنعة بكثرة. 
 - الوزن الزائد. 
 - العمر.  
 أما إنخفاض كوليستيرول البروتين الدهني منخفض الكثافة (LDL) (ضمن المعدل الطبيعي) فهو أمر محبب متعلق ب: 
 - عوامل وراثية. 
 - إتباع نظام غذائي ونمط حياة صحيين.","In case of high LDL levels:  
- Consume a healthy diet that is low in cholesterol and simple carbohydrates such as sugar and white flour, and rich in fibers and plant sterols (found in vegetable margarine and nuts) 
- Engage in regular physical activity. The kind that gets your heart pumping is best 
- Maintain a healthy weight Losing even 2 to 5 kilograms can improve your cholesterol levels 
- Quit smoking 
- Consult your doctor for advice on medication 
In case of low LDL levels: 
- Low levels are usually desirable. Consult your doctor in case of levels below normal ranges 
 
*Cholesterol biomarkers are best interpreted in the context of the entire cholesterol profile.","في حال ارتفاع كوليستيرول البروتين الدهني منخفض الكثافة: 
 - اتبع نظامًا غذائيًا صحيًا يحتوي على معدلات منخفضة من الدهون المصنعة والكربوهيدرات البسيطة مثل السكر، وغني بالألياف وستيرول النباتات (الموجود في السمن النباتي والمكسرات). 
 - مارس النشاط البدني بانتظام، مع التركيز على التمارين التي ترفع معدل نبضات القلب وتحسن تدفق الدم. 
 - حافظ على وزن صحي، إذ يمكن لفقدان ما بين 2 إلى 5 كيلوغرامات تحسين مستويات الكوليسترول في الدم. 
 - أقلع عن التدخين. 
 - استشر طبيبك فيما يخص الأدوية. 
 أما في حال انخفاض كوليستيرول البروتين الدهني منخفض الكثافة: 
 - عادةً ما تكون المستويات المنخفضة صحيةً أكثر، ولكن استشر طبيبك في حال انخفاض المستوى عن المعدلات الطبيعية. 
 
 * من الأفضل تفسير المؤشرات الحيوية للكوليسترول بعد إجراء تحليلات شاملة للدهنيات في الدم.",1,1,1,Optimal - range: 0 to 129 | Moderate - range: 130 to 159 | Optimal - range: 0 to 129 | Moderate - range: 129 to 159,0,1,0
102,RBC: Mean Corpuscular Volume(MCV)*,The MCV test measures the average size of your red blood cells. This test can be useful to differentiate different types of anemia.,هو متوسط قياس حجم كرية الدم الحمراء. وهو يستخدم للتفريق بين أنواع فقر الدم.,Mean corpuscular volume (MCV) is the average size of the red blood cells in your body. This test can be useful to differentiate different types of anemia.,يشير متوسط حجم الكريات إلى متوسط حجم كريات الدم الحمراء في جسم الإنسان. ولهذا الفحص أهمية بالغة في التمييز بين مختلف أنواع مرض فقر الدم.,"Many factors can lead to having high MCV levels such as: 
- Anemia due to folate or vitamin B12 deficiency 
- Excessive alcohol consumption  
- Liver disease 
- Disorders of thyroid gland 
- Certain medications 
Many factors can lead to having low MCV levels such as: 
- Copper deficiency  
- Iron deficiency  
- Vitamin C deficiency  
- Vitamin B6 deficiency  
- Vitamin A deficiency  
- Anemia of chronic disease  
- Thalassemia  
- Sideroblastic anemia 
- Rheumatoid arthritis 
- Lead toxicity","ينجم ارتفاع متوسط حجم الكريات عن عدة أسباب، منها: 
 - فقر الدم الناجم عن نقص حمض الفوليك أو فيتامين (ب12). 
 - الإفراط في شرب الكحول. 
 - أمراض الكبد. 
 - اضطرابات الغذة الدرقية. 
 - بعض أنواع الأدوية. 
 أما انخفاض متوسط حجم الكريات فيرجع إلى عدة عوامل، منها: 
 - نقص عنصر النحاس. 
 - نقص الحديد. 
 - نقص فيتامين سي. 
 - نقص فيتامين (ب6). 
 - نقص فيتامين (أ). 
 - فقر الدم الناجم عن الأمراض المزمنة. 
 - مرض الثلاسيميا. 
 - فقر الدم الحديدي. 
 - التهاب المفاصل الروماتويدي. 
 - التسمم بالرصاص.","In case of high MCV levels: 
- Consume a healthy and balanced diet rich in folate and vitamin B12 found in turkey, poultry, and green leafy vegetables 
- Consult your doctor to rule out any underlying conditions 
In case of low MCV levels: 
- Reduce caffeine consumption 
- Consume a healthy and balanced diet rich in iron, vitamin A, vitamin B6, and vitamin C 
- Consult your doctor to rule out any underlying conditions 
 
*Red blood cells biomarkers are best interpreted in the context of the entire RBC profile.","في حال زيادة متوسط حجم الكريات : 
 - اتبع نظامًا غذائيًا صحيًّا ومتوازنًا وغنيًّا بحمض الفوليك وفيتامين (ب12) الموجودين في بعض الأطعمة مثل الديك الروميّ والدواجن والخضروات الورقية. 
 - استشر طبيبك لمعرفة الأسباب الكامنة وراء ذلك. 
 أمّا في حال انخفاض متوسط حجم الكريات : 
 - قلل من تناول الكافيين. 
 - اتبع نظامًا غذائيًا صحيًّا متوازنًا وغنيًّا بعنصر الحديد وفيتامين (أ) وفيتامين (ب6) وفيتمامين سي. 
 - استشر طبيبك لمعرفة الأسباب الكامنة وراء ذلك. 
 
 
 * من الأفضل تفسير المؤشرات الحيوية لخلايا الدم الحمراء بعد إجراء فحوصات شاملة لها.",1,1,1,Low - range: 0 to 77.9 | Normal - range: 77.9 to 99 | Low - range: 0 to 77.9 | Normal - range: 77.9 to 99,0,1,0
103,Follicle Stimulating Hormone (FSH)*,"Follicle-stimulating hormone (FSH) is a female sex hormone secreted by the pituitary gland. In females, FSH is important for growth and development during puberty and for proper functioning of the ovaries.
In males, FSH acts on the testes to stimulate sperm production and promote testicular growth.",يُفرز هذا الهرمون من الغدة النخامية، و يلعب دورًا مهمًا في النمو وتطور الأداء الجنسي خلال مرحلة البلوغ، وتحديدًا اكتمال وظائف المبايض للإناث، وتحفيز إنتاج الحيوانات المنوية وتعزيز نمو الخصيتين عند الذكور.,"Follicle-stimulating hormone (FSH) is a female sex hormone secreted by the pituitary gland. In females, FSH is important for growth and development during puberty and for proper functioning of the ovaries. 
In males, FSH acts on the testes to stimulate sperm production and promote testicular growth.",يُفرز هذا الهرمون من الغدة النخامية، و يلعب دورًا مهمًا في النمو وتطور الأداء الجنسي خلال مرحلة البلوغ، وتحديدًا اكتمال وظائف المبايض للإناث، وتحفيز إنتاج الحيوانات المنوية وتعزيز نمو الخصيتين عند الذكور.,"Many factors can lead to having high FSH levels such as: 
- Polycystic Ovary Syndrome (PCOS) 
- Disorders of the thyroid gland 
- Ovarian issues 
- Menopause 
- Smoking 
- Certain viral infections 
- Low levels of estrogen 
- Ovarian dysfunction 
- Low levels of testosterone in men 
- Certain medications 
Many factors can lead to having low FSH levels such as: 
- Polycystic Ovary Syndrome (PCOS) 
- Ovarian dysfunction 
- Oral contraceptives or hormonal drugs 
- Disorders of the pituitary or thyroid gland or the hypothalamus 
- Underweight 
- Excessive alcohol consumption 
- Consuming too much soy products 
- High levels of stress","ينجم ارتفاع مستويات الهرمون المحفز للجريب عن عدة أسباب، منها: 
 - متلازمة تكيس المبايض. 
 - اضطرابات الغدة الدرقية. 
 - اضطرابات المبيض. 
 - انقطاع الطمث. 
 - التدخين. 
 - بعض أنواع الالتهبات الفيروسية. 
 - انخفاض مستويات هرمون الإستروجين. 
 - الاختلال الوظيفي للمبيض. 
 - انخفاض مستويات هرمون التستسترون عند الرجال. 
 - بعض الأدوية. 
 أما انخفاض مستويات الهرمون المحفز للجريب فيرجع إلى عدة عوامل، منها: 
 - متلازمة تكيس المبايض. 
 - الاختلال الوظيفي للمبيض. 
 - حبوب منع الحمل أو الأدوية الهرمونية. 
 - اضطرابات الغدة النخامية أو الغدة الدرقية أو الغدة تحت المهاد. 
 - نقص الوزن دون الحد الطبيعي. 
 - الإفراط في شرب الكحول. 
 - تناول الكثير من منتجات الصويا. 
 - التوتر الشديد.","In case of high FSH levels: 
- Consume soy products regularly 
- Quit smoking 
- Engage in weight lifting exercises  
- Consume foods that are rich in omega-3 fats such as nuts, seeds, tuna, and salmon 
- Consider omega-3 supplementation under professional supervision 
- Consult your doctor to identify the underlying reason 
In case of low FSH levels: 
- Maintain a healthy weight 
- Decrease consumption of soy products 
- Moderate alcohol consumption 
- Consider coaching for stress management 
- Consult your doctor to identify the underlying reason","في حال ارتفاع مستويات الهرمون المحفز للجريب: 
 - تناولي منتجات الصويا بانتظام. 
 - أقلعي عن التدخين. 
 - مارسي تمارين رفع الأثقال. 
 - تناولي الأطعمة الغنية بدهون أوميغا 3 مثل المكسرات والحبوب والتونة والسلمون. 
 - تناولي مكملات أوميغا 3 تحت اشراف متخصصّ. 
 - استشيري طبيبك لمعرفة الأسباب الكامنة وراء ذلك. 
 أما في حال انخفاض مستويات الهرمون المحفز للجريب: 
 - حافظي على وزن صحي. 
 - قللي من تناول منتجات الصويا. 
 - اعتدلي في حال شرب الكحول. 
 -استشيري مدرب صحي للتدرب على التعامل مع التوتر. 
 - استشيري طبيبك لمعرفة الأسباب الكامنة وراء ذلك.",1,1,1,Low - range: 0 to 0.9 | Normal - range: 0.9 to 18 | Low - range: 0 to 1.6 | Normal - range: 1.6 to 21.5,0,1,0
104,RBC: Mean Corpuscular Hemoglobin Concentration(MCHC)*,"MCHC test measures the average amount of a protein called hemoglobin per unit volume in a single red blood cell. MCHC is usually used to help in a diagnosis of anemia (a condition caused by not having enough healthy red blood cells, or the red blood cells you do have don't work as well as they should), or other blood conditions.","يقيس تحليل تركيز الهيموجلوبين الكريوي الوسطي (MCHC) كمية الهيموجلوبين في الدم و يُحدِّد كميَّة الهيموجلوبين لكل وحدة حجم في خلية الدم الحمراء الواحدة.
من أسباب إنخفاض الهموجلوبين في خلايا الدم نقص نسبة الحديد في الدم وسببه سوء التغذية. ينخفض هذا المعدل أيضاً بسبب أمراض دم أخرى.",Mean Corpuscular Hemoglobin Concentration (MCHC) indicates the amount of hemoglobin per unit volume of the red blood cell,يُشير تركيز الهيموجلوبين الكريوي الوسطي (MCHC) إلى كمية الهيموجلوبين لكل وحدة حجم من الوحدات المستخدمة في قياس كمية خلايا الدم الحمراء.,"Many factors can lead to having high MCHC levels such as: 
- Hemolytic anemia 
- Burns 
Many factors can lead to having low MCHC levels such as: 
- Iron deficiency 
- Vitamin B6 deficiency 
- Thalassemia","ينجم ارتفاع مستوى تركيز الهيموجلوبين الكريوي الوسطي (MCHC) عن عدة أسباب، منها: 
 - فقر الدم الانحلالي.  
 - الحروق. 
 أما انخفاض مستوى تركيز الهيموجلوبين الكريوي الوسطي (MCHC) فيرجع إلى عدة عوامل، منها: 
 - نقص الحديد. 
 - نقص فيتامين (ب6). 
 - مرض الثلاسيميا.","In case of high MCHC levels: 
- Consult your doctor to identify the underlying reason 
In case of low MCHC levels: 
- Consult your doctor to identify the underlying reason 
 
*Red blood cells biomarkers are best interpreted in the context of the entire RBC profile.","في حال ارتفاع مستوى تركيز الهيموجلوبين الكريوي الوسطي (MCHC): 
 - استشر طبيبك لمعرفة الأسباب الكامنة وراء ذلك. 
 أمّا في حال انخفاض مستوى تركيز الهيموجلوبين الكريوي الوسطي (MCHC): 
 - استشر طبيبك لمعرفة الأسباب الكامنة وراء ذلك. 
 
 * من الأفضل تفسير المؤشرات الحيوية لخلايا الدم الحمراء بعد إجراء فحوصات شاملة لها.",1,1,1,Low - range: 0 to 31.9 | Normal - range: 31.9 to 36 | Low - range: 0 to 31.9 | Normal - range: 31.9 to 36,0,1,0
105,RBC: Red Cell Distribution Width (RDW)*,The RDW test measures the range in volume and size of red blood cells. A big change in volume and size could indicate the presence of different health conditions.,قوم هذا التحليل بفحص مدى تغاير حجم خلايا الدم الحمراء حيث يدل وجود تغاير كبير في حجم الخلايا الحمراء على وجود بعض المشكلات الصحية.,The RDW test measures the range in volume and size of red blood cells.,يُستخدم قياس توزيع خلايا الدم الحمراء لقياس حجم خلايا الدم الحمراء وكميتها وتوزيعها.,"Many factors can lead to having high or low RDW levels such as: 
- Nutritional deficiencies including folate and vitamin b12 
- Iron deficiency anemia  
- Blood transfusions 
- Thalassemia 
- Sideroblastic anemia 
- Excessive alcohol consumption 
- Liver disease  
- Leukemia","ينجم ارتفاع أو انخفاض مستوى قياس توزيع خلايا الدم الحمراء عن عدة أسباب، منها: 
 - نقص التغذية بما في ذلك حمض الفوليك وفيتامين (ب12). 
 - فقر الدم الناجم عن نقص الحديد. 
 - نقل الدم. 
 - مرض الثلاسيميا. 
 - فقر الدم الحديدي. 
 - الإفراط في شرب الكحول. 
 - أمراض الكبد. 
 - سرطان الدم.","In case of high or low RDW levels: 
- Maintain a healthy weight 
- Quit smoking 
- Consume a healthy and balanced diet rich in iron, vitamin B6, B12, and folate 
- Moderate alcohol consumption 
- Engage in regular physical activity 
- Consult your doctor to rule out any underlying conditions 
 
*Red blood cells biomarkers are best interpreted in the context of the entire RBC profile.","في حال ارتفاع مستوى قياس توزيع خلايا الدم الحمراء أو انخفاضه: 
 - حافظ على وزن صحيّ. 
 - أقلع عن التدخين. 
 - اتبع نظامًا غذائيًّا صحيًّا متوازنًا وغنيًّا بعنصر الحديد وفيتامين (ب6) وفيتامين (ب12) وحمض الفوليك. 
 - الاعتدال في شرب الكحول. 
 - مارس النشاط البدني بانتظام. 
 - استشر طبيبك لمعرفة الأسباب الكامنة وراء ذلك. 
 
 * من الأفضل تفسيرالمؤشرات الحيوية لخلايا الدم الحمراء بعد إجراء فحوصات شاملة لها.",1,1,1,Normal - range: 11.4 to 14.5 | Low - range: 0 to 11.4 | Normal - range: 11.4 to 14.5 | Low - range: 0 to 11.4,0,1,0
106,Iron*,"Iron is a mineral in your body that comes from foods like red meat and fortified cereals or from supplements you take. You need iron to make red blood cells. Iron is also an important part of hemoglobin, a protein in your blood that helps carry oxygen from your lungs to the rest of your body.","الحديد هو العنصر الأساسي الذي يعطي الدم اللون الأحمر كما يدخل الحديد في إنتاج الهيموغلوبين وهو الذي يُخزن الأكسجين في العضلات لاستعماله عند بذل مجهود.
ويشكل الحديد عنصرًا مهمًا في عدد كبير من الإنزيمات ويُساعد الخلايا في امتصاص الأكسجين وتحويل السكر في الدم إلى طاقة.","Iron is a mineral that is essential for several bodily functions such as growth and development, producing hemoglobin and certain hormones, and providing oxygen to body tissues.",يعد الحديد من المعادن الضرورية للعديد من وظائف الجسم مثل النمو وإنتاج الهيموجلوبين وهرمونات معينة، بالإضافة إلى توفير الأكسجين لأنسجة الجسم.,"Many factors can lead to having high iron levels such as: 
- Iron containing supplementation or injections 
- Anemia  
- Liver conditions 
- Hereditary hemochromatosis 
Many factors can lead to having low iron levels such as: 
- Inadequate dietary intake 
- Vegetarian or vegan diet 
- Chronic blood loss 
- Pregnancy","ينجم ارتفاع مستويات الحديد عن عدة أسباب، منها: 
 - المكملات الغذائية أو الحقن التي تحتوي على الحديد. 
 - فقر الدم (الأنيميا). 
 - أمراض الكبد. 
 - داء ترسب الأصبغة الدموية الوراثي. 
 أما انخفاض مستويات الحديد فيرجع إلى عدة عوامل، منها: 
 - نقص التغذية. 
 - اتباع النظام الغذئي النباتي الكلي أو الجزئي. 
 - فقدان الدم المزمن. 
 - الحمل.","ينجم ارتفاع مستويات الحديد عن عدة أسباب، منها: 
 - المكملات الغذائية أو الحقن التي تحتوي على الحديد. 
 - فقر الدم (الأنيميا). 
 - أمراض الكبد. 
 - داء ترسب الأصبغة الدموية الوراثي. 
 أما انخفاض مستويات الحديد فيرجع إلى عدة عوامل، منها: 
 - نقص التغذية. 
 - اتباع النظام الغذئي النباتي الكلي أو الجزئي. 
 - فقدان الدم المMany factors can lead to having high iron levels such as: 
- Iron containing supplementation or injections 
- Anemia  
- Liver conditions 
- Hereditary hemochromatosis 
Many factors can lead to having low iron levels such as: 
- Inadequate dietary intake 
- Vegetarian or vegan diet 
- Chronic blood loss 
- Pregnancyزمن. 
 - الحمل.","ينجم ارتفاع مستويات الحديد عن عدة أسباب، منها: 
 - المكملات الغذائية أو الحقن التي تحتوي على الحديد. 
 - فقر الدم (الأنيميا). 
 - أمراض الكبد. 
 - داء ترسب الأصبغة الدموية الوراثي. 
 أما انخفاض مستويات الحديد فيرجع إلى عدة عوامل، منها: 
 - نقص التغذية. 
 - اتباع النظام الغذئي النباتي الكلي أو الجزئي. 
 - فقدان الدم المزمن. 
 - الحمل.",1,1,1,Low - range: 0 to 58 | Normal - range: 58 to 158 | Low - range: 0 to 36 | Normal - range: 36 to 145,0,1,0
107,Platelet count*,Platelets are responsible for normal blood clotting. This test measures the number of platelets in each sample. A low platelet count along with other certain signs and symptoms may be caused by a number of conditions and factors such as viral infections or due to the use of certain medications.,أن الصفيحات الدموية هي من مكونات الدم الرئيسية. وظيفتها تكوين الخثرات (الجلطات) لوقف النزف من الأوعية الدموية المصابة. قد تحدث قلة الصفيحات الدموية نتيجة لاضطراب نخاع العظم مثل ابيضاض الدم (لُوكيميا) أو مشكلة في الجهاز المناعي. أو يمكن أن تنجم عن الآثار الجانبية لتناول بعض الأدوية.,"Platelets are small blood cells that help blood to clot. When a blood vessel gets damaged, platelets gather at the damaged site and make a plug (clot). Clotting helps slow down and stop bleeding and helps wounds heal.",تُعتبر الصفائح الدموية أحد أشكال الخلايا الدموية الصغيرة التي تساعد على تخثر الدم. فعندما يتضرر أحد الأوعية الدموية، تتجمع الصفائح في المنطقة المتضررة وتشكل تجمعًا دمويًا (خثرة)، مما يساعد على إبطاء النزيف وإيقافه ومن ثم شفاء الجروح.,"Many factors can lead to having high platelets levels such as: 
- Infections and inflammation 
- Physical exhaustion 
- Blood loss 
- Iron deficiency anemia 
- Withdrawal after alcoholism  
- Oral contraceptives 
Many factors can lead to having low platelets levels such as: 
-Infections 
- Nutritional deficiencies including iron, B12, and folate 
- Excessive alcohol consumption 
- Certain autoimmune conditions 
- Liver disease 
- Spleen disease 
- Certain medications","ينجم ارتفاع مستويات الصفائح في الدم عن عدة أسباب، منها: 
 - العدوى والالتهابات. 
 - الإرهاق الجسدي 
 - فقدان الدم. 
 - أنيميا نقص الحديد. 
 - انسحاب الكحول من الجسم. 
 - حبوب منع الحمل. 
 أما انخفاض مستويات الصفائح في الدم فيرجع إلى عدة عوامل، منها: 
 - الإصابة بالعدوى. 
 - نقص التغذية بما في ذلك نقص الحديد وفيتامين B12 وحمض الفوليك. 
 - الإفراط في شرب الكحول. 
 - بعض أمراض المناعة. 
 - أمراض الكبد. 
 - أمراض الطحال. 
 - تناول بعض الأدوية.","In case of high platelets levels: 
- Moderate alcohol consumption 
- Maintain a healthy and balanced diet 
- Consult your doctor to rule out any underlying conditions 
In case of low platelets levels: 
- Moderate alcohol consumption 
- Maintain a healthy and balanced diet 
- Consider iron, B12, and folate supplementation (if deficient) under professional supervision 
- Consult your doctor to rule out any underlying conditions","في حال ارتفاع مستويات الصفائح في الدم: 
 - الاعتدال في شرب الكحول. 
 - اتبع نظامًا غذائيًا صحيًا ومتوازنًا. 
 - استشر طبيبك لمعرفة الأسباب الكامنة وراء ذلك. 
 أما في حال انخفاض مستويات الصفيحات في الدم: 
 - الاعتدال في شرب الكحول. 
 - اتبع نظامًا غذائيًا صحيًا ومتوازنًا. 
 - تناول المكملات الغذائية من الحديد وفيتامين B12 وحمض الفوليك (في حال نقص أي منها) تحت اشراف متخصص. 
 - استشر طبيبك لمعرفة الأسباب الكامنة وراء ذلك.",1,1,1,Low - range: 0 to 149 | Normal - range: 149 to 450 | Low - range: 0 to 149 | Normal - range: 149 to 450,0,1,0
108,Creatinine*,"Creatinine is a natural waste product formed in your muscles. It results from the breakdown of creatine during energy release such as movement and exercise. Nearly all creatinine is excreted by your kidneys, so measuring the level remaining in your blood can determine if your kidneys are functioning normally.",الكرياتينين هو أحد مخلفات الجسم الطبيعية من عمليات إنتاج الطاقة في عضلاتك. تستطيع الكلى السليمة اخىاج الكرياتينين خارج الدم و الجسم ضمن الفضلات الخارجة مع البول. قياس مستوى الكرياتينين في الدم أو البول يقدم دلائل تساعد في تحديد كفاءة عمل كليتيك.,"Creatinine is a waste product created from the normal wear and tear of muscles. It is produced from creatine, a protein that helps generate energy for muscle contractions. Creatinine production essentially reflects muscle mass, and because this mass barely changes from day to day, creatinine production tends to be fairly constant. creatinine is also used as a marker of kidney function as it is filtered out the of the body via the kidneys.",يعرف الكرياتينين بأنه النفايات الناتجة عن التآكل الطبيعي للعضلات، ويتم إنتاجه من الكرياتين، وهو بروتين يساعد على توليد الطاقة لتقلص العضلات. ويعكس إنتاج الكرياتينين بشكل أساسي حجم كتلة العضلات، ويميل إنتاج الكرياتينين إلى الثبات إلى حد ما، نظرًا لتغير حجم هذه الكتلة قليلاً من يوم لآخر. ويستخدم الكرياتينين أيضًا للاستدلال على سلامة وظيفة الكلى، لأن الجسم يصفيه خارجًا الجسم عن طريق الكلى.,"Many factors can lead to having high creatinine levels such as: 
- Dehydration 
- High protein intake 
- Bodybuilding and creatine supplementation 
- Kidney disease 
- Certain medications such as NSAIDs and ACE inhibitors 
Many factors can lead to having low creatinine levels such as: 
- Low protein intake 
- Excessive weight loss 
- Excessive alcohol consumption 
- Liver disease 
- Pregnancy 
- Disorders of the thyroid gland","ينجم ارتفاع مستويات الكرياتينين عن عدة أسباب، منها: 
 - الجفاف. 
 - تناول كميات كبيرة من البروتين. 
 - مكملات كمال الأجسام والكرياتين. 
 - أمراض الكلى. 
 - بعض الأدوية مثل مضادات الالتهابات اللاستيرويدية ومثبط إنزيم محول الأنجيوتنسين. 
 أما انخفاض مستويات الكرياتينين فيرجع إلى عدة عوامل، منها: 
 - تناول كميات قليلة من البروتين. 
 - فقدان الوزن دون الحد الطبيعي. 
 - الإفراط في شرب الكحول. 
 - أمرض الكبد. 
 - الحمل. 
 - اضطرابات الغدة الدرقية.","In case of high creatinine levels: 
- Maintain a healthy weight 
- Maintain a healthy blood pressure 
- Quit smoking 
- Consult your doctor to rule out any underlying conditions 
In case of low creatinine levels: 
- Avoid alcohol consumption 
- Engage in physical activity 
- Consider coaching for nutritional advice on your protein needs 
- Consult your doctor to rule out any underlying conditions 
 
 *Kidneys biomarkers are best interpreted in the context of the entire kidney profile.","في حال ارتفاع مستويات الكرياتينين: 
 - حافظ على وزن صحي. 
 - حافظ على مستوى ضغط دم صحي. 
 - أقلع عن التدخين. 
 - استشر طبيبك لمعرفة الأسباب الكامنة وراء ذلك. 
 أما في حال انخفاض مستويات الكرياتينين: 
 - تجنب شرب الكحول. 
 - احرص على ممارسة النشاط البدني. 
 - احرص على الحصول على المشورة الغذائية فيما يتعلق باحتياجاتك من البروتين. 
 - استشر طبيبك لمعرفة الأسباب الكامنة وراء ذلك. 
 
 * من الأفضل تفسير المؤشرات الحيوية للكلى بعد إجراء كافة فحوصات وظائف الكلى.",1,1,1,Low - range: 0 to 0.4 | Normal - range: 0.4 to 1.2 | Low - range: 0 to 0.3 | Normal - range: 0.3 to 0.9,0,1,0
109,Glucose Fasting*,"Glucose, or blood sugar, is the main and most important source of energy for most living organisms. All human cells use glucose for their energy needs. The brain uses the most, and during fasting can account for up to 80% of glucose consumption in the whole body. Serum glucose is the quantity of glucose in the blood .",يعد الجلوكوز، أو سكر الدم، المصدر الرئيسي والأهم للطاقة لمعظم الكائنات الحية، إذ تستخدم جميع الخلايا البشرية الجلوكوز لتلبية احتياجاتها من الطاقة. ويوظف الدماغ الجلوكوز أكثر من الأعضاء الأخرى، فقد تصل نسبة استهلاكه للجلوكوز أثناء الصيام إلى قرابة 80% من إجمالي الجلوكوز الذي يستهلكه الجسم.,"Glucose, or blood sugar, is the main and most important source of energy for most living organisms. All human cells use glucose for their energy needs. The brain uses the most, and during fasting can account for up to 80% of glucose consumption in the whole body. Serum glucose is the quantity of glucose in the blood .",يعد الجلوكوز، أو سكر الدم، المصدر الرئيسي والأهم للطاقة لمعظم الكائنات الحية، إذ تستخدم جميع الخلايا البشرية الجلوكوز لتلبية احتياجاتها من الطاقة. ويوظف الدماغ الجلوكوز أكثر من الأعضاء الأخرى، فقد تصل نسبة استهلاكه للجلوكوز أثناء الصيام إلى قرابة 80% من إجمالي الجلوكوز الذي يستهلكه الجسم.,"Many factors can lead to having high glucose fasting levels such as: 
- Pre-diabetes or diabetes 
- Low levels of physical activity 
- Stress 
- Illness, injury, or surgery 
- Pancreatic conditions 
- Gestational diabetes 
- Certain medications such as steroids 
Many factors can lead to having low glucose fasting levels such as: 
- Inadequate dietary intake 
- Certain medications 
- Excessive alcohol consumption 
- Certain liver and kidney conditions","ينجم ارتفاع مستويات الجلوكوز الصيامي عن عدة أسباب ، منها: 
 - مرحلة ما قبل السكري أو السكري. 
 - التوتر. 
 - الأمراض أو الإصابات أو عمليات الجراحة. 
 - أمراض البنكرياس. 
 - سكري الحمل. 
 - بعض أنواع الأدوية مثل الستيرويدات. 
 أما انخفاض مستويات التستسترون الحر فيرجع إلى عدة عوامل، منها: 
 - نقص التغذية. 
 - بعض أنواع الأدوية. 
 - الإفراط في شرب الكحول. 
 - بعض أمراض الكبد والكلى.","In case of high glucose levels: 
- Conduct a blood glucose storage test (HbA1c) 
- Monitor blood glucose continuously 
- Maintain a healthy weight 
- Quit smoking 
- Moderate alcohol consumption 
- Engage in regular physical activity 
- Limit carbohydrate intake to complex unrefined and whole grains and plan your meals 
- Increase fiber intake 
- Consider coaching for nutritional advice 
- Consult your doctor to identify the underlying reason 
In case of low glucose levels: 
- Consume fast acting carbohydrates such as juices to prevent dangerous dips in blood sugar 
- Eat at regular times and don't skip meals 
- Moderate alcohol consumption 
- Consider coaching for nutritional advice 
- Consult your doctor to rule out any underlying reasons","في حال ارتفاع مستويات الجلوكوز: 
 - أجرِ تحليل السكر التراكمي (الهيموجلوبين السكري). 
 - احرص على مراقبة معدل السكر في الدم باستمرار. 
 - حافظ على وزن صحي. 
 - أقلع عن التدخين. 
 - الاعتدال في شرب الكحول. 
 - مارس النشاط البدني بانتظام. 
 - قلل من تناول الكربوهيدرات واستبدلها بالحبوب الكاملة غير المكررة ونظم وجباتك. 
 - تناول كميات أكبر من الألياف. 
 - احرص على الحصول على المشورة الغذائية. 
 - استشر طبيبك لمعرفة الأسباب الكامنة وراء ذلك. 
 أما في حال انخفاض مستويات الجلوكوز: 
 - تناول الكربوهيدرات سريعة المفعول مثل العصائر لمنع الانخفاض الحاد في نسبة السكر في الدم. 
 - تناول الطعام في أوقات منتظمة ولا تفوت وجبات الطعام. 
 - الاعتدال في شرب الكحول. 
 - احرص على الحصول على المشورة الغذائية. 
 - استشر طبيبك لمعرفة الأسباب الكامنة وراء ذلك.",1,1,1,Low - range: 0 to 69 | Normal - range: 69 to 110 | Low - range: 0 to 69 | Normal - range: 69 to 110,0,1,0
110,"Thyroid Profile - Triiodothyronine, Free (FT3)*","T3, short for triiodothyronine, is a hormone that is produced by the thyroid gland. It has a variety of functions in the body, such as regulating heart rate, body temperature, and metabolism.",هرمون (T3) هو اختصار لهرمون ثلاثي اليودوثيرونين وهو أحد الهرمونات التي تفرزها الغدة الدرقية، حيث يؤدي هذا الهرمون العديد من الوظائف في الجسم، منها تنظيم معدّل نبضات القلب، وتنظيم درجة حرارة الجسم، وتنظيم عملية الأيض.,"T3, short for triiodothyronine, is a hormone that is produced by the thyroid gland. It has a variety of functions in the body, such as regulating heart rate, body temperature, and metabolism.",هرمون (T3) هو اختصار لهرمون ثلاثي اليودوثيرونين وهو أحد الهرمونات التي تفرزها الغدة الدرقية، حيث يؤدي هذا الهرمون العديد من الوظائف في الجسم، منها تنظيم معدّل نبضات القلب، وتنظيم درجة حرارة الجسم، وتنظيم عملية الأيض.,"Many factors can to having high T3 levels such as:  
- Disorders of the thyroid gland 
- High levels of protein in the blood 
- Iodine excess 
- Excessive dose of thyroid replacement therapy 
- Disorders of the pituitary gland 
- Certain medications 
Many factors can to having low T3 levels such as:  
- Disorders of the thyroid gland 
- Disorders of the pituitary gland 
- Inadequate diet or fasting 
- Iodine deficiency 
- Chronic illness","ينجم ارتفاع مستوى إفراز هرومن ثلاثي اليودوثيرونين (T3) عن عدة أسباب، منها: 
 - اضطرابات الغدة الدرقية. 
 - ارتفاع مستويات البروتين في الدم. 
 - زيادة عنصر اليود. 
 - تناول جرعة زائدة من بديل هرمون الغدة الدرقية. 
 - اضطرابات الغدة النخامية. 
 - بعض أنواع الأدوية. 
 أما انخفاض مستوى إفراز هرومن ثلاثي اليودوثيرونين (T3) فيرجع إلى عدة عوامل، منها: 
 - اضطرابات الغدة الدرقية. 
 - اضطرابات الغدة النخامية. 
 - نقص التغذية أو الصيام لساعات طويلة. 
 - نقص عنصر االيود. 
 - الأمراض المزمنة.","In case of high T3 levels: 
- Consume a healthy and balanced diet low in iodine which can be found in fish, seaweed, seafood, milk and dairy products, egg yolk, and iodized salt 
- Consult your doctor to identify the underlying reason 
In case of low T3 levels: 
- Consume a healthy and balanced diet rich in iodine which can be found in fish, seaweed, seafood, milk and dairy products, egg yolk, and iodized salt 
- Consult your doctor to identify the underlying reason","في حال ارتفاع مستوى هرومن ثلاثي اليودوثيرونين (T3) : 
 - اتبع نظامًا غذائيًّا صحيًا ومتوازنًا يحتوي على نسبة قليلة من عنصر اليود الذي يُوجد في بعض الأطعمة مثل الأسماك والأعشاب البحرية والحليب ومنتجات الألبان وصفار البيض والملح المُعزَّز باليود. 
 - استشر طبيبك لمعرفة الأسباب الكامنة وراء ذلك. 
 أمّا في حال انخفاض مستوى هرومن ثلاثي اليودوثيرونين (T3) : 
 - اتبع نظامًا غذائيًّا صحيًا متوازنًا وغنيًا بعنصر اليود الذي يُوجد في بعض الأطعمة مثل الأسماك والأعشاب البحرية والحليب ومنتجات الألبان وصفار البيض والملح المُعزَّز باليود. 
 - استشر طبيبك لمعرفة الأسباب الكامنة وراء ذلك.",1,1,1,Normal - range: 0.2 to 0.44 | Normal - range: 0.2 to 0.44 | Low - range: 0 to 0.2 | Low - range: 0 to 0.2,0,1,0
111,"Thyroxine, Free (FT4)*","T4, also called thyroxine, is the main form of thyroid hormone made by the thyroid gland. Most T4 is bound to proteins, while a small proportion is unbound, or free. Free T4 testing measures T4 that circulates through the blood and is available to enter body tissues and act upon them.",يُعرف هرومون الثايروكسن أيضًا بـ (T4) وهو الهرمون الرئيسي الذي تفرزه الغدة الدرقية، حيث تتحد نسبة كبيرة من هرمون الثايروكسين مع البروتينات، بينما تظل نسبة ضئيلة غير متحدة مع البروتينات أو توجد بشكل حرّ. ويقيس فحص (T4) نسبة هرمون الثايروكسين في الدم الموجود للدخول إلى أنسجة الجسم والعمل وفقًا لذلك.,"T4, also called thyroxine, is the main form of thyroid hormone made by the thyroid gland. Most T4 is bound to proteins, while a small proportion is unbound, or free. Free T4 testing measures T4 that circulates through the blood and is available to enter body tissues and act upon them.",يُعرف هرومون الثايروكسن أيضًا بـ (T4) وهو الهرمون الرئيسي الذي تفرزه الغدة الدرقية، حيث تتحد نسبة كبيرة من هرمون الثايروكسين مع البروتينات، بينما تظل نسبة ضئيلة غير متحدة مع البروتينات أو توجد بشكل حرّ. ويقيس فحص (T4) نسبة هرمون الثايروكسين في الدم الموجود للدخول إلى أنسجة الجسم والعمل وفقًا لذلك.,"Many factors can to having high T4 levels such as:  
- Disorders of the thyroid gland 
- High levels of protein in the blood 
- Iodine excess 
- Excessive dose of thyroid replacement therapy 
- Disorders of the pituitary gland 
- Certain medications 
Many factors can to having low T4 levels such as:  
- Disorders of the thyroid gland 
- Disorders of the pituitary gland 
- Inadequate diet or fasting 
- Iodine deficiency 
- Chronic illness","ينجم ارتفاع مستوى إفراز هرمون الثايروكسين (T4) عن عدة أسباب، منها: 
 - اضطرابات الغدة الدرقية 
 - ارتفاع مستويات البروتين في الدم 
 - زيادة عنصر اليود 
 - تناول جرعة زائدة من بديل هرمون الغدة الدرقية 
 - اضطرابات الغدة النخامية 
 - بعض أنواع الأدوية 
 أما انخفاض مستوى إفراز هرمون الثايروكسين (T4) فيرجع إلى عدة عوامل، منها: 
 - اضطرابات الغدة الدرقية 
 - اضطرابات الغدة النخامية 
 - نقص التغذية أو الصيام لساعات طويلة 
 - نقص عنصر االيود 
 - الأمراض المزمنة","In case of high T4 levels: 
- Consume a healthy and balanced diet low in iodine which can be found in fish, seaweed, seafood, milk and dairy products, egg yolk, and iodized salt 
- Consult your doctor to identify the underlying reason 
In case of low T4 levels: 
- Consume a healthy and balanced diet rich in iodine which can be found in fish, seaweed, seafood, milk and dairy products, egg yolk, and iodized salt 
- Consult your doctor to identify the underlying reason.","في حال ارتفاع مستوى هرمون الثايروكسين (T4) : 
 - اتبع نظامًا غذائيًّا صحيًا ومتوازنًا يحتوي على نسبة قليلة من عنصر اليود الذي يُوجد في بعض الأطعمة مثل الأسماك والأعشاب البحرية والحليب ومنتجات الألبان وصفار البيض والملح المُعزَّز باليود. 
 - استشر طبيبك لمعرفة الأسباب الكامنة وراء ذلك. 
 أمّا في حال انخفاض مستوى هرمون الثايروكسين (T4) : 
 - اتبع نظامًا غذائيًّا صحيًا متوازنًا وغنيًا بعنصر اليود الذي يُوجد في بعض الأطعمة مثل الأسماك والأعشاب البحرية والحليب ومنتجات الألبان وصفار البيض والملح المُعزَّز باليود. 
 - استشر طبيبك لمعرفة الأسباب الكامنة وراء ذلك.",1,1,1,Low - range: 0 to 0.93 | Low - range: 0 to 0.93 | Normal - range: 0.93 to 1.7 | Normal - range: 0.93 to 1.7,0,1,0
112,Thyroid Profile - Thyroid Stimulating Hormone (TSH)*,"Thyroid stimulating hormone (TSH) also known as thyrotropin is produced by the pituitary gland in the brain. The main purpose of TSH is to stimulate the thyroid gland to produce the main thyroid hormones: T4 (thyroxine) and T3 (triiodothyronine). The thyroid gland is responsible for multiple bodily functions including cardiac function, energy expenditure, temperature, muscle status and fat metabolism.",تعمل العدة النخامية الموجودة في الدماغ على إنتاج الهرمون المنبه للغدة الدرقية المعروف أيضًا باسم (ثيروتروبين)، وتكمن الوظيفة الأساسية لهذا الهرمون في تنبيه الغدة الدرقية للإنتاج الهرمونات الأساسية التي تفرزها بما في ذلك الثايروكسن (T4) ويودوثيرونين (T3).وللغدة الدرقية العديد من الوظائف في الجسم، منها وظائف القلب واستهلاك الطاقة ودرجة حرارة الجسم وحالة العضلات وعملية الأيض.,"Thyroid stimulating hormone (TSH) also known as thyrotropin is produced by the pituitary gland in the brain. The main purpose of TSH is to stimulate the thyroid gland to produce the main thyroid hormones: T4 (thyroxine) and T3 (triiodothyronine). The thyroid gland is responsible for multiple bodily functions including cardiac function, energy expenditure, temperature, muscle status and fat metabolism.",تعمل العدة النخامية الموجودة في الدماغ على إنتاج الهرمون المنبه للغدة الدرقية المعروف أيضًا باسم (ثيروتروبين)، وتكمن الوظيفة الأساسية لهذا الهرمون في تنبيه الغدة الدرقية للإنتاج الهرمونات الأساسية التي تفرزها بما في ذلك الثايروكسن (T4) ويودوثيرونين (T3).وللغدة الدرقية العديد من الوظائف في الجسم، منها وظائف القلب واستهلاك الطاقة ودرجة حرارة الجسم وحالة العضلات وعملية الأيض.,"Many factors can to having high TSH levels such as:  
- Disorders of the thyroid gland 
- Excess weight 
- Iodine deficiency or excess 
- Disorders of the pituitary gland 
- Aging 
- Certain medications 
Many factors can to having low TSH levels such as:  
- Disorders of the thyroid gland 
- Disorders of the pituitary gland 
- Disorders of the hypothalamus 
- Excessive dose of thyroid medication 
- Chronic illness 
- Smoking 
- Pregnancy 
- Testing after a meal","ينجم ارتفاع مستوى إفراز الهرمون المنبه للغدة الدرقية عن عدة أسباب، منها: 
 - اضطرابات الغدة الدرقية. 
 - السُمنة. 
 - نقص عنصر اليود أو زيادته. 
 - اضطرابات الغدة النخامية. 
 - تقدم العمر. 
 - بعض أنواع الأدوية . 
 أما انخفاض مستوى إفراز الهرمون المنبه للغدة الدرقية فيرجع إلى عدة عوامل، منها: 
 - اضطرابات الغدة الدرقية. 
 - اضطرابات الغدة النخامية. 
 - اضطرابات ما تحت المهاد. 
 - تناول جرعة زائدة من أدوية الغدة الدرقية. 
 - الأمراض المزمنة. 
 - التدخين. 
 - الحمل. 
 - إجراء التحاليل والفحوصات بعد تناول الطعام مباشرةً.","In case of high TSH levels: 
- Consider zinc, selenium, and vitamin B12 supplementation under professional supervision 
- Maintain a healthy weight 
- Consult your doctor to identify the underlying reason 
In case of low TSH levels: 
- Quit smoking 
- Consult your doctor to identify the underlying reason","في حال ارتفاع مستوى إفراز الهرمون المنبه للغذة الدرقية : 
 - تناول مكملات الزنك والسيلينيوم وفيتامين (ب6) تحت اشراف متخصصّ. 
 - حافظ على وزن صحيّ. 
 - استشر طبيبك لمعرفة الأسباب الكامنة وراء ذلك. 
 أمّا في حال انخفاض مستوى إفراز الهرمون المنبه للغذة الدرقية: 
 - أقلع عن التدخين. 
 - استشر طبيبك لمعرفة الأسباب الكامنة وراء ذلك.",1,1,1,Low - range: 0 to 0.27 | Low - range: 0 to 0.27 | Normal - range: 0.27 to 4.2 | Normal - range: 0.27 to 4.2,0,1,0
113,RBC: Red Blood Cells Count*,The RBC count totals the number of red blood cells that are present in the blood.,يحسب تعداد خلايا الدم الحمراء (RBC) عدد خلايا الدم الحمراء الموجودة في الدم.,The RBC count totals the number of red blood cells that are present in the blood.,يحسب تعداد خلايا الدم الحمراء (RBC) عدد خلايا الدم الحمراء الموجودة في الدم.,"Many factors can lead to having high RBC count levels such as: 
- Hypoxia (low oxygen) 
- Excess weight 
- Overhydration or Dehydration 
- Smoking 
- Certain medications 
Many factors can lead to having low RBC count levels such as: 
- Nutritional deficiencies including iron, vitamin B6, B12, and folate 
- Infections and inflammation 
- Pregnancy 
- Blood loss 
- Excessive alcohol consumption 
- Spleen disease","ينجم ارتفاع تعداد خلايا الدم الحمراء (RBC) عن عدة أسباب، منها: 
 - نقص الأكسجين. 
 - الوزن الزائد. 
 - فرط السوائل في الجسم أو الجفاف. 
 - التدخين. 
 - بعض أنواع الأدوية. 
 أما انخفاض تعداد خلايا الدم الحمراء (RBC) فيرجع إلى عدة عوامل، منها: 
 - نقص التغذية، بما في ذلك عنصر الحديد وفيتامين (ب6) وفيتامين (ب12) وحمض الفوليك. 
 - العدوى والالتهابات. 
 - الحمل. 
 - فقدان الدم. 
 - الإفراط في شرب الكحول. 
 - أمراض الطحال.","In case of high RBC count levels: 
- Maintain a healthy weight 
- Ensure you are well hydrated (8-12 cups a day) 
- Quit smoking 
- Consult your doctor to rule out any underlying conditions 
In case of low RBC count levels: 
- Consume a healthy and balanced diet rich in iron, vitamin B6, B12, and folate 
- Moderate alcohol consumption 
- Consult your doctor to rule out any underlying conditions 
 
*Red blood cells biomarkers are best interpreted in the context of the entire RBC profile.","في حال ارتفاع تعداد خلايا الدم الحمراء (RBC) : 
 - حافظ على وزن صحيّ. 
 - احرص على شرب كمية وافية من السوائل. 
 - أقلع عن التدخين. 
 - استشر طبيبك لمعرفة الأسباب الكامنة وراء ذلك. 
 أمّا في حال انخفاض تعداد خلايا الدم الحمراء (RBC) : 
 - اتبع نظامًا غذائيًّا صحيًّا متوازنًا وغنيًّا بعنصر الحديد وفيتامين (ب6) وفيتامين (ب12) وحمض الفوليك. 
 - الاعتدال في شرب الكحول. 
 - استشر طبيبك لمعرفة الأسباب الكامنة وراء ذلك. 
 
 
 * من الأفضل تفسير المؤشرات الحيوية لخلايا الدم الحمراء بعد إجراء فحوصات شاملة لها.",1,1,1,Low - range: 0 to 4.4 | Normal - range: 4.4 to 6.1 | Low - range: 0 to 4.1 | Normal - range: 4.1 to 5.4,0,1,0
114,Magnesium*,Magnesium is the fourth most abundant mineral found in our body. It is essential to all living cells and vital for numerous physiological functions in the body and the brain. Over 300 enzymes require the presence of magnesium to function properly so you can begin to see its value in your body.,المغنيسيوم هو رابع أكثر المعادن وفرة في جسم الإنسان. يعد المغنيسيوم معدن مهم، يلعب دورًا في أكثر من 300 تفاعل إنزيم في جسم الأنسان، ويلعب عدة أدوار مهمة في صحة الجسم والدماغ.,"Magnesium is the 4th most abundant mineral in the body. It is required for more than 300 different bodily processes, including the activation of vitamin D. Because of this, a deficiency can wreak havoc on health, including health of the immune system, the nervous system and the heart.",يعد المغنيسيوم رابع أكثر المعادن وفرةً في جسم الإنسان، فهذا العنصر ضروري لأكثر من 300 عملية مختلفة في الجسم، بما في ذلك تنشيط فيتامين (د). لذا قد يتسبب نقص عنصر المغنيسيوم في إلحاق ضرر كبير بصحة الإنسان، بما في ذلك التأثير على الجهاز المناعيّ والجهاز العصبيّ والقلب.,"Many factors can lead to having high magnesium levels such as: 
- Supplementation 
- Kidney disease 
Many factors can lead to having low magnesium levels such as: 
- Low dietary intake 
- Stress","ينجم ارتفاع مستويات المغنيسيوم في الجسم عن عدة أسباب، منها: 
 - تناول المكملات. 
 - أمراض الكلى. 
 أما انخفاض مستويات المغنيسيوم في الجسم فيرجع إلى عدة عوامل، منها: 
 - سوء التغذية. 
 - التوتر.","In case of high magnesium levels: 
- Consult your doctor to rule out any underlying conditions 
In case of low magnesium levels: 
- Consume magnesium rich foods such as spinach, nuts, and seeds 
- Consider coaching for stress management","في حال ارتفاع مستويات المغنيسيوم في الجسم: 
 - استشر طبيبك لمعرفة الأسباب الكامنة وراء ذلك. 
 أمّا في حال انخفاض مستويات المغنيسيوم في الجسم: 
 - تناول الأطعمة الغنية بعنصر المغنيسيوم مثل السبانخ والمكسرات والحبوب. 
 - احرص على حضور تدريبات للتعامل مع التوتر.",1,1,1,Low - range: 0 to 1.6 | Low - range: 0 to 1.6 | Normal - range: 1.6 to 2.3 | Normal - range: 1.6 to 2.3,0,1,0
115,WBC: White Blood cell Count*,White blood cells are critical to your body’s immune system and how it can fight infections. They also produce memory immune cells and antibodies to protect against future infection from the same source. There are different types of white blood cells and each plays a different role in protecting the body.,يعد تحليل WBC أحد تحاليل الدم المستخدمة لمعرفة عدد خلايا الدم البيضاء الموجودة في الدم وتساهم في الكشف عن أي عدوى يتعرض لها الجسم وتحاربها، باعتبارها جزءًا من جهاز المناعة. ومن الجدير بالذكر أنّه توجد عدة أنواع مختلفة من خلايا الدم البيضاء، ويؤدي كل نوع منها دورًا معينًا في مجال حماية الجسم.,"White blood cells, or leukocytes, help the body fight infection. The five types of white blood cells are basophils, neutrophils, eosinophils, lymphocytes, and monocytes",تساعد خلايا الدم البيضاء أو ما يُعرف باسم الكريات البيضاء في مساعدة الجسم على محاربة العدوى. وتتمثل الأنواع الخمسة لخلايا الدم البيضاء في: الخلايا القاعدية، والخلايا المتعادلة، والخلايا الحمضية، والخلايا اللمفاوية، والوحيدات,"Many factors can lead to having low or high WBC levels such as: 
- Infections 
- Chronic inflammation 
- Diseases that damage bone marrow, such as leukemia 
- Certain autoimmune disorders such as rheumatoid arthritis 
- Nutritional deficiencies 
- Stress 
- Excess weight 
- Smoking 
- Certain medications","ينجم ارتفاع مستويات تعداد خلايا الدم البيضاء أو انخفاضها عن عدة أسباب، منها: 
 - الإصابة بالعدوى. 
 - الالتهابات المزمنة. 
 - الأمراض التي تضر بالنخاع العظمي مثل سرطان الدم. 
 - بعض أمراض المناعة الذاتية مثل التهاب المفاصل الروماتويدي. 
 - نقص التغذية. 
 - التوتر. 
 - الوزن الزائد. 
 - التدخين. 
 - بعض أنواع الأدوية.","In case of high or low WBC: 
- Quit smoking 
- Maintain a healthy weight 
- Consume a healthy and balanced diet 
- Engage in regular physical activity 
- Consider coaching for stress management and improvement of sleep quality 
- Consult your doctor to rule out any underlying conditions","ينجم ارتفاع مستويات تعداد خلايا الدم البيضاء أو انخفاضها عن عدة أسباب، منها: 
 - الإصابة بالعدوى. 
 - الالتهابات المزمنة. 
 - الأمراض التي تضر بالنخاع العظمي مثل سرطان الدم. 
 - بعض أمراض المناعة الذاتية مثل التهاب المفاصل الروماتويدي. 
 - نقص التغذية. 
 - التوتر. 
 - الوزن الزائد. 
 - التدخين. 
 - بعض أنواع الأدوية.",1,1,1,Normal - range: 3.99 to 10.5 | Low - range: 0 to 3.99 | Normal - range: 3.99 to 10.5 | Low - range: 0 to 3.99,0,1,0
116,RBC: Mean Corpuscular Haemoglobin(MCH)*,"MCH measures the average amount of a protein called hemoglobin found inside your red blood cells, which carries oxygen around your body. 
High or low results can indicate different forms of anemia leading to fatigue and other common symptoms.",يعبِّر تحليل مستوى هيموغلوبين الكرية الوسطي (MCH) عن متوسط كميَّة بروتين الهيموجلوبين الموجود في خلية واحدة من خلايا الدم الحمراء، وهو البروتين المسؤول عن الارتباط بالأكسجين ونقله إلى الخلايا والأنسجة في الجسم.,"Mean corpuscular hemoglobin (MCH) is a measure of the average amount of hemoglobin in the red blood cells. Hemoglobin is the protein that stores (binds) oxygen, which is what allows the blood to transport oxygen throughout the body.",يقيس تحليل هيموجلوبين الكرية الوسطي متوسط كمية الهيموجلوبين في كريات الدم الحمراء، حيث يُعرَف الهيموجلوبين بأنه البروتين الذي يعمل على تخزين (إيصال) الأكسجين، الأمر الذي يسمح للدم بنقل الأكسجين إلى كافة أعضاء الجسم.,"Many factors can lead to having high MCH levels such as: 
- Anemia due to folate or vitamin B12 deficiency 
- Excessive alcohol consumption  
Many factors can lead to having low MCH levels such as: 
- Iron deficiency 
- Thalassemia","ينجم ارتفاع مستويات تحليل هيموجلوبين الكرية الوسطي (MCH) عن عدة أسباب، منها: 
 - فقر الدم الناجم عن نقص حمض الفوليك أو فيتامين (ب12). 
 - الإفراط في شرب الكحول. 
 أما انخفاض مستويات تحليل هيموجلوبين الكرية الوسطي (MCH) فيرجع إلى عدة عوامل، منها: 
 - نقص الحديد. 
 - مرض الثلاسيميا.","In case of high MCH levels: 
- Consume a healthy and balanced diet rich in folate and vitamin B12 which can be found in turkey, poultry, and green leafy vegetables 
- Consult your doctor to rule out any underlying conditions 
In case of low MCH levels: 
- Reduce caffeine consumption 
- Consume a healthy and balanced diet rich in iron and vitamin C 
- Consult your doctor to rule out any underlying conditions 
 
*Red blood cells biomarkers are best interpreted in the context of the entire RBC profile.","في حال ارتفاع مستويات تحليل هيموجلوبين الكرية الوسطي (MCH): 
 - اتبع نظامًا غذائيًا صحيًّا ومتوازنًا وغنيًّا بحمض الفوليك وفيتامين (ب12) الموجودين في بعض الأطعمة مثل الديك الروميّ والدواجن والخضروات الورقية. 
 - استشر طبيبك لمعرفة الأسباب الكامنة وراء ذلك. 
 أمّا في حال انخفاض مستويات تحليل هيموجلوبين الكرية الوسطي (MCH) : 
 - قلل من تناول الكافيين. 
 - اتبع نظامًا غذائيًا صحيًّا متوازنًا وغنيًّا بعنصر الحديد وفيتامين (أ) وفيتامين (ب6) وفيتمامين سي. 
 - استشر طبيبك لمعرفة الأسباب الكامنة وراء ذلك. 
 
 * يُفضَّل تفسير المؤشرات الحيوية لخلايا الدم الحمراء في سياق الفحص الشامل لخلايا الدم الحمراء.",1,1,1,Low - range: 0 to 26 | Normal - range: 26 to 32 | Low - range: 0 to 26 | Normal - range: 26 to 32,0,1,0
117,TG / HDL Ratio*,"Triglycerides (TG)/high-density lipoprotein (HDL) cholesterol ratio is a marker of small/dense lipoprotein particles, which might be closely related to your heart's health. A high ratio may indicate the presence of various metabolic and vascular diseases. 
This ratio is generally regarded as a better indicator of measuring the impact of cholesterol on your body, rather than just simply checking your cholesterol levels or using other traditional methods.","يمثل هذا المعدل المحتسب نسبة الدهون الثلاثية على نسبة كوليستيرول البروتين الدهني العالي الكثافة (الكوليسترول الجيد). يدل ارتفاع هذه النسبة على احتمال الإصابة بعدد من أمراض الأوعية الدموية و الأمراض الاستقلابية.
تعتبر هذه النسبة مؤشر أفضل على تأثير الكوليستيرول على صحتك مقارنة بقياس المستوى الإجمالي للكوليستيرول أو الطرق التقليدية الأخرى.","Triglycerides/high-density lipoprotein (HDL) cholesterol ratio is a marker of small/dense lipoprotein particles, which might be closely related to the heart's health. A high ratio is linked to the risk of developing various metabolic and cardiovascular diseases such as diabetes and strokes.","يمثل هذا المعدل المحتسب نسبة الدهون الثلاثية على نسبة كوليسترول البروتين الدهني العالي الكثافة (الكوليسترول الجيد). يدل ارتفاع هذه النسبة على احتمال الإصابة بعدد من أمراض الأوعية الدموية و الأمراض الاستقلابية. 
 تعتبر هذه النسبة مؤشر أفضل على تأثير الكوليستيرول على صحتك مقارنة بقياس المستوى الإجمالي للكوليستيرول أو الطرق التقليدية الأخرى.","Many factors can lead to having high triglyceride/HDL ratio levels such as: 
- Genetics 
- Aging 
- Unhealthy lifestyle habits such as smoking and a diet high in refined carbohydrates (like white bread and sugars) 
- Excess weight 
- Certain medications such as steroids 
Many factors can lead to having low triglyceride/HDL ratio levels (within normal ranges) (desirable) such as: 
- Genetics  
- Consuming a balanced diet and leading a healthy lifestyle","ينجم إرتفاع نسبة الدهون الثلاثية (TG)/البروتين الدهني العالي الكثافة عن عدة أسباب، منها: 
 - إتباع نمط حياة وعادات غذائية غير صحية مثل التدخين وتناول الأطعمة العالية بالدهون ولكربوهيدرات المصنعة بكثرة. 
 - الوزن الزائد. 
 - العمر. 
 أما إنخفاض نسبة الدهون الثلاثية (TG)/البروتين الدهني العالي الكثافة فهو أمر محبب متعلق ب: 
 - عوامل وراثية. 
 - إتباع نظام غذائي ونمط حياة صحيين.","In case of high triglycerides/HDL ratio levels:  
- Consume a healthy diet that is low in cholesterol and simple carbohydrates such as sugar and white flour, and rich in fibers and plant sterols (found in vegetable margarine and nuts) 
- Engage in regular physical activity. The kind that gets your heart pumping is best 
- Maintain a healthy weight Losing even 2 to 5 kilograms can improve your cholesterol levels 
- Quit smoking 
- Consult your doctor for advice on medication 
In case of low triglycerides/HDL ratio levels: 
- Low levels are usually desirable. Consult your doctor in case of levels below normal ranges 
 
*Cholesterol biomarkers are best interpreted in the context of the entire cholesterol profile.","في حال ارتفاع مستويات نسبة الدهون الثلاثية (TG)/البروتين الدهني عالي الكثافة: 
 - اتبع نظامًا غذائيًا صحيًا يحتوي على معدلات منخفضة من الدهون المصنعة والكربوهيدرات البسيطة مثل السكر، وغني بالألياف وستيرول النباتات (الموجود في السمن النباتي والمكسرات). 
 - مارس النشاط البدني بانتظام، مع التركيز على التمارين التي ترفع معدل نبضات القلب وتحسن تدفق الدم. 
 - حافظ على وزن صحي، إذ يمكن لفقدان ما بين 2 إلى 5 كيلوغرامات تحسين مستويات الكوليسترول في الدم. 
 - أقلع عن التدخين. 
 - استشر طبيبك فيما يخص الأدوية. 
 أما في حال انخفاض مستويات نسبة الدهون الثلاثية (TG)/البروتين الدهني العالي الكثافة: 
 - عادةً ما تكون المستويات المنخفضة صحيةً أكثر، ولكن استشر طبيبك في حال انخفاض المستوى عن المعدلات الطبيعية. 
 
 * من الأفضل تفسير المؤشرات الحيوية للكوليسترول بعد إجراء تحليلات شاملة للدهنيات في الدم.",1,1,1,Normal - range: 0 to 2 | Normal - range: 0 to 2,0,1,0
118,Insulin Fasting*,"This test measures the level of the hormone insulin in your body after an overnight fast. Insulin is a hormone that helps transport glucose into the body’s cells, where it is needed for energy production. Insulin fasting helps detect if there is resistance to insulin’s effect, in which case the body would be trying to compensate by making even more insulin, and high levels of insulin would be observed.",يقيس هذا الفحص مستوى هرمون الإنسولين في جسمك بعد صيام ليلة كاملة. ويعد هرمون الإنسولين ضروريًا لإنتاج الطاقة إذ يساعد على نقل الجلوكوز إلى خلايا الجسم، ويساعد صيام الأنسولين في الكشف عما إذا كان الجسم يعاني من مقاومة الأنسولين. ففي مثل هذه الحالة، يبدأ الجسم بالتعويض عن المقاومة عبر إنتاج المزيد من الإنسولين، مما يؤدي إلى ارتفاع مستوياته في الجسم بشكل ملحوظ.,"This test measures the level of the hormone insulin in your body after an overnight fast. Insulin is a hormone that helps transport glucose into the body’s cells, where it is needed for energy production. Insulin fasting helps detect if there is resistance to insulin’s effect, in which case the body would be trying to compensate by making even more insulin, and high levels of insulin would be observed.",يقيس هذا الفحص مستوى هرمون الإنسولين في جسمك بعد صيام ليلة كاملة. ويعد هرمون الإنسولين ضروريًا لإنتاج الطاقة إذ يساعد على نقل الجلوكوز إلى خلايا الجسم، ويساعد صيام الأنسولين في الكشف عما إذا كان الجسم يعاني من مقاومة الأنسولين. ففي مثل هذه الحالة، يبدأ الجسم بالتعويض عن المقاومة عبر إنتاج المزيد من الإنسولين، مما يؤدي إلى ارتفاع مستوياته في الجسم بشكل ملحوظ.,"Many factors can lead to having high fasting insulin levels such as: 
- Insulin resistance 
- Prediabetes or diabetes 
- Excess weight or obesity 
- Gestational diabetes 
- Pancreatic conditions 
- Certain medications such as corticosteroids 
- Oral contraceptives 
Many factors can lead to having low fasting insulin levels such as: 
- Type 1 diabetes 
- Pancreatic conditions 
- Disorders of the pituitary gland","ينجم ارتفاع مستويات إنسولين الصيام عن عدة أسباب، منها:  
 - مقاومة الإنسولين. 
 - مرحلة ما قبل السكري أو السكري. 
 - الوزن الزائد أو السمنة المفرطة. 
 - سكري الحمل. 
 - أمراض البنكرياس. 
 - بعض الأدوية مثل الكورتيكوستيرويدات. 
 - حبوب منع الحمل. 
 أما انخفاض مستويات إنسولين الصيام فيرجع إلى عدة أسباب، منها: 
 - السكري من النوع الأول. 
 - أمراض البنكرياس. 
 - اضطرابات الغدة النخامية.","In case of high fasting insulin levels: 
- Conduct a blood glucose storage test (HbA1c) 
- Consult your doctor to identify the underlying reason 
- Maintain a healthy weight 
- Quit smoking 
- Moderate alcohol consumption 
- Engage in regular physical activity 
- Limit carbohydrate intake to complex unrefined ones and plan your meals 
- Increase fiber intake 
- Consult a certified expert for nutritional advice 
In case of low fasting insulin levels: 
- Consult your doctor to identify underlying reason","في حال ارتفاع مستويات صيام الإنسولين: 
 - احرص على إجراء تحليل السكر التراكمي (الهيموجلوبين السكري). 
 - استشر طبيبك لمعرفة الأسباب الكامنة وراء ذلك. 
 - حافظ على وزن صحي. 
 - أقلع عن التدخين. 
 - الاعتدال في شرب الكحول. 
 - مارس النشاط البدني بانتظام. 
 قلل من تناول الكربوهيدرات واستبدلها بالحبوب الكاملة غير المكررة ونظم وجباتك. 
 - تناول كميات أكبر من الألياف. 
 - استشر خبيرًا معتمدًا للحصول على المشورة الغذائية. 
 أما في حال انخفاض مستويات صيام الإنسولين: 
 - استشر طبيبك لمعرفة الأسباب الكامنة وراء ذلك.",1,1,1,Low - range: 0 to 1.9 | Low - range: 0 to 1.9 | Normal - range: 1.9 to 25 | Normal - range: 1.9 to 25,0,1,0
119,Alkaline Phosphate (ALP)*,"ALP is an enzyme found in your bloodstream. It helps break down proteins in the body and exists in different forms, depending on where it originates. Testing its levels determines how well your liver and gallbladder are functioning and identifies any problems within your bones.",الفوسفاتاز القلوي (ALP) هو إنزيم موجود في الكبد والعظام وهو مُهم لتحلُّل البروتينات. قد تُشير المستويات الأعلى من الطبيعي لإنزيم الفوسفاتاز القلوي (ALP) إلى تلَف في الكبد أو الإصابة بأحد الأمراض، مثل انسداد القناة الصفراوية أو بعض أمراض العظام.,"Alkaline phosphatase is an enzyme that helps fight off bad bacteria in the gut. It is also involved in digestion, bone health, and cognitive function.",يساعد إنزيم الفوسفاتيز القلوي على محاربة البكتيريا الضارة في الأمعاء، كما يسهل عملية الهضم ويحافظ على صحة العظام، بالإضافة إلى الوظائف الإدراكية.,"Many factors can lead to having high ALP levels such as: 
- Bone disorders 
- Gallbladder disorders 
- Liver disorders  
- Pregnancy 
- Aging 
Many factors can lead to having low ALP levels such as: 
- Zinc or magnesium deficiency 
- Protein deficiency 
- High vitamin D doses 
- Anemia 
- Disorders of the thyroid gland 
- Certain medications","ينجم ارتفاع مستويات الفوسفاتيز القلوي عن عدة أسباب، منها: 
 - اضطرابات العظام. 
 - اضطرابات المرارة. 
 - اضطرابات الكبد. 
 - الحمل. 
 - تقدم العمر. 
 أما انخفاض مستويات الفوسفاتيز القلوي فيرجع إلى عدة عوامل، منها: 
 - نقص الزنك أو المغنيسيوم. 
 - نقص البروتين. 
 - الجرعات العالية من فيتامين (د). 
 - فقر الدم. 
 - اضطرابات الغدة الدرقية. 
 - بعض أنواع الأدوية.","The below remarks are applicable to all liver tests:  
 
For some people, lifestyle changes are enough to re-establish a healthy liver function. For others, it may be about maintaining the function they currently have. In either case your Valeo wellbeing coach would be able to help you with more detailed advice.  
 
Generally speaking, practices for a healthy liver include: 
- limiting alcohol consumption 
- maintaining a healthy weight 
- reducing or removing processed foods from your diet 
- increasing dark green leafy vegetables like brussels sprouts (go for a roasted option) 
- consuming garlic, beetroot, apples and carrots, grated together these make a great salad 
- drinking water during the day and ideally adding things like fresh mint, ginger and lemon","في حال ارتفاع مستويات الفوسفاتيز القلوي: 
 - استشر طبيبك لمعرفة الأسباب الكامنة وراء ذلك. 
 أما في حال انخفاض مستويات الفوسفاتيز القلوي: 
 - اعتمد نظامًا غذائيًا صحيًا قائمًا على تناول الأطعمة الغنية بالبروتين وفيتامينات (ب) والزنك والمغنيسيوم مثل اللحوم والدواجن والبقوليات والحبوب والمكسرات والخضروات الورقية. 
 - تناول مكملات الزنك والمغنيسيوم وفيتامين (ب 12) أو البروتين (في حال نقصه) تحت اشراف متخصصّ. 
 - استشر طبيبك لمعرفة الأسباب الكامنة وراء ذلك. 
 
 * من الأفضل تفسير المؤشرات الحيوية للكبد بعد إجراء كافة فحوصات وظائف الكبد.",1,1,1,Low - range: 0 to 40 | Normal - range: 40 to 130 | Low - range: 0 to 35 | Normal - range: 35 to 105,0,1,0
120,RBC: Hemoglobin*,"Hemoglobin is a protein in your red blood cells that carries oxygen to your body's organs and tissues and transports carbon dioxide from your organs and tissues back to your lungs.
If a hemoglobin test reveals that your hemoglobin level is lower than normal, it means you have a low red blood cell count (anemia). Anemia can have many different causes, including vitamin deficiencies, bleeding and chronic diseases.
If a hemoglobin test shows a higher than normal level, there are several potential causes such as living at a high altitude, smoking and dehydration.","الهيموغلوبين عبارة عن بروتين في خلايا الدم الحمراء التي تحمل الأكسجين إلى أعضاء الجسم والأنسجة وينقل ثاني أكسيد الكربون من الأعضاء والأنسجة إلى الرئتين.
إذا كشف اختبار الهيموغلوبين أن نسبة الهيموغلوبين أقل من المعتاد، فهذا يعني أنك تعاني انخفاض عدد خلايا الدم الحمراء (فقر دم). يمكن أن يكون هناك العديد من الأسباب لفقر الدم بما في ذلك نقص الفيتامين والنزيف والأمراض المزمنة.
إذا أظهر اختبار الهيموغلوبين مستوى أعلى من الطبيعي، فهناك العديد من الأسباب المحتملة مثل العيش في ارتفاعات عالية والتدخين والجفاف.",Hemoglobin is an important protein and an essential part of red blood cells that delivers oxygen to all parts of the body.,يعد الهيموجلوبين أحد البروتينات المهم للجسم، كما أنه يشكل عنصرًا أساسيًا لخلايا الدم الحمراء التي تمدّ كافة أعضاء الجسم بالأكسجين اللازم لها.,"Many factors can lead to having high hemoglobin levels such as: 
- High altitude 
- Smoking 
- Dehydration 
- Respiratory and heart disease 
- Kidney disease 
- High levels of testosterone 
Many factors can lead to having low hemoglobin levels such as: 
- Iron deficiency 
- Other nutritional deficiencies including B12, B6, and folate 
- Blood loss  
- Gut disorders that impair absorption 
- Chronic inflammatory diseases 
- Excess weight 
- Abnormal red blood cell destruction 
- Kidney disease 
- Disorders of the thyroid gland 
- Aging 
- Pregnancy 
- Certain medications","ينجم ارتفاع مستويات الهيموجلوبين عن عدة أسباب، منها: 
 - التواجد على ارتفاعات عالية. 
 - التدخين. 
 - الجفاف. 
 - أمراض الجهاز التنفسي وأمراض القلب. 
 - أمراض الكلى. 
 - ارتفاع مستويات هرمون التستوستيرون. 
 أما انخفاض مستويات الهيموجلوبين فيرجع إلى عدة عوامل، منها: 
 - نقص عنصر الحديد. 
 - نقص التغذية الأخرى، بما في ذلك فيتامين (ب12) فيتامين (ب6) وحمض الفوليك. 
 - فقدان الدم. 
 - اضطرابات الأمعاء التي تُضعف القدرة على امتصاص العناصر الغذائية. 
 - الأمراض الالتهابية المزمنة. 
 - الوزن الزائد. 
 - التكسر غير الطبيعي لخلايا الدم الحمراء. 
 - أمراض الكلى. 
 - اضطرابات الغدة الدرقية. 
 - تقدم العمر. 
 - الحمل. 
 - بعض أنواع الأدوية.","In case of high hemoglobin levels: 
- Ensure you are well hydrated 
- Quit smoking 
- Consult your doctor to rule out any underlying conditions 
In case of low hemoglobin levels: 
- Consider iron, B12, B6, or folate supplementation (if deficient) under professional supervision 
- Consult your doctor to rule out any underlying conditions 
 
*Red blood cells biomarkers are best interpreted in the context of the entire RBC profile.","في حال ارتفاع مستويات الهيموجلوبين في الجسم: 
 - اشرب كمية وافرة من السوائل. 
 - أقلع عن التدخين. 
 - استشرطبيبك للتأكد من عدم وجود مسببات رئيسية أخرى لذلك. 
 أمّا في حال انخفاض مستويات الهيموجلوبين في الجسم: 
 - احرص على تناول الحديد وفيتامين (ب12) وفيتامين (ب6) وحمض الفوليك (في حال نقص هذه العناصر) تحت اشراف متخصصّ. 
 - استشرطبيبك للتأكد من عدم وجود مسببات رئيسية أخرى لذلك. 
 
 * من الأفضل تفسير المؤشرات الحيوية لخلايا الدم الحمراء بعد إجراء فحوصات شاملة لها.",1,1,1,Normal - range: 11.9 to 16 | Low - range: 0 to 11.9 | Normal - range: 13.4 to 18 | Low - range: 0 to 13.4,0,1,0
121,Albumin*,"Albumin is a protein made by your liver, it keeps fluid from leaking out of your blood vessels and nourishes your tissues. It also carries hormones, vitamins, drugs, and ions like calcium throughout your body. Albumin concentration in the blood is sensitive to a liver's damage.",الألبومين هو أحد البروتينات المُتعدِّدة التي تُنتج في الكبد. يحتاج جسمك إلى هذه البروتينات لمُكافحة العدوى وأداء وظائفه الأخرى. قد تُشير المستويات الأقل من الطبيعي من الألبومين والبروتين الكُلي إلى تلَف في الكبد أو الإصابة بأحد الأمراض.,"Albumin is the most abundant protein in human blood, accounting for 50 to 60% of all the protein in the blood. It’s made by the liver, circulates throughout the body in the blood, and a very small amount may pass through healthy kidneys into urine. 
Albumin maintains the osmotic pressure that pulls water into the circulatory system, binds and carries hormones, vitamins, drugs, fatty acids, minerals, and other substances throughout the blood, and is also the main antioxidant in the blood.""Albumin maintains the osmotic pressure that pulls water into the circulatory system, binds and carries hormones, vitamins, drugs, fatty acids, minerals, and other substances throughout the blood, and is also the main antioxidant in the blood.","يعد الألبومين البروتين الأكثر وفرة في دم الإنسان، ويمثل من 50% إلى 60% من جميع البروتينات في الدم. وتنتجه خلايا الكبد، ثم ينتقل إلى جميع أنحاء الجسم من خلال الدورة الدموية، وقد يحتوي البول على كمية ضئيلة منه بعد مرور البروتين عبر الكلى السليمة. 
 يحافظ الألبومين على الضغط الإسموزي الذي يسحب الماء إلى داخل الدورة الدموية، ويربط الهرمونات والفيتامينات والأدوية والأحماض الدهنية والمعادن والمواد الأخرى ويحملها في الدم، كما أنه أحد مضادات الأكسدة الرئيسية في الدم.","Many factors can lead to having high albumin levels such as: 
- Severe dehydration due to vomiting or diarrhea 
- Insulin resistance 
Many factors can lead to having low albumin levels such as: 
- Chronic illness, infection, or inflammation 
- Inadequate diet 
- Liver disease 
- Kidney disease 
- Heart disease 
- Pregnancy","ينجم ارتفاع مستويات الألبومين عن عدة أسباب، منها: 
 - الجفاف الشديد نتيجة القيء أو الإسهال. 
 - مقاومة الإنسولين. 
 أما انخفاض مستويات الألبومين فيرجع إلى عدة عوامل، منها: 
 - الالتهابات أو الإصابة بالعدوى أو مرض مزمن. 
 - نقص التغذية. 
 - أمراض الكبد. 
 - أمراض الكلى. 
 - أمراض القلب. 
 - الحمل.","In case of high albumin levels: 
- Ensure you are well hydrated 
- Avoid alcohol consumption 
- Consult your doctor to identify the underlying reason 
In case of low albumin levels: 
- Consume a healthy and balanced diet 
- Consume lean, high-quality proteins including organic and hormone-free fish and turkey 
- Maintain a healthy weight 
- Engage in regular physical activity 
- Consult your doctor to identify the underlying reason 
 
*Liver biomarkers are best interpreted in the context of the entire liver profile.","في حال ارتفاع مستويات الألبومين: 
 - احرص على شرب كمية وافرة من السوائل. 
 - تجنب شرب الكحول. 
 - استشر طبيبك لمعرفة الأسباب الكامنة وراء ذلك. 
 أما في حال انخفاض مستويات الألبومين: 
 - اتبع نظامًا غذائيًا صحيًا ومتوازنًا. 
 - تناول البروتينات الخالية من الدهون وعالية الجودة، بما في ذلك الأسماك والديك الرومي العضوي والخالي من الهرمونات. 
 - حافظ على وزن صحي. 
 - احرص على ممارسة النشاط البدني بانتظام. 
 - استشر طبيبك لمعرفة الأسباب الكامنة وراء ذلك. 
 
 * من الأفضل تفسير المؤشرات الحيوية للكبد بعد إجراء كافة فحوصات وظائف الكبد.",1,1,1,Low - range: 0 to 3.5 | Low - range: 0 to 3.5 | Normal - range: 3.5 to 5.2 | Normal - range: 3.5 to 5.2,0,1,0
122,Free Testosterone*,"Testosterone is the primary male sex hormone and is responsible of a number of bodily functions such as the development of male characteristics, muscle and bone strength, sperm production, and libido (sex drive). This test measures the amount of unbound or ""free"" testosterone in the blood which is responsible for performing testosterone's bodily functions.","This test measures the amount of unattached, or ""free,"" testosterone in your blood. Testosterone is a male sex horيعد التستوستيرون الهرمون الجنسي الأساسي للذكور والمسؤول عن عدد من وظائف الجسم مثل تطور الخصائص الذكورية وتقوية العضلات والعظام وإنتاج الحيوانات المنوية وتحفيز الرغبة الجنسية (الدافع الجنسي). ويقيس هذا الفحص نسبة هرمون التستوستيرون غير المرتبط أو ""الحر"" في الدم المسؤول عن أداء وظائف التستوستيرون في الجسم.","Testosterone is the primary male sex hormone and is responsible of a number of bodily functions such as the development of male characteristics, muscle and bone strength, sperm production, and libido (sex drive). This test measures the amount of unbound or ""free"" testosterone in the blood which is responsible for performing testosterone's bodily functions.","يعد التستوستيرون الهرمون الجنسي الأساسي للذكور والمسؤول عن عدد من وظائف الجسم مثل تطور الخصائص الذكورية وتقوية العضلات والعظام وإنتاج الحيوانات المنوية وتحفيز الرغبة الجنسية (الدافع الجنسي). ويقيس هذا الفحص نسبة هرمون التستوستيرون غير المرتبط أو ""الحر"" في الدم المسؤول عن أداء وظائف التستوستيرون في الجسم.","Many factors can lead to having high free testosterone levels such as: 
- Steroid abuse 
- Adrenal or testicular or ovarian tumors 
- A condition known as adrenal hyperplasia 
- Polycystic Ovary Syndrome (PCOS) 
Many factors can lead to having low free testosterone levels such as: 
- Aging 
- Unhealthy lifestyle habits such as smoking 
- Excess weight or underweight 
- Disorders of the pituitary gland or hypothalamus 
- Certain infections 
- Certain autoimmune conditions 
- Hemochromatosis (iron overload) 
- Major illness or surgery 
- High levels of stress","ينجم ارتفاع مستويات التستسترون الحر عن عدة أسباب ، منها: 
 - تعاطي المنشطات. 
 - أورام الغدة الكظرية أو الخصيتين أو المبايض بالنسبة للنساء. 
 - حالة تعرف باسم تضخم الغدة الكظرية. 
 - متلازمة تكيس المبايض. 
 أما انخفاض مستويات التستسترون الحر فيرجع إلى عدة عوامل، منها: 
 - تقدم العمر. 
 - العادات غير الصحية مثل التدخين. 
 - الوزن الزائد أو نقص الوزن دون الحد الطبيعي. 
 - اضطرابات الغدة النخامية أو الغدة تحت المهاد. 
 - بعض أنواع الالتهابات. 
 - بعض أمراض المناعة الذاتية. 
 - داء ترسب الأصبغة الدموية (الحديد الزائد). 
 - الأمراض الخطيرة أو الجراحات الكبرى. 
 - التوتر الشديد.","In case of high free testosterone levels: 
- Maintain a healthy weight 
- Consult your doctor to rule out any underlying conditions 
In case of low free testosterone levels: 
- Quit smoking 
- Engage in regular physical activity 
- Consume a healthy and balanced diet rich in protein  
- Consider coaching for stress management and improvement of sleep quality 
- Consider vitamin D supplementation (if deficient) under professional supervision 
- Consult your doctor to rule out any underlying conditions","في حال ارتفاع مستويات هرمون التستوستيرون الحر: 
 - حافظ على وزن صحي. 
 - استشر طبيبك لمعرفة الأسباب الكامنة وراء ذلك. 
 أما في حال انخفاض مستويات هرمون التستوستيرون الحر: 
 - أقلع عن التدخين. 
 - احرص على ممارسة النشاط البدني بانتظام. 
 - اتبع نظامًا غذائيًا صحيًا ومتوازنًا وغنيًا بالبروتين. 
 - استشر مدرب صحي للتدرب على التعامل مع التوتر و تحسين جودة النوم. 
 - تناول مكملات فيتامين د (في حال نقصه) تحت اشراف متخصصّ. 
 - استشر طبيبك لمعرفة الأسباب الكامنة وراء ذلك.",1,1,1,Low - range: 0 to 33.49 | Normal - range: 33.49 to 104.74 | Low - range: 0 to 0.51 | Normal - range: 0.51 to 5.58,0,1,0
123,WBC: Eosinophils*,Eosinophils are part of the white blood cell community that remove parasitic infections and certain bacteria from the body. They are also immune markers by marking infected sites.,ي نوع من أنواع كريات الدم البيضاء. تنشط هذه الخلايا بناءً على إصابة الإنسان بأحدِ أنواع الحساسيّة، الالتهابات والفايروسات أو بعض الحالات الطبيّة الأخرى.,"Eosinophils are part of the white blood cell community that remove parasitic infections and certain bacteria from the body. They circulate in the blood for short periods of time. When activated, eosinophils move into the affected tissue and secrete inflammatory substances that help destroy the foreign organisms. They are primarily known to help combat intestinal parasites, but their role in the immune system is much more complex",تشكل الخلايا الحمضية جزءًا من خلايا الدم البيضاء التي تقضي على الالتهابات الطفيلية وبعض أنواع البكتيريا في الجسم. وتنتشر في الدم لفترات قصيرة من الزمن. وتنتقل الخلايا الحمضية عند تنشيطها إلى الأنسجة المصابة وتفرز مواد التهابية تساعد في تدمير الكائنات الغريبة. ومن المعروف أنها تساعد في مكافحة الطفيليات المعوية، إلا أن دورها في الجهاز المناعي أكثر تعقيدًا.,"Many factors can lead to having low or high eosinophils levels such as: 
- Infections 
- Chronic inflammation 
- Diseases that damage bone marrow, such as leukemia 
- Certain autoimmune disorders such as rheumatoid arthritis 
- Nutritional deficiencies 
- Stress 
- Excess weight 
- Smoking 
- Certain medications","ينجم ارتفاع مستويات الخلايا الحمضية أو انخفاضها عن عدة أسباب، منها: 
 - الإصابة بالعدوى. 
 - الالتهابات المزمنة. 
 - الأمراض التي تضر بالنخاع العظمي مثل سرطان الدم. 
 - بعض أمراض المناعة الذاتية مثل التهاب المفاصل الروماتويدي. 
 - نقص التغذية. 
 - التوتر. 
 - الوزن الزائد. 
 - التدخين. 
 - بعض أنواع الأدوية.","In case of high or low eosinophils: 
- Quit smoking 
- Maintain a healthy weight 
- Consume a healthy and balanced diet 
- Engage in regular physical activity 
- Consider coaching for stress management and improvement of sleep quality 
- Consult your doctor to rule out any underlying conditions","في حال ارتفاع مستويات الخلايا الحمضية أو انخفاضها: 
 - أقلع عن التدخين. 
 - حافظ على وزن صحي. 
 - تناول غذاء صحيًا ومتوازنًا. 
 - مارس النشاط البدني بانتظام. 
 - استشر مدرب صحي للتدرب على التعامل مع التوتر و تحسين جودة النوم 
 - استشر طبيبك لمعرفة الأسباب الكامنة وراء ذلك.",1,1,1,Low - range: 0 to 0.99 | Low - range: 0 to 0.99 | Normal - range: 0.99 to 6 | Normal - range: 0.99 to 6,0,1,0
124,Cortisol*,"Cortisol is a steroid hormone primarily produced in response to stress and is essential for maintaining health and wellbeing. It also influences your sleep and waking cycle and may impact your body composition, immune function, and libido (sexual drive).","الكورتيزول هو هرمون سترويدي مسؤول بشكل أساسي عن عمليات الأيض في الجسم، ويتم إطلاقه كرد فعل في حالات الضغط. إضافة إلى ذلك, يرطبت الكورتيزول بتركيب الجسم و دورة النوم والاستيقاظ وعمل الجهاز المناعي والرغبة الجنسية.","Cortisol is a steroid hormone produced in response to stress and is essential for maintaining health and wellbeing. It also influences your sleep and waking cycle and may impact your body composition and libido. In addition, long term elevated Cortisol can lead to loss of enthusiasm and lust for life.",يُفرزهرمون الكورتيزول استجابةً للتوتر، وهو أحد الهرمونات الستيرودية التي تعد ضرورية للحفاظ على صحة الجسم. ويؤثر هذا الهرمون على دورة النوم والاستيقاظ، وقد يؤثر على تركيب الجسم والرغبة الجنسية، كما قد يؤدي ارتفاع مستويات هرمون الكورتيزول على المدى الطويل إلى فقدان الحماس والرغبة في الحياة.,"Many factors can lead to having high cortisol levels such as: 
- Chronic stress 
- Overactive adrenal or pituitary glands 
Many factors can lead to having low cortisol levels such as: 
- Disorders of the adrenal glands 
- Certain antifungal medications","ينجم ارتفاع مستويات الكورتيزول عن عدة أسباب، منها: 
 - القلق المزمن. 
 - فرط نشاط الغدة الدرقية أو النخامية. 
 أما انخفاض مستويات الكورتيزول فيرجع إلى عوامل، منها: 
 - اضطرابات الغدة الكظرية. 
 - بعض الأدوية المضادة للفطريات.","In case of high cortisol levels: 
- Consider coaching for stress management, time management, financial management, or relationship management. 
- Eat a nutritious and balanced diet 
- Plan your meals 
- Engage in relaxing activities such as outdoor walk, yoga, or meditation 
In case of low cortisol levels:  
- Consult your doctor to identify the underlying reason","في حال ارتفاع مستويات الكورتيزول: 
 - -استشرمدرب صحي للتدرب على التعامل مع التوتر، أو لإدارة الوقت، أو الإدارة المالية، أو إدارة العلاقات. 
 - اتبع نظام غذائي صحي ومتوازن. 
 - نظم وجباتك. 
 - احرص على ممارسة تمارين الاسترخاء مثل المشي في الهواء الطلق أو ممارسة اليوغا أو التأمل. 
 
 أما في حال انخفاض مستويات الكورتيزول: 
 - استشر طبيبك لمعرفة الأسباب الكامنة وراء ذلك.",1,1,1,Low - range: 0 to 4.2 | Normal - range: 4.2 to 22.4 | Low - range: 0 to 4.2 | Normal - range: 4.2 to 22.4,0,1,0
125,Total Testosterone*,"Testosterone is an androgen (sex hormone) produced by both males and females where males naturally produce it in higher amounts. Testosterone is widely associated with sexual function, however it does play a significant role in regulating other major bodily functions.",يفرز هرمون التستستيرون لدى كلا الجنسين ولكن بكميات أكبر بكثير لدى الرجال، وهو المسؤول عن العلامات الجنسية الثانوية، مثل: تغيير الصوت، وكثرة الشعروكذلك إنتاج الحيوانات المنوية كما وأنه مرتبط بوظائف جسدية أخرى.,"Testosterone is the primary male sex hormone and is responsible of a number of bodily functions such as the development of male characteristics, muscle and bone strength, sperm production, and libido (sex drive). This test measures the amount of total testosterone in the blood.This test is included in Valeo’s comprehensive package",يعد التستوستيرون الهرمون الجنسي الأساسي للذكور والمسؤول عن عدد من وظائف الجسم مثل تطوير الخصائص الذكورية وتقوية العضلات والعظام وإنتاج الحيوانات المنوية وتحفيز الرغبة الجنسية (الدافع الجنسي). ويقيس هذا الفحص كمية هرمون التستوستيرون في الدم.,"Many factors can lead to having high testosterone levels such as: 
- Steroid abuse 
- Adrenal tumors or tumors of the testicles or ovaries  
- A condition known as adrenal hyperplasia 
- Polycystic ovary syndrome 
Many factors can lead to having low testosteronelevels such as: 
- Growing old  
- Adopting unhealthy habits such as smoking  
- Excess weight or underweight below the normal level 
- Pituitary or hypothalamic disorders 
- Infection 
- Immune diseases 
- Hemochromatosis (iron hoarding) 
- Serious illnesses or major surgeries 
- Extreme tension","ينجم ارتفاع مستويات هرمون التستوستيرون عن عدة أسباب، منها: 
 - تعاطي الستيرويدات. 
 - الأورام الكظرية أو أورام الخصيتين أو المبايض. 
 - حالة تُعرف باسم تضخم الغدة الكظرية. 
 - متلازمة تكيس المبايض. 
 أما انخفاض مستويات هرمون التستوستيرون فيرجع إلى عدة عوامل، منها: 
 - تقدم العمر. 
 - اتباع عادات غير صحية مثل التدخين. 
 - الوزن الزائد أو نقص الوزن دون المستوى الطبيعي. 
 - اضطرابات الغدة النخامية أو الهايبوتلاموس. 
 - بعض أنواع العدوى. 
 - بعض أمراض المناعة. 
 - ترسب الأصبغة الدموية (اكتناز الحديد). 
 - الأمراض الخطيرة أو العمليات الجراحية الكبرى. 
 - التوتر الشديد.","In case of high testosterone levels: 
- Consult your doctor to rule out any underlying conditions 
- Maintain a healthy weight 
In case of low testosterone levels: 
- Quit smoking 
- Engage in regular physical activity 
- Consume a healthy and balanced diet rich in protein  
- Consider coaching for stress management and improvement of sleep quality 
- Consider vitamin D supplementation (if deficient) under professional supervision 
- Consult your doctor to rule out any underlying conditions","في حال ارتفاع مستويات هرمون التستوستيرون: 
 - استشر طبيبك لمعرفة الأسباب الكامنة وراء ذلك. 
 - حافظ على وزن صحي. 
 أما في حال انخفاض مستويات هرمون التستوستيرون: 
 - أقلع عن التدخين. 
 - مارس النشاط البدني بانتظام. 
 - اتبع نظامًا صحيًا ومتوازنًا وغنيًا بالبروتين. 
 - استشر مدرب صحي للتدرب على التعامل مع التوتر و تحسين جودة النوم. 
 - تناول المكملات الغذائية لفيتامين د (في حال نقصه)تحت اشراف متخصص. 
 - استشر طبيبك لمعرفة الأسباب الكامنة وراء ذلك.",1,1,1,Normal - range: 1.92 to 7.41 | Low - range: 0 to 1.92 | Normal - range: 1.92 to 7.41 | Low - range: 0 to 1.92,0,1,0
126,Luteinizing hormone (LH)*,Luteinizing hormone (LH) a hormone released by the pituitary gland that controls the functions of the female ovaries and male testes. It is also essential for proper reproductive function.,يعد هرمون ملوتن أحد الهرمونات التي تفرزها الغدة النخامية، ويتحكم في وظائف المبايض عند الإناث والخصيتين عند الذكور. ولهذا الهرمون أهمية أساسية في الصحة الإنجابية.,Luteinizing hormone (LH) a hormone released by the pituitary gland that controls the functions of the female ovaries and male testes. It is also essential for proper reproductive function.,يعد هرمون ملوتن أحد الهرمونات التي تفرزها الغدة النخامية، ويتحكم في وظائف المبايض عند الإناث والخصيتين عند الذكور. ولهذا الهرمون أهمية أساسية في الصحة الإنجابية.,"Many factors can lead to having high LH levels such as: 
- Polycystic ovary syndrome (PCOS) 
- Early (precocious) puberty 
- Genetic abnormalities  
- Tumors in ovaries  
- Disorders of the thyroid gland 
- Testicular failure  
- Viral infections  
Many factors can lead to having low LH levels such as: 
- Hypopituitarism  
- Hypogonadism  
- Delayed puberty 
- Smoking 
- Vitamin D deficiency 
- Tumors in the pituitary gland","ينجم ارتفاع مستويات هرمون ملوتن عن عدة أسباب، منها: 
 - متلازمة تكيس المبايض. 
 - البلوغ المبكر. 
 - الخلل الوراثي. 
 - أورام المبايض. 
 - اضطرابات الغدة الدرقية. 
 - فشل الخصيتين. 
 - العدوى الفيروسية. 
 أما انخفاض مستويات هرمون ملوتن فيرجع إلى عدة عوامل، منها: 
 - قصور الغدة النخامية. 
 - قصور الغدد التناسلية. 
 - تأخر البلوغ. 
 - التدخين. 
 - نقص فيتامين (د). 
 - أورام الغدة النخامية.","In case of high LH levels: 
- Engage in regular physical activity 
- Consume a healthy and balanced diet 
- Consult your doctor to rule out any underlying conditions 
In case of low LH levels: 
- Consume a healthy and balanced diet 
- Quit smoking 
- Consider vitamin D and omega-3 supplementation under professional supervision 
- Consult your doctor to rule out any underlying conditions","في حال ارتفاع مستويات هرمون ملوتن: 
 - مارس النشاط البدني بانتظام. 
 - اتبع نظامًا غذائيًا صحيًا ومتوازنًا. 
 - استشر طبيبك لمعرفة الأسباب الكامنة وراء ذلك. 
 أما في حال انخفاض مستويات هرمون ملوتن: 
 - اتبع نظامًا غذائيًا صحيًا ومتوازنًا. 
 - أقلع عن التدخين. 
 - تناول المكملات الغذائية من فيتامين د وأوميغا 3 تحت اشراف متخصص. 
 - استشر طبيبك لمعرفة الأسباب الكامنة وراء ذلك.",1,1,1,Low - range: 0 to 0.9 | Normal - range: 0.9 to 11.4 | Low - range: 0 to 2.3 | Normal - range: 2.3 to 95.6,0,1,0
127,Prolactin*,"Prolactin (PRL) is a hormone produced by pituitary gland which is located below the brain. Prolactin stimulates breast milk production in women after childbirth. It is also has other wide ranging functions in the body from acting on the reproductive system, to influencing behavior and regulating the immune system.",البرولاكتين أو ما يعرف بإسم هرمون الحليب ينتج من الغدة النخامية في الدماغ بشكل أساسي و هو مسؤول بشكل رئيسي عن تحفيز إنتاج الحليب في ثدي الأم بعد الولادة. يلعب البرولاكتين ايضا دورا مهما في تنظيم سلوك الفرد و الجهاز المناعي و تنظيم عدد من سوائل الجسم.,"Prolactin (PRL) is a hormone produced by pituitary gland which is located below the brain. Prolactin stimulates breast milk production in women after childbirth. It is also has other wide ranging functions in the body from acting on the reproductive system, to influencing behavior and regulating the immune system.This test is included in Valeo's comprehensive package",البرولاكتين أو ما يعرف بإسم هرمون الحليب ينتج من الغدة النخامية في الدماغ بشكل أساسي و هو مسؤول بشكل رئيسي عن تحفيز إنتاج الحليب في ثدي الأم بعد الولادة. يلعب البرولاكتين ايضا دورا مهما في تنظيم سلوك الفرد و الجهاز المناعي و تنظيم عدد من سوائل الجسم.,"Many factors can lead to having high prolactin levels such as: 
- Disorders of the pituitary or thyroid glands 
- Pregnancy or breastfeeding 
- Polycystic Ovary Syndrome (PCOS) 
- Kidney disease 
- Liver disease 
- Certain medications 
- Stress 
Many factors can lead to having low prolactin levels such as: 
- Disorders of the pituitary gland 
- Head injury 
- Certain infections","ينجم ارتفاع مستويات البرولاكتين عن عدة أسباب، منها: 
 - اضطرابات الغدة النخامية أو الغدة الدرقية. 
 - الحمل أو الرضاعة. 
 - متلازمة تكيس المبايض. 
 - أمراض الكلى. 
 - أمراض الكبد. 
 - بعض الأدوية. 
 - التوتر. 
 أما انخفاض مستويات البرولاكتين فيرجع إلى عوامل، منها: 
 - اضطرابات الغدة النخامية. 
 - إصابات الرأس. 
 - بعض أنواع الالتهابات.","In case of high prolactin levels: 
- Consume food that are rich in zinc and vitamin B6 such as meats, shellfish, fruits, and vegetables (dark leafy greens, bananas, papayas, oranges, and cantaloupe) 
- Consider coaching for stress management 
- Consult your doctor to identify the underlying reason 
In case of low prolactin levels: 
- Consume foods that aid with lactation such as spinach, oatmeal, nuts, seeds, ginger, asparagus, and brewer's yeast 
- Consult your doctor to identify the underlying reason","في حال ارتفاع مستويات البرولاكتين: 
 - تناولي الأطعمة الغنية بالزنك وفيتامين (ب6)، مثل: اللحوم والمحار والفواكه والخضروات (الخضروات الورقية الداكنة والموز والبابايا والبرتقال والشمام). 
 -استشيري مدرب صحي للتدرب على التعامل مع التوتر. 
 - استشيري طبيبك لمعرفة الأسباب الكامنة وراء ذلك. 
 أما في حال انخفاض مستويات البرولاكتين: 
 - تناولي الأطعمة التي تساعد على الإرضاع مثل السبانخ ودقيق الشوفان والمكسرات والحبوب والزنجبيل والهليون وخميرة البيرة. 
 - استشيري طبيبك لمعرفة الأسباب الكامنة وراء ذلك.",1,1,1,Low - range: 0 to 4.03 | Normal - range: 4.03 to 15.2 | Low - range: 0 to 4.78 | Normal - range: 4.78 to 23.3,0,1,0
128,Ferritin*,"Ferritin stores iron and transports it to where it is required. In blood, it is a key indicator of total iron stores.",الفريتين هو مخزن الحديد الأكبر في الجسم، وبالتالي يسمح قياس مستوى الفيريتين في المصل بتحديد حجم مخزون الحديد في الجسم، وبواسطة هذا الفحص يمكن تشخيص سبب وجود فقر الدم.,"Ferritin stores iron and transports it to where it is required. In blood, it is a key indicator of total iron stores.",الفريتين هو مخزن الحديد الأكبر في الجسم، وبالتالي يسمح قياس مستوى الفيريتين في المصل بتحديد حجم مخزون الحديد في الجسم، وبواسطة هذا الفحص يمكن تشخيص سبب وجود فقر الدم.,"""Many factors can lead to having high ferritin levels such as: 
- Iron overload 
- Excessive alcohol consumption 
- Certain infections 
Many factors can lead to having low ferritin levels such as: 
- Iron deficiency anemia 
- Fatigue 
- Chronic intestinal bleeding 
- Disorders of the thyroid gland 
- Anxiety and depression 
- Hormonal therapy 
- Certain medications""","""ينجم ارتفاع مستوى الفيريتين عن عدة أسباب، منها: 
 - زيادة مستويات الحديد 
 - تناول الكحول بكثرة  
 - الالتهابات. 
 أما انخفاض مستوى الفيريتين فيرجع إلى عدة عوامل، منها: 
 - نقص في مستويات الحديد 
 - الارهاق 
 - النزيف المعوي المزمن 
 - القلق والاكتئاب 
 - أمراض الغدة الدرقية 
 - العلاج الهرموني 
 - بعض أنواع الأدوية.""","""In case of high ferritin levels: 
- Avoid all iron containing supplementation under professional supervision 
- Consume foods rich in fiber and phytic acid such as whole grains and chili 
- Donate blood regularly 
- Avoid vitamin C containing supplementation 
- Consume tea or coffee moderately 
- Avoid using cast iron utensils 
- Consult your doctor to rule out any underlying conditions 
In case of low ferritin levels: 
- Consume iron rich foods such as organ meats, fish and seafood, poultry, dark leafy vegetables, and beans 
- Consume foods rich in vitamin C such as colored vegetables and citrus fruits 
- Consider iron supplementation under professional supervision 
 
 *Iron biomarkers are best interpreted in the context of the entire iron profile.""","""في حال ارتفاع مستويات الفيريتين: 
 - تجنب تناول المكملات التي تحتوي على الحديد إلا بإشراف طبيّ. 
 - تناول الأطعمة الغنية بالألياف وحمض الفيتيك مثل الحبوب الكاملة والفلفل الحار. 
 - احرص على التبرع بالدم بانتظام. 
 - تجنب المكملات التي تحتوي على فيتامين سي. 
 - احرص على الاعتدال في تناول الشاي أو القهوة. 
 - تجنب استخدام الأواني المصنوعة من الحديد. 
 - استشر طبيبك لمعرفة الأسباب الكامنة وراء ذلك. 
 أما في حال انخفاض مستويات الفيريتين: 
 - تناول الأطعمة الغنية بالحديد مثل اللحوم والأسماك والمأكولات البحرية والدواجن والخضروات الورقية الداكنة والبقوليات. 
 - تناول الأطعمة الغنية بفيتامين سي مثل الخضروات الملونة والحمضيات. 
 - تناول مكملات الحديد تحت اشراف متخصصّ. 
 
 * من الأفضل تفسير المؤشرات الحيوية للحديد بعد إجراء فحوصات الحديد الشاملة.""",1,1,1,Low - range: 0 to 29 | Normal - range: 29 to 400 | Normal - range: 12 to 150 | Low - range: 0 to 12,0,1,0
129,WBC: Basophils*,Basophils are part of the white blood cell community that protect against parasites and certain bacteria. They also involved in responses to allergic reactions.,هي نوع من أنواع كريات الدم البيضاء وهى التى تحذر الجسم من وجود عدوى أو بكتيريا ، فتقوم بإرسال مواد كيميائية فى مسار الدم. وتلعب هذه الخلايا دوراً في مكافحة الحساسية أيضًا.,Basophils are part of the white blood cell community that protect against parasites and certain bacteria. They also involved in responses to allergic reactions,تعد الخلايا القاعدية جزءًا من مجتمع خلايا الدم البيضاء التي تحمي الجسم من الطفيليات وبعض أنواع البكتيريا، كما تؤدي دورًا في الحماية من أمراض الحساسية.,"Many factors can lead to having low or high basophils levels such as: 
- Infections 
- Chronic inflammation 
- Diseases that damage bone marrow, such as leukemia 
- Certain autoimmune disorders such as rheumatoid arthritis 
- Nutritional deficiencies 
- Stress 
- Excess weight 
- Smoking 
- Certain medications","ينجم ارتفاع مستويات الخلايا القاعدية أو انخفاضها عن عدة أسباب، منها: 
 - الإصابة بالعدوى. 
 - الالتهابات المزمنة. 
 - الأمراض التي تضر بالنخاع العظمي مثل سرطان الدم. 
 - بعض أمراض المناعة الذاتية مثل التهاب المفاصل الروماتويدي. 
 - نقص التغذية. 
 - التوتر. 
 - الوزن الزائد. 
 - التدخين. 
 - بعض أنواع الأدوية.","In case of high or low basophils: 
- Quit smoking 
- Maintain a healthy weight 
- Consume a healthy and balanced diet 
- Engage in regular physical activity 
- Consider coaching for stress management and improvement of sleep quality 
- Consult your doctor to rule out any underlying conditions","في حال ارتفاع مستويات الخلايا القاعدية أو انخفاضها: 
 - أقلع عن التدخين. 
 - حافظ على وزن صحي. 
 - تناول غذاء صحيًا ومتوازنًا. 
 - مارس النشاط البدني بانتظام. 
 - استشر مدرب صحي للتدرب على التعامل مع التوتر و تحسين جودة النوم. 
 - استشر طبيبك لمعرفة الأسباب الكامنة وراء ذلك.",1,1,1,Normal - range: 0 to 2 | Normal - range: 0 to 2,0,1,0
130,AST (Aspartate Amino Transferase)*,"AST is an enzyme found mostly in the liver, heart, and muscles. If you have a liver is damaged, it then releases AST. This test forms part of any full spectrum liver function analysis.",ناقلة أمين الأسبارتات (AST) هو إنزيم يُوجَد عادة في الدم بمستويات مُنخفضة. قد تُشير زيادة مستويات إنزيم ناقلة أمين الأسبارتات (AST) إلى وجود تلَف في الكبد أو الإصابة بأحد الأمراض أو وجود تلَف بالعضلات.,"AST (aspartate aminotransferase), also known as SGOT, is an enzyme that is found mostly in the liver, but also in muscles. AST is released into the bloodstream when the liver is damaged and is therefore used to assess liver health and diagnose liver damage or disease.","يعرف إنزيم ناقلة أمين الأسبارتات باسم ""SGOT"" أيضًا، ويوجد في الكبد غالبًا وبنسبة معينة في العضلات أيضًا. ويُفرز إنزيم ناقلة الأسبارتات إلى مجرى الدم عندما يتضرر الكبد، لذا يعتبر مؤشرًا للاستدلال على صحة الكبد وبالتالي يتيح تشخيص تلف الكبد أو إصابته بأي مرض.","Many factors can lead to having high AST levels such as: 
- Excessive alcohol consumption 
- Inadequate diet 
- Liver damage or disease 
- Heart conditions 
- Liver conditions 
- Certain medications 
Many factors can lead to having low AST levels such as: 
- Vitamin B6 deficiency 
- Smoking 
- Oral contraceptives or hormonal replacement therapy 
- Kidney disease","ينجم ارتفاع مستويات ناقلة أمين الأسبارتات عن عدة أسباب، منها: 
 - الإفراط في شرب الكحول. 
 - نقص التغذية. 
 - أمراض الكبد أو تلفه. 
 - أمراض القلب. 
 - أمراض الكبد. 
 - بعض أنواع الأدوية. 
 أما انخفاض مستويات ناقلة أمين الأسبارتات فيرجع إلى عدة عوامل، منها: 
 - نقص فيتامين (ب6). 
 - التدخين. 
 - حبوب منع الحمل أو العلاج بالهرمونات البديلة. 
 - أمراض الكلى.","In case of high AST levels: 
- Moderate alcohol consumption 
- Consume a healthy and balanced diet  
- Consult your doctor to rule out any underlying conditions 
In case of low AST levels: 
- Moderate alcohol consumption 
- Consult your doctor to rule out any underlying conditions 
 
*Liver biomarkers are best interpreted in the context of the entire liver profile.","في حال ارتفاع مستويات ناقلة أمين الأسبارتات: 
 - الاعتدال في شرب الكحول. 
 - اتبع نظامًا غذائيًا صحيًا ومتوازنًا. 
 - استشر طبيبك لمعرفة الأسباب الكامنة وراء ذلك. 
 أما في حال انخفاض مستويات ناقلة أمين الأسبارتات: 
 - الاعتدال في شرب الكحول. 
 - استشر طبيبك لمعرفة الأسباب الكامنة وراء ذلك. 
 
 * من الأفضل تفسير المؤشرات الحيوية للكبد بعد إجراء كافة فحوصات وظائف الكبد.",1,1,1,Normal - range: 0 to 40 | Normal - range: 0 to 32,0,1,0
131,LDL/HDL Ratio*,"This calculated number refers to the ratio of ""bad cholesterol"" to ""good cholesterol"" in your body and used a marker for the risk of heart diseases whereby a higher ratio signifies a higher risk.",يمثل هذا المعدل المحتسب نسبة الكوليسترول السيئ على نسبة الكوليسترول الجيد و يشير ارتفاع هذه النسبة إلى زيادة خطر الإصابة بمرض بالقلب.,"LDL/HDL ratio is a calculated number that refers to the ratio of ""bad cholesterol"" to ""good cholesterol"" in the body and is used as a marker for the risk of heart diseases whereby a higher ratio signifies a higher risk.",يمثل هذا المعدل نسبة الكوليسترول الضار على نسبة الكوليسترول الجيد و يشير ارتفاع هذه النسب إلى زيادة خطر الإصابة بمرض بالقلب.,"Many factors can lead to having high LDL/HDL ratio levels such as: 
- Genetics 
- Aging 
- Unhealthy lifestyle habits such as smoking and a diet high in refined carbohydrates (like white bread and sugars) 
- Excess weight 
- Certain medications such as steroids 
Many factors can lead to having low LDL/HDL ratio levels (within normal ranges) (desirable) such as: 
- Genetics  
- Consuming a balanced diet and leading a healthy lifestyle","ينجم إرتفاع معدل الكوليسترول السيئ/ الكوليسترول الجيد عن عدة أسباب، منها: 
 - إتباع نمط حياة وعادات غذائية غير صحية مثل التدخين وتناول الأطعمة العالية بالدهون ولكربوهيدرات المصنعة بكثرة. 
 - الوزن الزائد. 
 - العمر. 
 أما إنخفاض معدل الكوليسترول السيئ/ الكوليسترول الجيد فهو أمر محبب متعلق ب: 
 - عوامل وراثية. 
 - إتباع نظام غذائي ونمط حياة صحيين.","In case of high LDL/HDL ratio levels:  
- Consume a healthy diet that is low in cholesterol and simple carbohydrates such as sugar and white flour, and rich in fibers and plant sterols (found in vegetable margarine and nuts) 
- Engage in regular physical activity (the kind that gets your heart pumping is best) 
- Maintain a healthy weight as losing even 2 to 5 kilograms can improve your cholesterol levels 
- Quit smoking 
- Consult your doctor for advice on medication 
In case of low LDL/HDL ratio levels: 
- Low levels are usually desirable. Consult your doctor in case of levels below normal ranges 
 
*Cholesterol biomarkers are best interpreted in the context of the entire cholesterol profile.","في حال ارتفاع معدل الكوليسترول الضار/ الكوليسترول الجيد: 
 
 - اتبع نظامًا غذائيًا صحيًا يحتوي على معدلات منخفضة من الدهون المصنعة والكربوهيدرات البسيطة مثل السكر، وغني بالألياف وستيرول النباتات (الموجود في السمن النباتي والمكسرات). 
 - مارس النشاط البدني بانتظام، مع التركيز على التمارين التي ترفع معدل نبضات القلب وتحسن تدفق الدم. 
 - حافظ على وزن صحي، إذ يمكن لفقدان ما بين 2 إلى 5 كيلوغرامات تحسين مستويات الكوليسترول في الدم. 
 - أقلع عن التدخين. 
 - استشر طبيبك فيما يخص الأدوية. 
 أما في حال انخفاض معدل الكوليسترول الضار/ الكوليسترول الجيد: 
 - عادةً ما تكون المستويات المنخفضة صحيةً أكثر، ولكن استشر طبيبك في حال انخفاض المستوى عن المعدلات الطبيعية. 
 
 * من الأفضل تفسير المؤشرات الحيوية للكوليسترول بعد إجراء تحليلات شاملة للدهنيات في الدم.",1,1,1,Normal - range: 0 to 3.5 | Normal - range: 0 to 3.5,0,1,0
132,Triglycerides*,"Triglycerides are lipids (waxy fats) that give your body energy. Your body makes triglycerides and also gets it from the foods you eat. High triglycerides combined with high cholesterol raise your risk of heart attack, strokes, and other health issues.",الدهون الثلاثية (Triglycerides)، هي إحدى أنواع الدهون التي يستخدمها الجسم كمصدر للطاقة. يحصل الجسم على الدهون الثلاثية من مصادر الغذاء المختلفة، حيث تعد المكون الرئيسي للزيوت النباتية. كذلك، تصنع الدهون الثلاثية داخل الجسم بواسطة الكبد. يعد ارتفاع مستوى الدهون الثلاثية في الدم بالإضافة إلى ارتفاع مستوى الكوليسترول من عوامل الخطورة للإصابة بأمراض القلب، والسكتات الدماغية، وتصلب الشرايين.,"Triglycerides are lipids (waxy fats) that give energy to the body. The body can make triglycerides and can also get them from foods. High triglycerides combined with high cholesterol raise the risk of heart attack, strokes, and other health issues.",الدهون الثلاثية (Triglycerides)، هي إحدى أنواع الدهون التي يستخدمها الجسم كمصدر للطاقة. يحصل الجسم على الدهون الثلاثية من مصادر الغذاء المختلفة، حيث تعد المكون الرئيسي للزيوت النباتية. كذلك، تصنع الدهون الثلاثية داخل الجسم بواسطة الكبد. يعد ارتفاع مستوى الدهون الثلاثية في الدم بالإضافة إلى ارتفاع مستوى الكوليسترول من عوامل الخطورة للإصابة بأمراض القلب، والسكتات الدماغية، وتصلب الشرايين.,"Many factors can lead to having high triglycerides levels such as: 
- Genetics 
- Aging 
- Unhealthy lifestyle habits such as smoking and a diet high in refined carbohydrates (like white bread and sugars) 
- Excess weight 
- Certain medications such as steroids 
Many factors can lead to having low triglycerides levels (within normal/desirable ranges) such as: 
- Genetics  
- Consuming a balanced diet and leading a healthy lifestyle","ينجم إرتفاع مستوى الدهون الثلاثية (TG) عن عدة أسباب، منها: 
 - إتباع نمط حياة وعادات غذائية غير صحية مثل التدخين وتناول الأطعمة العالية بالدهون ولكربوهيدرات المصنعة بكثرة. 
 - الوزن الزائد. 
 - العمر. 
 أما إنخفاض مستوى الدهون الثلاثية (TG) فهو أمر محبب متعلق ب: 
 - عوامل وراثية. 
 - إتباع نظام غذائي ونمط حياة صحيين.","In case of high triglycerides levels:  
- Consume a healthy diet that is low in cholesterol and simple carbohydrates such as sugar and white flour, and rich in fibers and plant sterols (found in vegetable margarine and nuts) 
- Engage in regular physical activity. The kind that gets your heart pumping is best 
- Maintain a healthy weight Losing even 2 to 5 kilograms can improve your cholesterol levels 
- Quit smoking 
- Consult your doctor for advice on medication 
In case of low triglycerides levels: 
- Low levels are usually desirable. Consult your doctor in case of levels below normal ranges 
 
*Cholesterol biomarkers are best interpreted in the context of the entire cholesterol profile.","في حال ارتفاع مستويات الدهون الثلاثية: 
 - اتبع نظامًا غذائيًا صحيًا يحتوي على معدلات منخفضة من الدهون المصنعة والكربوهيدرات البسيطة مثل السكر، وغني بالألياف وستيرول النباتات (الموجود في السمن النباتي والمكسرات). 
 - مارس النشاط البدني بانتظام، مع التركيز على التمارين التي ترفع معدل نبضات القلب وتحسن تدفق الدم. 
 - حافظ على وزن صحي، إذ يمكن لفقدان ما بين 2 إلى 5 كيلوغرامات تحسين مستويات الكوليسترول في الدم. 
 - أقلع عن التدخين. 
 - استشر طبيبك فيما يخص الأدوية. 
 أما في حال انخفاض مستويات الدهون الثلاثية: 
 - عادةً ما تكون المستويات المنخفضة صحيةً أكثر، ولكن استشر طبيبك في حال انخفاض المستوى عن المعدلات الطبيعية. 
 
 * من الأفضل تفسير المؤشرات الحيوية للكوليسترول بعد إجراء تحليلات شاملة للدهنيات في الدم.",1,1,1,Optimal - range: 0 to 149 | Moderate - range: 149 to 200 | Optimal - range: 0 to 149 | Moderate - range: 149 to 200,0,1,0
133,Direct Bilirubin (Conjugated)*,"Bilirubin is a waste product primarily produced by the normal breakdown of hemoglobin which is the compound in red blood cells that allows them to carry oxygen. Before its excretion out of the body, bilirubin passes through two phases. In the first phase, bilirubin binds to albumin, which allows it to be carried from the blood and into the liver. Bilirubin in this phase is called “indirect” or “unconjugated” bilirubin.
In the second phase, bilirubin gets attached to sugar molecules which makes it water-soluble; bilirubin can then be excreted in bile and eliminated in the stool. Bilirubin in this second phase is called “direct” or “conjugated” bilirubin.","يعد البيليروبين أحد الفضلات الناتجة بشكل أساسي عن التفكك الطبيعي للهيموغلوبين، وهو المركب الموجود في خلايا الدم الحمراء الذي يسمح لها بنقل الأكسجين. ويمر البيليروبين بمرحلتين قبل طرحه من الجسم، إذ يرتبط في المرحلة الأولى بالألبومين الذي يسمح بنقله من الدم إلى الكبد، ويُسمى في هذه المرحلة بالبيليروبين ""غير المباشر"" أو ""غير المقترن"". أما في المرحلة الثانية، فيرتبط البيليروبين بجزئيات السكر، مما يجعلها قابلة للذوبان في الماء، ومن ثم يُفرز في المرارة ويتم التخلص منه من خلال البراز، ويُسمى في هذه المرحلة بالبيليروبين ""المباشر"" أو المقترن.","Bilirubin is a waste product primarily produced by the normal breakdown of hemoglobin which is the compound in red blood cells that allows them to carry oxygen. Before its excretion out of the body, bilirubin passes through two phases. In the first phase, bilirubin binds to albumin, which allows it to be carried from the blood and into the liver. Bilirubin in this phase is called “indirect” or “unconjugated” bilirubin. 
In the second phase, bilirubin gets attached to sugar molecules which makes it water-soluble; bilirubin can then be excreted in bile and eliminated in the stool. Bilirubin in this second phase is called “direct” or “conjugated” bilirubin.","يعد البيليروبين أحد الفضلات الناتجة بشكل أساسي عن التفكك الطبيعي للهيموغلوبين، وهو المركب الموجود في خلايا الدم الحمراء الذي يسمح لها بنقل الأكسجين. ويمر البيليروبين بمرحلتين قبل طرحه من الجسم، إذ يرتبط في المرحلة الأولى بالألبومين الذي يسمح بنقله من الدم إلى الكبد، ويُسمى في هذه المرحلة بالبيليروبين ""غير المباشر"" أو ""غير المقترن"". أما في المرحلة الثانية، فيرتبط البيليروبين بجزئيات السكر، مما يجعلها قابلة للذوبان في الماء، ومن ثم يُفرز في المرارة ويتم التخلص منه من خلال البراز، ويُسمى في هذه المرحلة بالبيليروبين ""المباشر"" أو المقترن.","Many factors can lead to having high direct bilirubin levels such as: 
- Dehydration 
- Liver disease 
- Gallstones 
- Gallbladder inflammation 
- Pancreas inflammation (pancreatitis) 
- Appendix inflammation (appendicitis) 
Many factors can lead to having low direct bilirubin levels such as: 
- Excessive caffeine consumption 
- Certain medications such as NSAIDs","ينجم ارتفاع مستويات البيليروبين المباشرعن عدة أسباب، منها:  
 - الجفاف. 
 - أمراض الكبد. 
 - حصى المرارة. 
 - التهاب المرارة. 
 - التهاب البنكرياس. 
 - التهاب الزائدة الدودية. 
 أما انخفاض مستويات البيليروبين المباشرفيرجع إلى عدة عوامل، منها: 
 - الإفراط في استهلاك الكافيين. 
 - تناول بعض الأدوية مثل المسكنات.","In case of high direct bilirubin levels: 
- Ensure you are well hydrated 
- Consult your doctor to rule out any underlying conditions 
In case of low direct bilirubin levels:  
- Consult your doctor to rule out any underlying conditions 
 
*Liver biomarkers are best interpreted in the context of the entire liver profile.","في حال ارتفاع مستويات البيليروبين المباشر: 
 - احرص على شرب كمية وافرة من السوائل. 
 - استشر طبيبك لمعرفة الأسباب الكامنة وراء ذلك 
 أما في حال انخفاض مستويات البيليروبين المباشر: 
 - استشر طبيبك لمعرفة الأسباب الكامنة وراء ذلك. 
 
 * من الأفضل تفسير المؤشرات الحيوية للكبد بعد إجراء كافة فحوصات وظائف الكبد.",1,1,1,Normal - range: 0 to 0.25 | Normal - range: 0 to 0.25,0,1,0
134,A/G Ratio*,"The albumin/globulin ratio (A/G ratio for short) is a test that compares the concentrations of albumin and globulin in the blood. Albumin and globulin are proteins that are naturally found in the serum, the liquid part of your blood that doesn't include blood cells or clotting components. An imbalance in the ratio of albumin to globulin may signify ongoing inflammation, liver problems, or in rare cases immunodeficiency.",يقارن فحص نسبة الألبومين إلى الجلوبيولين بين تركيزات الألبومين والجلوبيولين في الدم. والألبومين والجلوبيولين هما بروتينان يوجدان بشكل طبيعي في مصل الدم، وهو الجزء السائل من الدم الذي لا يحتوي على خلايا الدم أو مكونات التخثر. وقد يشير عدم التوازن في نسبة الألبومين إلى الجلوبيولين إلى التهاب مستمر أو مشكلات في الكبد أو نقص المناعة في حالات نادرة.,"The albumin/globulin ratio (A/G ratio for short) is a test that compares the concentrations of albumin and globulin in the blood. Albumin and globulin are proteins that are naturally found in the serum, the liquid part of your blood that doesn't include blood cells or clotting components. An imbalance in the ratio of albumin to globulin may signify ongoing inflammation, liver problems, or in rare cases immunodeficiency.",يقارن فحص نسبة الألبومين إلى الجلوبيولين بين تركيزات الألبومين والجلوبيولين في الدم. والألبومين والجلوبيولين هما بروتينان يوجدان بشكل طبيعي في مصل الدم، وهو الجزء السائل من الدم الذي لا يحتوي على خلايا الدم أو مكونات التخثر. وقد يشير عدم التوازن في نسبة الألبومين إلى الجلوبيولين إلى التهاب مستمر أو مشكلات في الكبد أو نقص المناعة في حالات نادرة.,"Many factors can lead to having high A/G ratio levels such as: 
- High albumin due to dehydration 
- High protein intake 
- Low globulin due to inadequate diet 
- Kidney disease 
- Certain medications 
Many factors can lead to having low A/G ratio levels such as: 
- Low albumin or high globulin due to infection or inflammation 
- Gut disorders such as Crohn's disease or Celiac disease 
- Kidney disease 
- Liver disease 
- Excess weight 
- Certain medications","ينجم ارتفاع نسبة الألبومين إلى الجلوبيولين عن عدة أسباب، منها: 
 - ارتفاع نسبة الألبومين نتيجة الجفاف. 
 - تناول نسبة عالية من البروتين. 
 - انخفاض نسبة الجلوبيولين بسبب سوء التغذية. 
 - أمراض الكلى. 
 - بعض أنواع الأدوية. 
 أما انخفاض نسبة الألبومين إلى الجلوبيولين فيرجع إلى عدة عوامل، منها: 
 - انخفاض نسبة الألبومين أو ارتفاع نسبة الجلوبيولين نتيجة عدوى أو التهاب. 
 - اضطرابات القناة الهضمية مثل مرض كرون أو الداء الزلاقي. 
 - أمراض الكلى. 
 - أمراض الكبد. 
 - الوزن الزائد. 
 - بعض أنواع الأدوية.","In case of high A/G ratio levels: 
- Consult your doctor to identify the underlying reason 
In case of low A/G ratio levels: 
- Consult your doctor to identify the underlying reason 
*Liver biomarkers are best interpreted in the context of the entire liver profile.","في حال ارتفاع نسبة الألبومين إلى الجلوبيولين: 
 - استشر طبيبك لمعرفة الأسباب الكامنة وراء ذلك. 
 أما في حال انخفاض نسبة الألبومين إلى الجلوبيولين: 
 - استشر طبيبك لمعرفة الأسباب الكامنة وراء ذلك. 
 * من الأفضل تفسير المؤشرات الحيوية للكبد بعد إجراء كافة فحوصات وظائف الكبد.",1,1,1,Low - range: 0 to 1.1 | Low - range: 0 to 1.1 | Normal - range: 1.1 to 2.2 | Normal - range: 1.1 to 2.2,0,1,0
135,Total Cholesterol/HDL Ratio*,This calculated number refers to the ratio of total cholesterol to HDL cholesterol (good cholesterol) in your body and is used a marker to asses the risk of developing heart diseases whereby a higher ratio signifies a higher risk.,يمثل هذا المعدل المحتسب نسبة اجمالي الكوليستيرول على نسبة كوليستيرول البروتين الدهني العالي الكثافة (الكوليسترول الجيد) و يشير ارتفاع هذه النسبة إلى زيادة خطر الإصابة بمرض بالقلب.,The total cholesterol/HDL ratio is a calculated number that refers to the ratio of total cholesterol to HDL cholesterol (good cholesterol) in the body and is used a marker to assess the risk of developing heart diseases whereby a higher ratio signifies a higher risk.,يمثل هذا المعدل المحتسب نسبة اجمالي الكوليستيرول على نسبة كوليستيرول البروتين الدهني العالي الكثافة (الكوليسترول الجيد) ويشير ارتفاع هذه النسبة إلى زيادة خطرالإصابة بمرض بالقلب.,"Many factors can lead to having high total cholesterol/HDL ratio levels such as: 
- Genetics 
- Aging 
- Unhealthy lifestyle habits such as smoking and a diet high in refined carbohydrates (like white bread and sugars) 
- Excess weight 
- Certain medications such as steroids 
Many factors can lead to having low total cholesterol/HDL ratio levels (within normal ranges) (desirable) such as: 
- Genetics  
- Consuming a balanced diet and leading a healthy lifestyle","ينجم إرتفاع نسبة اجمالي الكوليستيرول/البروتين الدهني العالي الكثافة عن عدة أسباب، منها: 
 - إتباع نمط حياة وعادات غذائية غير صحية مثل التدخين وتناول الأطعمة العالية بالدهون ولكربوهيدرات المصنعة بكثرة. 
 - الوزن الزائد. 
 - العمر. 
 أما إنخفاض نسبة اجمالي الكوليستيرول/البروتين الدهني العالي الكثافة فهو أمر محبب متعلق ب: 
 - عوامل وراثية. 
 - إتباع نظام غذائي ونمط حياة صحيين.","In case of high total cholesterol/HDL ratio levels:  
- Consume a healthy diet that is low in cholesterol and simple carbohydrates such as sugar and white flour, and rich in fibers and plant sterols (found in vegetable margarine and nuts) 
- Engage in regular physical activity. The kind that gets your heart pumping is best 
- Maintain a healthy weight Losing even 2 to 5 kilograms can improve your cholesterol levels 
- Quit smoking 
- Consult your doctor for advice on medication 
In case of low total cholesterol/HDL ratio levels: 
- Low levels are usually desirable. Consult your doctor in case of levels below normal ranges 
 
*Cholesterol biomarkers are best interpreted in the context of the entire cholesterol profile.","في حال ارتفاع مستويات الدهون الثلاثية: 
 - اتبع نظامًا غذائيًا صحيًا يحتوي على معدلات منخفضة من الدهون المصنعة والكربوهيدرات البسيطة مثل السكر، وغني بالألياف وستيرول النباتات (الموجود في السمن النباتي والمكسرات). 
 - مارس النشاط البدني بانتظام، مع التركيز على التمارين التي ترفع معدل نبضات القلب وتحسن تدفق الدم. 
 - حافظ على وزن صحي، إذ يمكن لفقدان ما بين 2 إلى 5 كيلوغرامات تحسين مستويات الكوليسترول في الدم. 
 - أقلع عن التدخين. 
 - استشر طبيبك فيما يخص الأدوية. 
 أما في حال انخفاض مستويات الدهون الثلاثية: 
 - عادةً ما تكون المستويات المنخفضة صحيةً أكثر، ولكن استشر طبيبك في حال انخفاض المستوى عن المعدلات الطبيعية. 
 
 * من الأفضل تفسير المؤشرات الحيوية للكوليسترول بعد إجراء تحليلات شاملة للدهنيات في الدم.",1,1,1,Normal - range: 0 to 4.9 | Normal - range: 0 to 4.9,0,1,0
136,Lactate Dehydrogenase (LDH),"Lactate dehydrogenase (also known as lactic acid dehydrogenase, LDH, or LD) is an enzyme found in almost all living things. It plays an important role in energy production in the body.",إنزيم نازعة هيدروجين اللاكتات (المعروف أيضًا باسم نازعة هيدروجين حمض اللاكتيك ، LDH ، أو LD) هو إنزيم موجود في جميع الكائنات الحية تقريبًا. يلعب دورًا مهمًا في إنتاج الطاقة في الجسم.,"Lactate dehydrogenase (also known as lactic acid dehydrogenase, LDH, or LD) is an enzyme found in almost all living things. It plays an important role in energy production in the body.",إنزيم نازعة هيدروجين اللاكتات (المعروف أيضًا باسم نازعة هيدروجين حمض اللاكتيك ، LDH ، أو LD) هو إنزيم موجود في جميع الكائنات الحية تقريبًا. يلعب دورًا مهمًا في إنتاج الطاقة في الجسم.,"Many factors can lead to having high LDH levels such as: 
- Excessive exercise 
- Certain infections  
- Heart disease 
- Liver or liver disease 
- Muscle injury 
- Smoking 
- Excessive alcohol consumption 
Many factors can lead to having low LDH levels such as: 
- Genetic mutation (very rare) 
- High vitamim C intake (may lead to falsely low LDH)","Many factors can lead to having high LDH levels such as: 
- Excessive exercise 
- Certain infections  
- Heart disease 
- Liver or liver disease 
- Muscle injury 
- Smoking 
- Excessive alcohol consumption 
Many factors can lead to having low LDH levels such as: 
- Genetic mutation (very rare) 
- High vitamim C intake (may lead to falsely low LDH)","In case of high LDH levels: 
- Allow recovery time between exercise sessions 
- Consult your doctor to rule out any underlying conditions 
In case of low LDH levels: 
- Consult your doctor to identify the underlying reason","In case of high LDH levels: 
- Allow recovery time between exercise sessions 
- Consult your doctor to rule out any underlying conditions 
In case of low LDH levels: 
- Consult your doctor to identify the underlying reason",1,1,1,Normal - range: 9 to 480 | Low - range: 0 to 9 | Normal - range: 9 to 480 | Low - range: 0 to 9 | Normal - range: 120 to 260 | Low - range: 0 to 120 | High - range: 260 to 356.5 | Normal - range: 120 to 260 | Low - range: 0 to 120 | High - range: 260 to 356.5,1,1,1
137,Homocysteine,"This test meausres the amount of the amino acid homocysteine in the blood which is used to find out if there is vitamin B12, folate, or vitamin B6 deficiency, check for heart disease in people at high risk, and help diagnose homocystinuria, a rare genetic disorder.",يقيس هذا الاختبار كمية الهوموسيستين وهو حمض أميني في الدم يستخدم لمعرفة ما إذا كان هناك نقص في فيتامين ب 12 أو حمض الفوليك أو فيتامين ب 6 ، أو للتحقق من الإصابة بأمراض القلب لدى الأشخاص المعرضين للخطر ، أو للمساعدة في تشخيص الهوموسيستينوريا ، وهي اضطراب وراثي نادر.,"This test meausres the amount of the amino acid homocysteine in the blood which is used to find out if there is vitamin B12, folate, or vitamin B6 deficiency, check for heart disease in people at high risk, and help diagnose homocystinuria, a rare genetic disorder.",يقيس هذا الاختبار كمية الهوموسيستين وهو حمض أميني في الدم يستخدم لمعرفة ما إذا كان هناك نقص في فيتامين ب 12 أو حمض الفوليك أو فيتامين ب 6 ، أو للتحقق من الإصابة بأمراض القلب لدى الأشخاص المعرضين للخطر ، أو للمساعدة في تشخيص الهوموسيستينوريا ، وهي اضطراب وراثي نادر.,"Many factors can lead to having high homocysteine levels such as: 
- B vitamin deficiency 
- Smoking 
- Excessive alcohol consumption 
- Stress 
- Kidney disease 
- Certain medications 
Many factors can lead to having low homocysteine levels such as: 
- Inadequate protein intake 
- Inflammation and oxidative stress","Many factors can lead to having high homocysteine levels such as: 
- B vitamin deficiency 
- Smoking 
- Excessive alcohol consumption 
- Stress 
- Kidney disease 
- Certain medications 
Many factors can lead to having low homocysteine levels such as: 
- Inadequate protein intake 
- Inflammation and oxidative stress","In case of high homocysteine levels: 
- Adopt a healthy and balanced diet 
- Consider a B complex supplementation under professional supervision 
- Engage in regular physical activity 
- Quit smoking 
- Avoid alcohol consumption 
- Consider coaching for stress management 
In case of low homocysteine levels: 
- Increase protein intake 
- Consult yur docor to rule out any underlying conditions","In case of high homocysteine levels: 
- Adopt a healthy and balanced diet 
- Consider a B complex supplementation under professional supervision 
- Engage in regular physical activity 
- Quit smoking 
- Avoid alcohol consumption 
- Consider coaching for stress management 
In case of low homocysteine levels: 
- Increase protein intake 
- Consult yur docor to rule out any underlying conditions",1,1,1,Normal - range: 5.46 to 16.2 | Low - range: 0 to 5.46 | Normal - range: 5.46 to 16.2 | Low - range: 0 to 5.46 | High - range: 14.65 to 50 | Normal - range: 4.38 to 14.65 | Low - range: 0 to 4.38 | High - range: 14.65 to 50 | Normal - range: 4.38 to 14.65 | Low - range: 0 to 4.38,1,1,1
138,Estimated Average Glucose (EAG),Estimated average glucose (EAG) is an estimated average of blood sugar (glucose) levels over a period of 2 to 3 months. It is based on HbA1C blood test results.,يقيس متوسط ​​الجلوكوز المُقدَّر المتوسط ​ال​تقديري لمستويات السكر في الدم (الجلوكوز) خلال فترة تتراوح من شهرين إلى ثلاثة أشهر. ويعتمد على نتائج فحصالهيموجلوبين السكري.,Estimated average glucose (EAG) is an estimated average of blood sugar (glucose) levels over a period of 2 to 3 months. It is based on HbA1C blood test results.,يقيس متوسط ​​الجلوكوز المُقدَّر المتوسط ​ال​تقديري لمستويات السكر في الدم (الجلوكوز) خلال فترة تتراوح من شهرين إلى ثلاثة أشهر. ويعتمد على نتائج فحصالهيموجلوبين السكري.,"""Many factors can lead to having high EAG levels such as: 
- Pre-diabetes or diabetes 
- Low levels of physical activity 
- Stress 
- Illness, injury, or surgery 
- Pancreatic conditions 
- Gestational diabetes 
- Certain medications such as steroids 
Many factors can lead to having low EAG levels such as: 
- Certain conditions that decrease or damage red blood cells such as blood loss/transfusion 
- Excessive alcohol consumption 
- Liver disease 
- Pregnancy 
- Certain medications 
- Certain genetic hemoglobin disorders such as sickle cell anemia and thalassemia ""","""ينجم ارتفاع متوسط الجلوكوز المقدر عن عدة أسباب، منها: 
 - مرحلة ما قبل السكري أو السكري. 
 - قلة النشاط البدني. 
 - التوتر. 
 - الأمراض أو الإصابات أو العمليات الجراحية. 
 - أمراض البنكرياس. 
 - سكري الحمل. 
 - بعض الأدوية مثل الستيرويدات. 
 أما انخفاض متوسط الجلوكوز المقددر فيرجع إلى عدة عوامل، منها: 
 - بعض الحالات التي تسبب فقد خلايا الدم الحمراء أو تلفها مثل فقدان الدم أو نقل الدم. 
 - الإفراط في شرب الكحول. 
 - أمراض الكبد. 
 - الحمل. 
 - بعض أنواع الأدوية. 
 - بعض اضطرابات الهيموجلوبين الوراثية مثل فقر الدم المنجلي والثلاسيميا.""","""In case of high EAG levels: 
- Monitor HbA1c continuously (every 3-6 months) 
- Maintain a healthy weight 
- Quit smoking 
- Moderate alcohol consumption 
- Engage in regular physical activity 
- Limit carbohydrate intake to complex unrefined whole grains and plan your meals 
- Increase fiber intake 
- Consider coaching for nutritional advice 
- Consult your doctor to identify the underlying reason 
In case of low EAG levels: 
- Eat at regular times and don't skip meals 
- Moderate alcohol consumption 
- Consider coaching for nutritional advice 
- Consult your doctor to rule out any underlying reasons""","""في حال ارتفاع متوسط الجلوكوز المقدر: 
 - احرص على مراقبة مستويات الهيموجلوبين السكري باستمرار (كل 3 إلى 6 أشهر). 
 - حافظ على وزن صحي. 
 - أقلع عن التدخين. 
 - الاعتدال في شرب الكحول. 
 - مارس النشاط البدني بانتظام. 
 - قلل من تناول الكربوهيدرات واستبدلها بالحبوب الكاملة غير المكررة ونظم وجباتك. 
 - تناول كميات أكبر من الألياف 
- إستشر مدرب صحي للحصول على المشورة الغذائية. 
 - استشر طبيبك لمعرفة الأسباب الكامنة وراء ذلك. 
 أما في حال انخفاض متوسط الجلوكوز المقدر: 
 - تناول الكربوهيدرات سريعة المفعول مثل العصائر لمنع الانخفاض الحاد في نسبة السكر في الدم. 
 - تناول الطعام في أوقات منتظمة ولا تفوت وجبات الطعام. 
 - الاعتدال في شرب الكحول. 
 - إستشر مدرب صحي للحصول على المشورة الغذائية. 
 - استشر طبيبك لمعرفة الأسباب الكامنة وراء ذلك.""",1,1,1,Low - range: 0 to 70 | Normal - range: 70 to 140 | High - range: 140 to 274 | Low - range: 0 to 70 | Normal - range: 70 to 140 | High - range: 140 to 274,1,0,0
139,Sodium,"Sodium is one of the body's main electrolytes and plays vital roles in controlling blood pressure, fluid balance, and the acid-base balance in the blood. In addition, sodium is needed for proper nerve and muscle function.",الصوديوم هو أحد إلكتروليتات الجسم الرئيسية ويلعب أدوارًا حيوياً في الجسم عبر التحكم في ضغط الدم وتوازن السوائل والتوازن الحمضي في الدم. كما و يحتاج الجسم للصوديوم من أجل الحفاظ على وظيفة الأعصاب والعضلات.,"Sodium is one of the body's main electrolytes and plays vital roles in controlling blood pressure, fluid balance, and the acid-base balance in the blood. In addition, sodium is needed for proper nerve and muscle function.",الصوديوم هو أحد إلكتروليتات الجسم الرئيسية ويلعب أدوارًا حيوياً في الجسم عبر التحكم في ضغط الدم وتوازن السوائل والتوازن الحمضي في الدم. كما و يحتاج الجسم للصوديوم من أجل الحفاظ على وظيفة الأعصاب والعضلات.,"Many factors can lead to having high sodium levels such as: 
- Dehydration due to excessive sweating, fever, diarrhea, or vomiting 
- Excessive baking soda (salt or sodium bicarbonate) intake 
- Excessive alcohol consumption 
- Kidney disease 
- Certain medications (NSAID, laxatives, antiobiotics) 
 
Many factors can lead to having low sodium levels such as: 
- Vomiting or diarrhea 
- Excessive water intake 
- Blood loss 
- Inadequate salt intake","ينجم ارتفاع مستوى الصوديوم عن عدة أسباب، منها: 
- الجفاف بسبب التعرق المفرط أو الحمى أو الإسهال أو القيء 
- الإفراط في تناول صودا الخبز (بيكربونات الصوديوم) 
- الإفراط في تناول الكحول 
- أمراض الكلى 
- بعض الأدوية (مضادات الالتهاب غير الستيروئيدية والملينات والمضادات الحيوية) 
 أما انخفاض مستوى الصوديوم فيرجع إلى عدة عوامل، منها: 
- القيء أو الإسهال 
- الإفراط في تناول المياه 
- فقدان الدم 
- تناول غير الكافي للملح","In case of high sodium levels: 
- Avoid foods high in salt (sodium) such as cheeses and processed foods in general. 
- Make sure you are well-hydrated 
- Consult your doctor to rule out any underlying condition. 
In case of low sodium levels: 
- Drink water in moderation 
- Avoid alcohol consumption 
- Increase your salt intake 
- Consult your doctor to rule out any underlying condition.","في حال ارتفاع مستويات الصوديوم: 
- تجنب الأطعمة الغنية بالملح (الصوديوم) مثل الأجبان والأطعمة المصنعة بشكل عام. 
 - احرص على شرب كمية وافية من السوائل. 
 - استشر طبيبك لمعرفة الأسباب الكامنة وراء ذلك. 
أما في حال انخفاض مستويات الصوديوم: 
- اشرب السوائل باعتدال. 
- تجنب شرب الكحول. 
- زد من تناول الملح. 
 - استشر طبيبك لمعرفة الأسباب الكامنة وراء ذلك.",1,1,1,Normal - range: 134 to 145 | Low - range: 0 to 134 | Normal - range: 134 to 145 | Low - range: 0 to 134 | Normal - range: 132 to 146 | Low - range: 0 to 132 | High - range: 146 to 156.9 | Normal - range: 132 to 146 | Low - range: 0 to 132 | High - range: 146 to 156.9,1,1,1
140,Chloride,"Chloride is a key electrolyte in the body that is involved in a number of bodily functions including electrical balance, mineral and electrolyte movement in the body, acid production in the stomach, kidney function, muscle function, blood pressure, and transport of oxygen by red blood cells.",الكلوريد هو إلكتروليت رئيسي في الجسم يشارك في عدد من وظائف الجسم بما في ذلك التوازن الكهربائي ، وحركة المعادن في الجسم ، وإنتاج الأسيد في المعدة ، ووظائف الكلى والعضلات ، وضغط الدم ، ونقل الأكسجين عن طريق كريات الدم الحمراء.,"Chloride is a key electrolyte in the body that is involved in a number of bodily functions including electrical balance, mineral and electrolyte movement in the body, acid production in the stomach, kidney function, muscle function, blood pressure, and transport of oxygen by red blood cells.",الكلوريد هو إلكتروليت رئيسي في الجسم يشارك في عدد من وظائف الجسم بما في ذلك التوازن الكهربائي ، وحركة المعادن في الجسم ، وإنتاج الأسيد في المعدة ، ووظائف الكلى والعضلات ، وضغط الدم ، ونقل الأكسجين عن طريق كريات الدم الحمراء.,"Many factors can lead to having high chloride levels such as: 
- Poisoning with bromide, lithium, or iodide 
Many factors can lead to having low chloride levels such as: 
- Excess triglycerides in the blood","ينجم ارتفاع مستوى الكلورايد عن عدة أسباب، منها: 
- التسمم بالبروميد أو الليثيوم أو اليوديد 
 أما انخفاض مستوى الكلورايد فيرجع إلى عدة عوامل، منها: 
 - ارتفاع مستوى الدهون الثلاثية فيب الدم","In case of high chloride levels: 
- Consult your doctor to identify the reason 
In case of low chloride levels: 
- Consult your doctor to identify the reason","في حال ارتفاع مستويات الكلورايد: 
 - استشر طبيبك لمعرفة الأسباب الكامنة وراء ذلك. 
أما في حال انخفاض مستويات الكلورايد: 
 - استشر طبيبك لمعرفة الأسباب الكامنة وراء ذلك.",1,1,1,Normal - range: 94 to 115 | Low - range: 0 to 94 | Normal - range: 94 to 115 | Low - range: 0 to 94 | High - range: 109 to 121.6 | Normal - range: 99 to 109 | Low - range: 0 to 99 | High - range: 109 to 121.6 | Normal - range: 99 to 109 | Low - range: 0 to 99,1,1,1
141,Potassium,"Potassium is an electrolyte that is key to nerve and muscle function, blood pressure, and fluid balance.",البوتاسيوم هو إلكتروليت أساسي لوظيفة الأعصاب والعضلات وضغط الدم وتوازن السوائل في الجسم.,"Potassium is an electrolyte that is key to nerve and muscle function, blood pressure, and fluid balance.",البوتاسيوم هو إلكتروليت أساسي لوظيفة الأعصاب والعضلات وضغط الدم وتوازن السوائل في الجسم.,"Many factors can lead to having high potassium levels such as: 
- Kidney disease 
- Dehydration 
- Certain medications 
Many factors can lead to having low potassium levels such as: 
- Vomiting or diarrhea 
- Low potassium intake or high sodium intake 
- Magnesium deficiency 
- Excessive alcohol consumption 
- Chronic stress","ينجم ارتفاع مستوى البوتاسيوم عن عدة أسباب، منها: 
- أمراض الكلى 
- الجفاف 
- بعض الأدوية 
 أما انخفاض مستوى البوتاسيوم فيرجع إلى عدة عوامل، منها: 
- نقص المغنيسيوم 
- الإفراط في تناول الكحول 
- القلق المزمن","In case of high potassium levels: 
- Make sure you are well-hydrated 
- Avoid potassium containing foods such as bananas and avocadoes 
- Consult your doctor to identify the underlying reason 
In case of low potassium levels: 
- Consume more potassium containing foods such as bananas and avocadoes 
- Decrease salt consumption 
- Consider magnesium supplements 
- Consult your doctor to identify the underlying reason","في حال ارتفاع مستويات البوتاسيوم: 
 - احرص على شرب كمية وافية من السوائل. 
- تجنب الأطعمة الغنية بالبوتاسيوم مثل الموز والأفوكادو. 
أما في حال انخفاض مستويات البوتاسيوم:",1,1,1,Low - range: 0 to 3.5 | Normal - range: 3.4 to 5.1 | Low - range: 0 to 3.4 | Normal - range: 3.4 to 5.1 | Low - range: 0 to 3.4 | High - range: 5.5 to 6.9 | Normal - range: 3.5 to 5.5 | Low - range: 0 to 3.5 | High - range: 5.5 to 6.9 | Normal - range: 3.5 to 5.5,1,1,1
142,Phosphate,"Phosphorus (or Phosphate) is the sixth most abundant element in the body that makes up 1% of our body's weight. Phosphate has many roles in the body including building cells, DNA, proteins, and strong bones and teeth. Phosphate is also vital for energy metabolism and is required for muscle contraction and nerve signalling.",يحتل الفوسفور (أو الفوسفات) المرتبة السادسة بين أكثر العناصر وفرة في الجسم ويشكل 1٪ من وزن الجسم. للفوسفات العديد من الأدوار في الجسم بما في ذلك بناء الخلايا والحمض النووي والبروتينات وقوة العظام والأسنان. يعتبر الفوسفات أيضًا حيويًا لاستقلاب الطاقة وهو ضروري لتقلص العضلات وعمل الأعصاب.,"Phosphorus (or Phosphate) is the sixth most abundant element in the body that makes up 1% of our body's weight. Phosphate has many roles in the body including building cells, DNA, proteins, and strong bones and teeth. Phosphate is also vital for energy metabolism and is required for muscle contraction and nerve signalling.",يحتل الفوسفور (أو الفوسفات) المرتبة السادسة بين أكثر العناصر وفرة في الجسم ويشكل 1٪ من وزن الجسم. للفوسفات العديد من الأدوار في الجسم بما في ذلك بناء الخلايا والحمض النووي والبروتينات وقوة العظام والأسنان. يعتبر الفوسفات أيضًا حيويًا لاستقلاب الطاقة وهو ضروري لتقلص العضلات وعمل الأعصاب.,"Many factors can lead to having high phosphate levels such as: 
- Kidney disease 
- Excessive vitamin D or calcium 
- Excessive exercise 
- Excessive intake of phosphorus containing foods such as soft drinks  
- Smoking 
Many factors can lead to having low phosphate levels such as: 
- Inadequate phosphate intake and/or absorption 
- Increased kidney excretion 
- Gut disorders 
- Hormonal disorders 
- Acid-base or metabolic disorders 
- Certain medications","ينجم ارتفاع مستوى الفوسفات عن عدة أسباب، منها: 
- أمراض الكلى 
- الإفراط في تناول فيتامين د أو الكالسيوم 
- الإفراط في ممارسة الرياضة 
- الإفراط في تناول الأطعمة المتي تحتوي على الفوسفور مثل المشروبات الغازية 
- التدخين 
 أما انخفاض مستوى الفوسفات فيرجع إلى عدة عوامل، منها: 
- عدم كفاية تناول و / أو امتصاص الفوسفات 
- زيادة إفراز الكلى 
- اضطرابات الأمعاء 
- الاضطرابات الهرمونية 
- الاضطرابات الحمضية القاعدية أو اضطرابات التمثيل الغذائي 
- بعض الأدوية","In case of high phosphate levels: 
- Avoid foods high in phosphate such as dairy products, roast beef or chicken, and soft drinks 
- Quit smoking 
- Make sure you're well hydrated 
In case of low phosphate levels: 
- Consume phosphate rich foods such as meats, fish, dairy products, and whole grains 
- Avoid alcohol consumption","في حال ارتفاع مستويات الفوسفات: 
- تجنب الأطعمة التي تحتوي على نسبة عالية من الفوسفات مثل منتجات الألبان والدجاج المطبوخ والمشروبات الغازية. 
- أقلع عن التدخين. 
 - احرص على شرب كمية وافية من السوائل. 
أما في حال انخفاض مستويات الفوسفات: 
- تناول الأطعمة الغنية بالفوسفات مثل اللحوم والأسماك ومنتجات الألبان والحبوب الكاملة 
- تجنب تناول الكحول.",1,1,1,Normal - range: 2.49 to 4.5 | Low - range: 0 to 2.49 | Normal - range: 2.49 to 4.5 | Low - range: 0 to 2.49 | Normal - range: 2.2 to 4.7 | Low - range: 0 to 2.2 | Normal - range: 2.4 to 4.5 | Low - range: 0 to 2.4,1,1,1
143,Uric Acid,"Uric acid is the end-product of the breakdown of purine, which is an amino acid produced in through the digestion of certain proteins and DNA. Uric acid is made in the liver and most of it is excereted by the kidneys. Deposition of uric acid in the body can cause gout and kidney stones.",Uric Acidحمض اليوريك هو المنتج النهائي لتفكك البيورين ، وهو حمض أميني ينتج من خلال هضم بعض البروتينات والحمض النووي. يتكون حمض اليوريك في الكبد ويتم التخلص منه عن طريق الكلى. يمكن أن يؤدي ترسب حمض اليوريك في الجسم إلى النقرس وحصى الكلى.,"Uric acid is the end-product of the breakdown of purine, which is an amino acid produced in through the digestion of certain proteins and DNA. Uric acid is made in the liver and most of it is excereted by the kidneys. Deposition of uric acid in the body can cause gout and kidney stones.",حمض اليوريك هو المنتج النهائي لتفكك البيورين ، وهو حمض أميني ينتج من خلال هضم بعض البروتينات والحمض النووي. يتكون حمض اليوريك في الكبد ويتم التخلص منه عن طريق الكلى. يمكن أن يؤدي ترسب حمض اليوريك في الجسم إلى النقرس وحصى الكلى.,"Many factors can lead to having high uric acid levels such as: 
- Aging 
- A diet high in purines (seafood, meats, soybeans, and fructose) 
- Dehydration 
- Kidney disease 
- Excess weight 
- Rapid weight loss 
- Excessive alcohol consumption 
- Thyroid disorders 
- Low estrogen levels 
- Certain medications 
Many factors can lead to having low uric acid levels such as 
- Zinc deficiency 
- Certain medications","ينجم ارتفاع مستوى حمض اليوريك عن عدة أسباب، منها: 
- تقدم السن 
- نظام غذائي عالي بالبيورينات (المأكولات البحرية واللحوم وفول الصويا والفروكتوز) 
- الجفاف 
- أمارض الكلى 
- الوزن الزائد 
- فقدان الوزن السريع 
- الإفراط في تناول الكحول 
- اضطرابات الغدة الدرقية 
- انخفاض مستويات هرمون الاستروجين 
- بعض الأدوية 
أما انخفاض مستوى حمض اليوريك فيرجع إلى عدة عوامل، منها: 
- نقص الزنك 
- بعض الأدوية","In case of high uric acid levels: 
- Adopt a diet low in purines (seafood, meats, soybeans, and fructose) 
- Ensure you're well hydrated 
- Maintain a healthy weight 
- Avoid alcohol consumption 
- Consult your doctor to idenfity the reason 
In case of low uric acid levels: 
- Consult your doctor to idenfity the reason","في حال ارتفاع مستويات حمض اليوريك: 
- اتبع نظام غذائي منخفض البيورينات (المأكولات البحرية واللحوم وفول الصويا والفروكتوز) 
 - احرص على شرب كمية وافية من السوائل. 
- حافظ على وزن صحي 
- تجنب شرب الكحول 
 - استشر طبيبك لمعرفة الأسباب الكامنة وراء ذلك. 
أما في حال انخفاض مستويات حمض اليوريك: 
 - استشر طبيبك لمعرفة الأسباب الكامنة وراء ذلك.",1,1,1,Low - range: 0 to 3.4 | Normal - range: 3.4 to 8 | High - range: 8 to 9.2 | Low - range: 0 to 2.5 | Normal - range: 2.5 to 6 | Low - range: 0 to 3.5 | Normal - range: 3.5 to 7 | Low - range: 0 to 3.5 | Normal - range: 3.5 to 7 | High - range: 6 to 9.2,1,1,1
144,BUN / Creatinine ratio,"BUN measures the amount of urea in your blood. Urea is a waste product made in the liver as the body processes protein. This protein is mostly derived from the diet, but it can also result from tissue protein turnover. Creatinine, on the other hand, is a waste product created from the normal wear and tear of muscles. The BUN/Creatinine ratio can be used to check for issues such as dehydration, kidney injury/disease, gut bleeding, and other problems",يقيس مستوى نتروجين يوريا الدم كمية اليوريا في دمك وهي نفايات يفرزها الكبد بعد تفكيك البروتين. أما الكرياتينين ، فهو منتج نفايات ناتج عن التآكل الطبيعي للعضلات. يمكن استخدام نسبة نتروجين يوريا الدم/الكرياتينين للتحقق من مشاكل الجفاف والكلى ونزيف الأمعاء بالاضافة إلى مشاكل أخرى.,"BUN measures the amount of urea in your blood. Urea is a waste product made in the liver as the body processes protein. This protein is mostly derived from the diet, but it can also result from tissue protein turnover. Creatinine, on the other hand, is a waste product created from the normal wear and tear of muscles. The BUN/Creatinine ratio can be used to check for issues such as dehydration, kidney injury/disease, gut bleeding, and other problems",يقيس مستوى نتروجين يوريا الدم كمية اليوريا في دمك وهي نفايات يفرزها الكبد بعد تفكيك البروتين. أما الكرياتينين ، فهو منتج نفايات ناتج عن التآكل الطبيعي للعضلات. يمكن استخدام نسبة نتروجين يوريا الدم/الكرياتينين للتحقق من مشاكل الجفاف والكلى ونزيف الأمعاء بالاضافة إلى مشاكل أخرى.,"Many factors can lead to having high BUN/Creatinine ratio levels such as: 
- Dehydration as it tends to increase BUN more than creatinine 
- Gut bleeding 
- Thyroid disorders 
- Kidney disease 
- Certain medications 
Many factors can lead to having low BUN/Creatinine ratio levels such as: 
- Low protein intake 
- Thyroid disorders 
- Kidney disease","Many factors can lead to having high BUN/Creatinine ratio levels such as: 
- Dehydration as it tends to increase BUN more than creatinine 
- Gut bleeding 
- Thyroid disorders 
- Kidney disease 
- Certain medications 
Many factors can lead to having low BUN/Creatinine ratio levels such as: 
- Low protein intake 
- Thyroid disorders 
- Kidney disease","In case of high BUN/Creatinine ratio levels: 
- Make sure you're well hydrated 
- Engage in regular physical activity 
- Avoid alcohol consumption 
In case of low BUN/Creatinine ratio levels: 
- Increase your protein intake 
- Avoid creatine based supplements 
- Consume fiber rich foods","In case of high BUN/Creatinine ratio levels: 
- Make sure you're well hydrated 
- Engage in regular physical activity 
- Avoid alcohol consumption 
In case of low BUN/Creatinine ratio levels: 
- Increase your protein intake 
- Avoid creatine based supplements 
- Consume fiber rich foods",1,1,1,Normal - range: 10 to 20 | Low - range: 0 to 10 | Normal - range: 10 to 20 | Low - range: 0 to 10 | Normal - range: 9 to 20 | Low - range: 0 to 9 | High - range: 20 to 72.95 | Normal - range: 9 to 20 | Low - range: 0 to 9 | High - range: 20 to 72.95,1,1,1
145,Progesterone,"This test measures the amount of progesterone in the blood and is most commonly used to help monitor a woman’s health during pregnancy, diagnose pregnancy complications, determine the cause of infertility, or determine the cause of abnormal uterine bleeding",يقيس هذا الاختبار كمية هرمون البروجسترون في الدم ، ويستخدم بشكل شائع للمساعدة في مراقبة صحة المرأة أثناء الحمل ، أو تشخيص مضاعفات الحمل ، أو تحديد سبب العقم ، أو تحديد سبب نزيف الرحم غير الطبيعي.,"This test measures the amount of progesterone in the blood and is most commonly used to help monitor a woman’s health during pregnancy, diagnose pregnancy complications, determine the cause of infertility, or determine the cause of abnormal uterine bleeding",يقيس هذا الاختبار كمية هرمون البروجسترون في الدم ، ويستخدم بشكل شائع للمساعدة في مراقبة صحة المرأة أثناء الحمل ، أو تشخيص مضاعفات الحمل ، أو تحديد سبب العقم ، أو تحديد سبب نزيف الرحم غير الطبيعي.,"Many factors can lead to having high progesterone levels such as: 
- Pregnancy 
- Stress 
- Excessive caffeine consumption 
- Smoking 
Many factors can lead to having low progesterone levels such as: 
- Menopause 
- Excessive exercise 
- Excessive weight","ينجم ارتفاع مستوى البروجسترون عن عدة أسباب، منها: 
- الحمل 
- التوتر 
- الإفراط في تناول الكافيين 
- التدخين 
 أما انخفاض مستوى البروجسترون فيرجع إلى عدة عوامل، منها: 
- إنقطاع الطمث 
- الإفراط في ممارسة الرياضة 
- زيادة الوزن","In case of high progersterone levels: 
- Consume fiber rich foods  
- Engage in regular physical activity 
- Quit smoking 
- Reduce your caffeine intake 
- Consider vitamin D supplementation 
- Consider coaching for stress management 
In case of low progesterone levels: 
- Maintain a healthy weight 
- Consult your doctor to identify the reason","في حال ارتفاع مستويات البروجسترون: 
- تناول الأطعمة الغنية بالألياف 
 - أقلع عن التدخين. 
 - مارس النشاط البدني بانتظام. 
- قلل من تناول الكافيين. 
- تناول مكملات فيتامين د. 
استشر مدرب صحي للتدرب على التعامل مع التوتر. 
أما في حال انخفاض مستويات البروجسترون: 
- حافظ على وزن صحي",1,1,1,High - range: 0.149 to 13.74 | High - range: 0.149 to 13.74 | Normal - range: 0.05 to 0.149 | Low - range: 0 to 0.05 | Normal - range: 0.05 to 0.149 | Low - range: 0 to 0.05,1,0,0
146,Prostatic Specific Antigen (PSA),"""The PSA test is a blood test used primarily to screen for prostate cancer.
The test measures the amount of prostate-specific antigen (PSA) in your blood. PSA is a protein produced by both cancerous and noncancerous tissue in the prostate, a small gland that sits below the bladder in males.""","""اختبار المستضد البروستاتي النوعي هو اختبار دم يُستخدم في المقام الأول للكشف عن سرطان البروستاتا.
يقيس الاختبار كمية مستضد البروستاتا النوعي (PSA) في الدم. المستضد البروستاتي النوعي هو بروتين ينتجه كل من الأنسجة السرطانية وغير السرطانية في البروستاتا ، وهي غدة صغيرة تقع أسفل المثانة عند الذكور""","The PSA test is a blood test used primarily to screen for prostate cancer. 
The test measures the amount of prostate-specific antigen (PSA) in your blood. PSA is a protein produced by both cancerous and noncancerous tissue in the prostate, a small gland that sits below the bladder in males.","اختبار المستضد البروستاتي النوعي هو اختبار دم يُستخدم في المقام الأول للكشف عن سرطان البروستاتا. 
يقيس الاختبار كمية مستضد البروستاتا النوعي (PSA) في الدم. المستضد البروستاتي النوعي هو بروتين ينتجه كل من الأنسجة السرطانية وغير السرطانية في البروستاتا ، وهي غدة صغيرة تقع أسفل المثانة عند الذكور","*Elevated prostate-specific antigen (PSA) levels can be a sign of prostate cancer. It can also indicate noncancerous problems such as prostate enlargement and inflammation. 
PSA results are best interpreted by your medical provider.","*يمكن أن تدل مستويات مستضد البروستات النوعي المرتفعة على الإصابة بسرطان البروستاتا. ويمكن أن تشير أيضًا إلى مشاكل صحية غير سرطانية أخرى مثل تضخم البروستاتا أو التهابها. 
ينصح باستشارة الطبيب لتفسير نتائج المستضد البروستاتي النوعي على أفضل نحو.","*Elevated prostate-specific antigen (PSA) levels can be a sign of prostate cancer. It can also indicate noncancerous problems such as prostate enlargement and inflammation. 
PSA results are best interpreted by your medical provider.","*يمكن أن تدل مستويات مستضد البروستات النوعي المرتفعة على الإصابة بسرطان البروستاتا. ويمكن أن تشير أيضًا إلى مشاكل صحية غير سرطانية أخرى مثل تضخم البروستاتا أو التهابها. 
ينصح باستشارة الطبيب لتفسير نتائج المستضد البروستاتي النوعي على أفضل نحو.",1,1,1,Normal - range: 0 to 4 | High - range: 4 to 9.6 | Normal - range: 0 to 4 | High - range: 4 to 9.6 | Normal - range: 0 to 4 | Normal - range: 0 to 4 | High - range: 4 to 40,1,1,1
147,"Neutrophils, Absolute","Neutrophils are part of the white blood cell community in the blood that protect against bacterial, fungal, and other infections",تشكل العدلات جزءًا من خلايا الدم البيضاء في الدم، وتحمي من الالتهابات البكتيرية والفطرية وغيرها من الالتهابات.,"Neutrophils are part of the white blood cell community in the blood that protect against bacterial, fungal, and other infections",تشكل العدلات جزءًا من خلايا الدم البيضاء في الدم، وتحمي من الالتهابات البكتيرية والفطرية وغيرها من الالتهابات.,"Many factors can lead to having low or high neutrophils levels such as: 
- Infections 
- Chronic inflammation 
- Diseases that damage bone marrow, such as leukemia 
- Certain autoimmune disorders such as rheumatoid arthritis 
- Nutritional deficiencies 
- Stress 
- Excess weight 
- Smoking 
- Certain medications","ينجم ارتفاع مستويات العدلات أو انخفاضها عن عدة أسباب، منها: 
 - الإصابة بالعدوى. 
 - الالتهابات المزمنة. 
 - الأمراض التي تضر بالنخاع العظمي مثل سرطان الدم 
 - بعض أمراض المناعة الذاتية مثل التهاب المفاصل الروماتويدي. 
 - نقص التغذية. 
 - التوتر. 
 - الوزن الزائد. 
 - التدخين. 
 - بعض أنواع الأدوية.","In case of high or low neutrophils: 
- Quit smoking 
- Maintain a healthy weight 
- Consume a healthy and balanced diet 
- Engage in regular physical activity 
- Consider coaching for stress management and improvement of sleep quality 
- Consult your doctor to rule out any underlying conditions","في حال ارتفاع مستويات العدلات أو انخفاضها: 
 - أقلع عن التدخين. 
 - حافظ على وزن صحي. 
 - تناول غذاء صحيًا ومتوازنًا. 
 - مارس النشاط البدني بانتظام. 
 - استشر مدرب صحي للتدرب على التعامل مع التوتر و تحسين جودة النوم. 
 - استشر طبيبك لمعرفة الأسباب الكامنة وراء ذلك.",1,1,1,Normal - range: 1.6 to 7.7 | Low - range: 0 to 1.6 | Normal - range: 1.6 to 7.7 | Low - range: 0 to 1.6 | Normal - range: 1.6 to 7.7 | Normal - range: 1.6 to 7.7 | Low - range: 0 to 1.6 | Low - range: 0 to 1.6,1,1,1
148,"Lymphocytes, Absolute","Lymphocytes are part of the white blood cell community that fight bacterial and viral infections. They also produce memory cells and antibodies to protect against future infection from the same source. Lymphocytes include T cells, B cells and natural killer cells.",تشكل الخلايا اللمفاوية جزءًا من الخلايا البيضاء التي تقاوم الالتهابات البكتيرية والفيروسية، وتتولى إنتاج خلايا الذاكرة والأجسام المضادة للحماية من العدوى المستقبلية من المصدر نفسه. وتشمل الخلايا الليمفاوية الخلايا التائية والخلايا البائية والخلايا القاتلة الطبيعية.,"Lymphocytes are part of the white blood cell community that fight bacterial and viral infections. They also produce memory cells and antibodies to protect against future infection from the same source. Lymphocytes include T cells, B cells and natural killer cells.",تشكل الخلايا اللمفاوية جزءًا من الخلايا البيضاء التي تقاوم الالتهابات البكتيرية والفيروسية، وتتولى إنتاج خلايا الذاكرة والأجسام المضادة للحماية من العدوى المستقبلية من المصدر نفسه. وتشمل الخلايا الليمفاوية الخلايا التائية والخلايا البائية والخلايا القاتلة الطبيعية.,"Many factors can lead to having low or high lymphocytes levels such as: 
- Infections 
- Chronic inflammation 
- Diseases that damage bone marrow, such as leukemia 
- Certain autoimmune disorders such as rheumatoid arthritis 
- Nutritional deficiencies 
- Stress 
- Excess weight 
- Smoking 
- Certain medications","ينجم ارتفاع مستويات الخلايا اللمفاوية أو انخفاضها عن عدة أسباب، منها: 
 - الإصابة بالعدوى. 
 - الالتهابات المزمنة. 
 - الأمراض التي تضر بالنخاع العظمي مثل سرطان الدم. 
 - بعض أمراض المناعة الذاتية مثل التهاب المفاصل الروماتويدي 
 - نقص التغذية. 
 - التوتر. 
 - الوزن الزائد. 
 - التدخين. 
 - بعض أنواع الأدوية.","In case of high or low lymphocytes: 
- Quit smoking 
- Maintain a healthy weight 
- Consume a healthy and balanced diet 
- Engage in regular physical activity 
- Consider coaching for stress management and improvement of sleep quality 
- Consult your doctor to rule out any underlying conditions","في حال ارتفاع مستويات الخلايا اللمفاوية أو انخفاضها: 
 - أقلع عن التدخين. 
 - حافظ على وزن صحي. 
 - تناول غذاء صحيًا ومتوازنًا. 
 - مارس النشاط البدني بانتظام. 
 - استشر مدرب صحي للتدرب على التعامل مع التوتر و تحسين جودة النوم. 
 - استشر طبيبك لمعرفة الأسباب الكامنة وراء ذلك.",1,1,1,Normal - range: 0.8 to 4.8 | Normal - range: 0.8 to 4.8 | Low - range: 0 to 0.8 | Normal - range: 0.8 to 4.8 | Low - range: 0 to 0.8 | Normal - range: 0.8 to 4.8 | Low - range: 0 to 0.8 | Low - range: 0 to 0.8,1,1,1
149,"Lymphocytes, Absolute","Monocytes are the largest part of the white blood cell community. Approximately 2 to 10% of white blood cells are monocytes. These immune cells circulate in the blood for several days before they enter the tissues, where they become macrophages or dendritic cells. Monocytes protect against viral, bacterial, fungal, and protozoal infections. They kill microorganisms, ingest foreign particles, remove dead cells, and boost the immune response.",تشكل الوحيدات الجزء الأكبر من خلايا الدم البيضاء، حيث تتراوح نسبتها بين ما يقارب 2% إلى 10% من خلايا الدم البيضاء. وتنتشر هذه الخلايا المناعية في الدم لعدة أيام قبل أن تدخل الأنسجة، فإما أن تصبح خلايا بلعمية أو خلايا تغصنية. وتحمي الوحيدات من الالتهابات الفيروسية والبكتيرية والفطرية والأولية، فتقتل الكائنات الحية الدقيقة، وتبتلع الجزيئات الغريبة، وتزيل الخلايا الميتة، وتعزز الاستجابة المناعية.,"Lymphocytes are part of the white blood cell community that fight bacterial and viral infections. They also produce memory cells and antibodies to protect against future infection from the same source. Lymphocytes include T cells, B cells and natural killer cells.",تشكل الخلايا اللمفاوية جزءًا من الخلايا البيضاء التي تقاوم الالتهابات البكتيرية والفيروسية، وتتولى إنتاج خلايا الذاكرة والأجسام المضادة للحماية من العدوى المستقبلية من المصدر نفسه. وتشمل الخلايا الليمفاوية الخلايا التائية والخلايا البائية والخلايا القاتلة الطبيعية.,"Many factors can lead to having low or high lymphocytes levels such as: 
- Infections 
- Chronic inflammation 
- Diseases that damage bone marrow, such as leukemia 
- Certain autoimmune disorders such as rheumatoid arthritis 
- Nutritional deficiencies 
- Stress 
- Excess weight 
- Smoking 
- Certain medications","ينجم ارتفاع مستويات الخلايا اللمفاوية أو انخفاضها عن عدة أسباب، منها: 
 - الإصابة بالعدوى. 
 - الالتهابات المزمنة. 
 - الأمراض التي تضر بالنخاع العظمي مثل سرطان الدم. 
 - بعض أمراض المناعة الذاتية مثل التهاب المفاصل الروماتويدي 
 - نقص التغذية. 
 - التوتر. 
 - الوزن الزائد. 
 - التدخين. 
 - بعض أنواع الأدوية.","In case of high or low lymphocytes: 
- Quit smoking 
- Maintain a healthy weight 
- Consume a healthy and balanced diet 
- Engage in regular physical activity 
- Consider coaching for stress management and improvement of sleep quality 
- Consult your doctor to rule out any underlying conditions","في حال ارتفاع مستويات الخلايا اللمفاوية أو انخفاضها: 
 - أقلع عن التدخين. 
 - حافظ على وزن صحي. 
 - تناول غذاء صحيًا ومتوازنًا. 
 - مارس النشاط البدني بانتظام. 
 - استشر مدرب صحي للتدرب على التعامل مع التوتر و تحسين جودة النوم. 
 - استشر طبيبك لمعرفة الأسباب الكامنة وراء ذلك.",1,1,1,Low - range: 0 to 0.1 | Normal - range: 0.1 to 1 | Low - range: 0 to 0.1 | Low - range: 0 to 0.1 | Normal - range: 0.1 to 1 | Low - range: 0 to 0.1 | Normal - range: 0.1 to 1 | Normal - range: 0.1 to 1,1,1,1
150,"Eosinophils, Absolute","Eosinophils are part of the white blood cell community that remove parasitic infections and certain bacteria from the body. They circulate in the blood for short periods of time. When activated, eosinophils move into the affected tissue and secrete inflammatory substances that help destroy the foreign organisms. They are primarily known to help combat intestinal parasites, but their role in the immune system is much more complex",تشكل الخلايا الحمضية جزءًا من خلايا الدم البيضاء التي تقضي على الالتهابات الطفيلية وبعض أنواع البكتيريا في الجسم. وتنتشر في الدم لفترات قصيرة من الزمن. وتنتقل الخلايا الحمضية عند تنشيطها إلى الأنسجة المصابة وتفرز مواد التهابية تساعد في تدمير الكائنات الغريبة. ومن المعروف أنها تساعد في مكافحة الطفيليات المعوية، إلا أن دورها في الجهاز المناعي أكثر تعقيدًا.,"Eosinophils are part of the white blood cell community that remove parasitic infections and certain bacteria from the body. They circulate in the blood for short periods of time. When activated, eosinophils move into the affected tissue and secrete inflammatory substances that help destroy the foreign organisms. They are primarily known to help combat intestinal parasites, but their role in the immune system is much more complex",تشكل الخلايا الحمضية جزءًا من خلايا الدم البيضاء التي تقضي على الالتهابات الطفيلية وبعض أنواع البكتيريا في الجسم. وتنتشر في الدم لفترات قصيرة من الزمن. وتنتقل الخلايا الحمضية عند تنشيطها إلى الأنسجة المصابة وتفرز مواد التهابية تساعد في تدمير الكائنات الغريبة. ومن المعروف أنها تساعد في مكافحة الطفيليات المعوية، إلا أن دورها في الجهاز المناعي أكثر تعقيدًا.,"Many factors can lead to having low or high eosinophils levels such as: 
- Infections 
- Chronic inflammation 
- Diseases that damage bone marrow, such as leukemia 
- Certain autoimmune disorders such as rheumatoid arthritis 
- Nutritional deficiencies 
- Stress 
- Excess weight 
- Smoking 
- Certain medications","ينجم ارتفاع مستويات الخلايا الحمضية أو انخفاضها عن عدة أسباب، منها: 
 - الإصابة بالعدوى. 
 - الالتهابات المزمنة. 
 - الأمراض التي تضر بالنخاع العظمي مثل سرطان الدم. 
 - بعض أمراض المناعة الذاتية مثل التهاب المفاصل الروماتويدي. 
 - نقص التغذية. 
 - التوتر. 
 - الوزن الزائد. 
 - التدخين. 
 - بعض أنواع الأدوية.","In case of high or low eosinophils: 
- Quit smoking 
- Maintain a healthy weight 
- Consume a healthy and balanced diet 
- Engage in regular physical activity 
- Consider coaching for stress management and improvement of sleep quality 
- Consult your doctor to rule out any underlying conditions","في حال ارتفاع مستويات الخلايا الحمضية أو انخفاضها: 
 - أقلع عن التدخين. 
 - حافظ على وزن صحي. 
 - تناول غذاء صحيًا ومتوازنًا. 
 - مارس النشاط البدني بانتظام. 
 - استشر مدرب صحي للتدرب على التعامل مع التوتر و تحسين جودة النوم 
 - استشر طبيبك لمعرفة الأسباب الكامنة وراء ذلك.",1,1,1,Normal - range: 0.01 to 0.5 | Normal - range: 0.01 to 0.5 | Low - range: 0 to 0.01 | Low - range: 0 to 0.01 | Normal - range: 0.01 to 0.5 | Low - range: 0 to 0.01 | Normal - range: 0.01 to 0.5 | Low - range: 0 to 0.01,1,1,1
151,"Basophils, Absolute",Basophils are part of the white blood cell community that protect against parasites and certain bacteria. They also involved in responses to allergic reactions,تعد الخلايا القاعدية جزءًا من مجتمع خلايا الدم البيضاء التي تحمي الجسم من الطفيليات وبعض أنواع البكتيريا، كما تؤدي دورًا في الحماية من أمراض الحساسية.,Basophils are part of the white blood cell community that protect against parasites and certain bacteria. They also involved in responses to allergic reactions,تعد الخلايا القاعدية جزءًا من مجتمع خلايا الدم البيضاء التي تحمي الجسم من الطفيليات وبعض أنواع البكتيريا، كما تؤدي دورًا في الحماية من أمراض الحساسية.,"Many factors can lead to having low or high basophils levels such as: 
- Infections 
- Chronic inflammation 
- Diseases that damage bone marrow, such as leukemia 
- Certain autoimmune disorders such as rheumatoid arthritis 
- Nutritional deficiencies 
- Stress 
- Excess weight 
- Smoking 
- Certain medications","ينجم ارتفاع مستويات الخلايا القاعدية أو انخفاضها عن عدة أسباب، منها: 
 - الإصابة بالعدوى. 
 - الالتهابات المزمنة. 
 - الأمراض التي تضر بالنخاع العظمي مثل سرطان الدم. 
 - بعض أمراض المناعة الذاتية مثل التهاب المفاصل الروماتويدي. 
 - نقص التغذية. 
 - التوتر. 
 - الوزن الزائد. 
 - التدخين. 
 - بعض أنواع الأدوية.","In case of high or low basophils: 
- Quit smoking 
- Maintain a healthy weight 
- Consume a healthy and balanced diet 
- Engage in regular physical activity 
- Consider coaching for stress management and improvement of sleep quality 
- Consult your doctor to rule out any underlying conditions","في حال ارتفاع مستويات الخلايا القاعدية أو انخفاضها: 
 - أقلع عن التدخين. 
 - حافظ على وزن صحي. 
 - تناول غذاء صحيًا ومتوازنًا. 
 - مارس النشاط البدني بانتظام. 
 - استشر مدرب صحي للتدرب على التعامل مع التوتر و تحسين جودة النوم. 
 - استشر طبيبك لمعرفة الأسباب الكامنة وراء ذلك.",1,1,1,Normal - range: 0 to 0.2 | Normal - range: 0 to 0.2 | Normal - range: 0 to 0.2 | Normal - range: 0 to 0.2,1,1,1
152,C-Reactive Protein (CRP) - High Sensitivity,C-Reactive Protein (CRP) - High Sensitivity,C-Reactive Protein (CRP) - High Sensitivity,C-reactive protein (CRP) is an inflammatory marker produced in the liver. The CRP test is ordered to evaluate the presence of infections or inflammatory diseases such as rheumatoid arthritis. CRP levels are also associated with cardiovascular health whereby higher levels indicate a higher risk.,ينتج بروتين سي التفاعلي في الكبد، وعادةً ما ترتفع مستوياته في حال تعرض الجسم لبعض أنواع الالتهابات المختلفة أو بسبب أحد الأمراض الالتهابية المزمنة مثل التهاب المفاصل الروماتويدي. وتعد مستويات هذا البروتين أيضًا مؤشرًا لصحة القلب، إذ أن ارتفاع مستوياته قد يدل على ارتفاع خطر الاصابة بالأمراض القلبية.,"Many factors can lead to having high CRP levels such as: 
- Bacterial or fungal infections. 
- Chronic inflammatory disorders such as rheumatoid arthritis, lupus, and certain types of inflammatory bowel diseases such as Crohn’s disease and ulcerative colitis. 
- Organ or tissue injury. 
- Obesity, unhealthy eating habits, and sedentary lifestyle. 
- Diabetes. 
- Cardiovascular diseases 
- Certain medications such as estrogen-based medications such as birth control pills. 
Many factors can lead to having low CRP levels (desirable) such as: 
- Leading a healthy lifestyle","ينجم ارتفاع مستويات بروتين سي التفاعلي عن عدة أسباب ، منها: 
 - عدوى بكتيرية أو فطرية. 
 - الأمراض الالتهابية المزمنة مثل التهاب المفاصل والذئبة وأنواع معينة من أمراض الأمعاء الالتهابية مثل مرض كرون والتهاب القولون التقرحي. 
 - إصابة الأعضاء أو الأنسجة. 
 - السمنة وعادات الأكل غير الصحية ونمط الحياة الخامل. 
 - داء السكري. 
 - أمراض القلب والأوعية الدموية. 
 - بعض الأدوية بما في ذلك الأدوية التي تحتوي على هرمون الاستروجين مثل حبوب منع الحمل. 
 أما انخفاض مستويات بروتين سي التفاعلي فيرجع إلى عدة عوامل، منها: 
 - اتباع نمط حياة صحي.","In case of high CRP levels: 
- Consume a healthy diet that includes a variety of anti-inflammatory foods such as fruits, vegetables, unprocessed meats, unrefined whole grains, fish, shellfish, and organic meats. 
- Moderate alcohol consumption 
- Engage in aerobic exercises such as running, cycling, or walking 
- Quit smoking 
- Increase fiber intake 
- Maintain a healthy weight 
- Consult your doctor to rule out any underlying conditions 
In case of low CRP levels: 
- Low levels are usually desirable.","في حال ارتفاع مستويات بروتين سي التفاعلي: 
 - اتبع نظامًا غذائيًا صحيًا يتضمن مجموعة متنوعة من الأطعمة المضادة للالتهابات مثل الفواكه والخضروات واللحوم غير المصنعة والحبوب الكاملة غير المكررة والأسماك والمحار واللحوم العضوية. 
 - الاعتدال في شرب الكحول. 
 - مارس التمارين الهوائية مثل رياضة الجري أو ركوب الدراجات أو المشي. 
 - أقلع عن التدخين. 
 - تناول كميات أكبر من الألياف. 
 - حافظ على وزن صحي. 
 - استشر طبيبك لمعرفة الأسباب الكامنة وراء ذلك. 
 أما في حال انخفاض مستويات بروتين سي التفاعلي: 
 - عادةً ما تكون المستويات المنخفضة مرغوبة.",1,1,1,Low Risk - range: 0 to 0.99 | Average Risk - range: 0.99 to 3 | Low Risk - range: 0 to 0.99 | Average Risk - range: 0.99 to 3 | High Risk - range: 3 to 200 | Low risk - range: 0 to 0.99 | Average risk - range: 0.99 to 3 | High risk - range: 3 to 10 | Low - range: 0 to 0.99 | Average risk - range: 0.99 to 3 | High risk - range: 3 to 10 | High Risk - range: 3 to 200,1,1,1
154,Insulin Growth Factor-1,"This test measures the amount of IGF-1 (insulin-like growth factor 1) in your blood. IGF-1 is a hormone that manages the effects of growth hormone (GH) in your body. Together, IGF-1 and GH promote normal growth of bones and tissues.",يقيس هذا الاختبار كمية IGF-1 (عامل النمو الشبيه بالأنسولين 1) في الدم. IGF-1 هو هرمون يدير تأثيرات هرمون النمو (GH) في جسمك. يعمل IGF-1 و GH معًا على تعزيز النمو الطبيعي للعظام والأنسجة.,"This test measures the amount of IGF-1 (insulin-like growth factor 1) in your blood. IGF-1 is a hormone that manages the effects of growth hormone (GH) in your body. Together, IGF-1 and GH promote normal growth of bones and tissues.",يقيس هذا الاختبار كمية IGF-1 (عامل النمو الشبيه بالأنسولين 1) في الدم. IGF-1 هو هرمون يدير تأثيرات هرمون النمو (GH) في جسمك. يعمل IGF-1 و GH معًا على تعزيز النمو الطبيعي للعظام والأنسجة.,"Many factors can lead to having high IGF-1 levels such as: 
- Disorders of the pituitary gland 
Many factors can lead to having low IGF-1 levels such as: 
- Nutritional deficiencies 
- Disorders of the pituitary gland 
- Aging 
- Kidney disease 
- Liver disease 
- Elevated estrogen","ينجم ارتفاع مستويات عامل النمو الشبيه بالأنسولين 1 عن عدة أسباب، منها: 
 - اضطرابات الغدة النخامية. 
 أما انخفاض مستويات عامل النمو الشبيه بالأنسولين 1 فيرجع إلى عوامل، منها: 
 - اضطرابات الغدة النخامية. 
 - تقدم العمر. 
- أمراض الكلى. 
- أمراض الكبد. 
- ارتفاع هرمون الاستروجين.","In case of high or low IGF-1 levels: 
- Consult your doctor to rule out any underlying conditions","في حال ارتفاع أو انخفاض مستويات عامل النمو الشبيه بالأنسولين 1: 
 - استشر طبيبك لمعرفة الأسباب الكامنة وراء ذلك.",1,1,1,Normal - range: 80 to 220 | Low - range: 0 to 80 | Normal - range: 80 to 220 | Low - range: 0 to 80 | Normal - range: 29 to 200 | Normal - range: 29 to 200 | Low - range: 0 to 29 | Low - range: 0 to 29,1,1,1
155,DHEA,"Derived from cholesterol, DHEA is produced by the adrenal glands, brain, ovaries and testes, and is a precursor for the major sex hormones (estrogen, progesterone, and testosterone).",يتم إنتاج DHEA عن طريق الغدد الكظرية والدماغ والمبيض والخصيتين ، وهو يشتق من الكوليستيرول ويستخدم لإنتاج الهرمونات الجنسية الرئيسية (الإستروجين والبروجسترون والتستوستيرون),"Derived from cholesterol, DHEA is produced by the adrenal glands, brain, ovaries and testes, and is a precursor for the major sex hormones (estrogen, progesterone, and testosterone).",يتم إنتاج DHEA عن طريق الغدد الكظرية والدماغ والمبيض والخصيتين ، وهو يشتق من الكوليستيرول ويستخدم لإنتاج الهرمونات الجنسية الرئيسية (الإستروجين والبروجسترون والتستوستيرون).,"Many factors can lead to having high DHEA levels such as: 
- Polycystic Ovary Syndrome (PCOS) 
- Disorders of the adrenal glands 
- Congenital disorder called adrenal hyperplasia 
Many factors can lead to having low DHEA levels such as: 
- Disorders of the adrenal gland 
- Disorders of the pituitary gland 
- Certain glucocorticoid medications 
- Aging","ينجم ارتفاع مستويات هرمون دِيهيدرو إيبي آندروستيرون عن عدة أسباب، منها: 
 - متلازمة تكيّس المبايض. 
 - اضطرابات الغدة الكظرية. 
 - اضطراب خلقي يسمى تضخم الغدة الكظرية. 
 أما انخفاض مستويات هرمون دِيهيدرو إيبي آندروستيرون (ضمن النطاقات العادية/المرغوبة) فيرجع إلى عوامل، منها: 
 - اضطرابات الغدة الكظرية. 
 - اضطرابات الغدة النخامية. 
 - بعض الأدوية. 
 - تقدم العمر.","In case of high or low DHEA levels: 
- Consult your doctor to rule out any underlying conditions","في حال ارتفاع أو انخفاض مستويات هرمون دِيهيدرو إيبي آندروستيرون: 
 - استشر طبيبك لمعرفة الأسباب الكامنة وراء ذلك.",1,1,1,Low - range: 0 to 62 | Low - range: 0 to 111 | Normal - range: 62 to 470 | Normal - range: 111 to 743 | High - range: 743 to 2240,1,0,0
156,Total Testosterone (for Male) / Follicle Stimulating Hormone (FSH) (for Female),Please refer to individual Advanced packages for more information,Please refer to individual Advanced packages for more information,Refer individual Advanced Male/Female packages for more information,Refer individual Advanced Male/Female packages for more information,,,,,1,1,1,Low - range: 0 to 2.3 | Normal - range: 2.3 to 10 | Low - range: 0 to 0.1 | Normal - range: 0.1 to 22.5,1,0,0
157,Sex Hormone Binding Globulin (SHBG) (for Male) / Estradiol (for Female),Please refer to individual Advanced packages for more information,Please refer to individual Advanced packages for more information,Refer individual Advanced Male/Female packages for more information,Refer individual Advanced Male/Female packages for more information,,,,,1,1,1,Low - range: 0 to 14.4 | Normal - range: 14.4 to 89 | High - range: 89 to 127.5 | Low - range: 0 to 12.4 | Normal - range: 12.4 to 49.8 | High - range: 49.8 to 127.5,1,0,0
158,Free Androgen Index (FAI) (for Male) / Prolactin (for Female),Please refer to individual Advanced packages for more information,Please refer to individual Advanced packages for more information,Refer individual Advanced Male/Female packages for more information,Refer individual Advanced Male/Female packages for more information,,,,,1,1,1,High - range: 92.6 to 158.06 | Normal - range: 71 to 92.6 | High - range: 92.6 to 158.086 | Low - range: 0 to 71 | Low - range: 0 to 24.2 | Normal - range: 24.2 to 92.6,1,0,0
159,Apolipoprotein A1 (ApoA1),"Apolipoprotein A1 (ApoA1) is the primary protein associated with good cholesterol (HDL), and plays a central role in the process of recycling and removing cholesterol from the body. Much like good cholesterol, the levels of ApoA1 are associated with a lower risk of heart disease.",البروتين الدهني A1 هو البروتين الأساسي المرتبط بالكوليسترول الجيد (HDL) ، ويلعب دورًا مركزيًا في عملية إعادة تدوير وإزالة الكوليسترول من الجسم. ترتبط مستويات ApoA1 ، مثلها مثل الكوليسترول الجيد ، بانخفاض خطر الإصابة بأمراض القلب.,"Apolipoprotein A1 (ApoA1) is the primary protein associated with good cholesterol (HDL), and plays a central role in the process of recycling and removing cholesterol from the body. Much like good cholesterol, the levels of ApoA1 are associated with a lower risk of heart disease.",البروتين الدهني A1 هو البروتين الأساسي المرتبط بالكوليسترول الجيد (HDL) ، ويلعب دورًا مركزيًا في عملية إعادة تدوير وإزالة الكوليسترول من الجسم. ترتبط مستويات ApoA1 ، مثلها مثل الكوليسترول الجيد ، بانخفاض خطر الإصابة بأمراض القلب.,"Many factors can lead to having high ApoA1 levels such as: 
- Certain medications such as statins and oral contraceptives 
- Pregnancy 
- Physical activity 
- Weight loss 
- Certain genetic conditions 
Many factors can lead to having low ApoA1 levels such as: 
- Heart disease 
- Unhealthy lifestyle habits such as smoking and a diet high in fats and refined carbohydrates (like white bread and sugars) 
- Uncontrolled diabetes 
- Excess weight 
- Kidney disease 
- Liver disease 
- Certain genetic conditions","ينجم ارتفاع مستويات ApoA1 عن عدة أسباب، منها: 
- بعض الأدوية مثل الستاتين وموانع الحمل الفموية 
- الحمل 
- النشاط البدني 
- فقدان الوزن 
- حالات وراثية معينة 
 أما انخفاض مستويات ApoA1 فيرجع إلى عوامل، منها: 
- عادات نمط الحياة غير الصحية مثل التدخين واتباع نظام غذائي غني بالدهون والكربوهيدرات المكررة (مثل الخبز الأبيض والسكريات) 
- مرض السكري غير المنضبط 
- الوزن الزائد 
- أمراض الكلى 
- أمارض الكبد 
- حالات وراثية معينة","In case of high or low ApoA1 levels: 
- Consult your doctor to rule out any underlying conditions","في حال ارتفاع أو انخفاض مستويات ApoA1: 
 - استشر طبيبك لمعرفة الأسباب الكامنة وراء ذلك.",1,1,1,High - range: 175 to 203 | Normal - range: 75 to 169 | Low - range: 0 to 75 | Normal - range: 75 to 169 | Low - range: 0 to 75 | Normal - range: 104 to 175 | Low - range: 0 to 104 | High - range: 175 to 203 | Normal - range: 104 to 175 | Low - range: 0 to 104,1,1,1
160,Lipoprotein A,"Lipoprotein A is a type of bad cholesterol (or LDL) that carries fats and other lipids around the body, as such high levels are associated with heart disease.",البروتين الدهني أ هو نوع من الكوليسترول الضار (أو LDL) الذي ينقل الدهون إلى جميع أنحاء الجسم ، حيث ترتبط هذه مستوياته العالية بأمراض القلب.,"Biomarkers list with Methodology and Reference Ranges 
Biomarkers list with Methodology and Reference Ranges 
100% 
11 
D92 
 
Lipoprotein A is a type of bad cholesterol (or LDL) that carries fats and other lipids around the body, as such high levels are associated with heart disease.  
 
Lipoprotein A is a type of bad cholesterol (or LDL) that carries fats and other lipids around the body, as such high levels are associated with heart disease.  
Turn on screen reader support",البروتين الدهني أ هو نوع من الكوليسترول الضار (أو LDL) الذي ينقل الدهون إلى جميع أنحاء الجسم ، حيث ترتبط هذه مستوياته العالية بأمراض القلب.,"Many factors can lead to having high lipoprotein A levels such as: 
- Genetics 
- Heart disease 
- Pregnancy 
- Hypothyroidism 
- Chronic inflammation 
- Low testosterone or estrogen levels 
- Polycystic Ovaries Syndrome (PCOS) 
- Kidney disease 
Many factors can lead to having low (desirable) lipoprotein A levels such as: 
- Genetics  
- Consuming a balanced diet and leading a healthy lifestyle","ينجم ارتفاع مستويات البروتين الدهني A عن عدة أسباب، منها: 
- عوامل وراثية 
- أمراض القلب 
- الحمل 
- قصور الغدة الدرقية 
- الالتهابات المزمنة 
- انخفاض مستويات هرمون التستوستيرون أو هرمون الاستروجين 
- متلازمة تكيس المبايض 
- أمراض الكلى 
أما انخفاض مستويات البروتين الدهني A فيرجع إلى عوامل، منها: 
 - عوامل وراثية 
 - إتباع نظام غذائي ونمط حياة صحيين","In case of high or low lipoprotein A levels: 
- Consult your doctor to rule out any underlying conditions","في حال ارتفاع أو انخفاض مستويات البروتين الدهني A : 
 - استشر طبيبك لمعرفة الأسباب الكامنة وراء ذلك.",1,1,1,Normal - range: 0 to 29 | Normal - range: 0 to 30 | Normal - range: 0 to 30 | Normal - range: 0 to 29,1,1,1
161,ApoB/ApoA1 Ratio,This test measures the ratio of apolipoprotein B to apolipoprotein A1 and is used to evaluate the risk of heart disease.,يقيس هذا الاختبار نسبة البروتين الدهني B إلى البروتين الدهني A1 ويستخدم لتقييم مخاطر الإصابة بأمراض القلب.,This test measures the ratio of apolipoprotein B to apolipoprotein A1 and is used to evaluate the risk of heart disease.,يقيس هذا الاختبار نسبة البروتين الدهني B إلى البروتين الدهني A1 ويستخدم لتقييم مخاطر الإصابة بأمراض القلب.,"Many factors can lead to having high ApoB/ApoA1 ratio levels such as: 
- Heart disease 
- Unhealthy lifestyle habits such as smoking and a diet high in fats and refined carbohydrates (like white bread and sugars) 
- Insulin resistance and diabetes 
- Excess weight 
- Hypothyroidism  
- Kidney disease 
- Certain medications 
Many factors can lead to having low ApoB/ApoA1 ratio levels such as: 
- Liver disease 
- Inadequate protein intake 
- Hyperthyroidism 
- Certain medications","ينجم ارتفاع مستويات معدل ApoB/ApoA1 عن عدة أسباب، منها: 
- عادات نمط الحياة غير الصحية مثل التدخين واتباع نظام غذائي غني بالدهون والكربوهيدرات المكررة (مثل الخبز الأبيض والسكريات) 
- مقاومة الأنسولين ومرض السكري 
- الوزن الزائد 
- قصور الغدة الدرقية 
- أمراض الكلى 
- بعض الأدوية 
 أما انخفاض مستويات معدل ApoB/ApoA1 فيرجع إلى عوامل، منها: 
- أمراض الكبد 
- عدم تناول البروتين بكمية كافية 
- فرط نشاط الغدة الدرقية 
- بعض الأدوية","In case of high or low ApoB/ApoA1 ratio levels: 
- Consult your doctor to rule out any underlying conditions","في حال ارتفاع أو انخفاض مستويات معدل ApoB/ApoA1: 
 - استشر طبيبك لمعرفة الأسباب الكامنة وراء ذلك.",1,1,1,Lower Risk - range: 0 to 0.7 | Average Risk - range: 0.7 to 0.9 | Average Risk - range: 0.7 to 0.9 | Lower Risk - range: 0 to 0.7 | Average Risk - range: 0.77 to 0.95 | Lower Risk - range: 0 to 0.77 | Average Risk - range: 0.77 to 0.95 | Lower Risk - range: 0 to 0.77,1,1,1
162,Apolipoprotein B (ApoB),"The ApoB test measures the amount of apolipoprotein B in your blood. This test helps in analyzing whether or not you are at risk for heart disease. Apolipoprotein B attaches to harmful types of cholesterol that cause plaque buildup in blood vessels, which can lead to damage and heart disease.",يساعد هذا الاختبار في تحليل ما إذا كنت معرضًا لخطر الإصابة بأمراض القلب أم لا. يرتبط البروتين الدهني B بالأنواع الضارة من الكوليسترول التي تسبب تراكم الترسبات في الأوعية الدموية ، مما قد يؤدي إلى التلف وأمراض القلب.,"The ApoB test measures the amount of apolipoprotein B in your blood. This test helps in analyzing whether or not you are at risk for heart disease. Apolipoprotein B attaches to harmful types of cholesterol that cause plaque buildup in blood vessels, which can lead to damage and heart disease.",يساعد هذا الاختبار في تحليل ما إذا كنت معرضًا لخطر الإصابة بأمراض القلب أم لا. يرتبط البروتين الدهني B بالأنواع الضارة من الكوليسترول التي تسبب تراكم الترسبات في الأوعية الدموية ، مما قد يؤدي إلى التلف وأمراض القلب.,"Many factors can lead to having high ApoB levels such as: 
- Heart disease 
- Unhealthy lifestyle habits such as smoking and a diet high in fats and refined carbohydrates (like white bread and sugars) 
- Insulin resistance and diabetes 
- Excess weight 
- Hypothyroidism  
- Kidney disease 
- Certain medications 
Many factors can lead to having low ApoB levels such as: 
- Liver disease 
- Inadequate protein intake 
- Hyperthyroidism 
- Certain medications","ينجم ارتفاع مستويات ApoB عن عدة أسباب، منها: 
- عادات نمط الحياة غير الصحية مثل التدخين واتباع نظام غذائي غني بالدهون والكربوهيدرات المكررة (مثل الخبز الأبيض والسكريات) 
- مقاومة الأنسولين ومرض السكري 
- الوزن الزائد 
- قصور الغدة الدرقية 
- أمراض الكلى 
- بعض الأدوية 
 أما انخفاض مستويات ApoB فيرجع إلى عوامل، منها: 
- أمراض الكبد 
- عدم تناول البروتين بكمية كافية 
- فرط نشاط الغدة الدرقية 
- بعض الأدوية","In case of high or low ApoB levels: 
- Consult your doctor to rule out any underlying conditions","في حال ارتفاع أو انخفاض مستويات ApoB: 
 - استشر طبيبك لمعرفة الأسباب الكامنة وراء ذلك.",1,1,1,Normal - range: 45 to 174 | Low - range: 0 to 45 | Normal - range: 45 to 174 | Low - range: 0 to 45 | High - range: 130 to 170 | Normal - range: 54 to 130 | Normal - range: 0 to 54 | High - range: 130 to 170 | Normal - range: 54 to 130 | Normal - range: 0 to 54,1,1,1
163,Folate,"Folate is one of many B vitamins needed by the body to make red blood cells, white blood cells, platelets, and also for normal cell growth. Folate also plays an important role in the development of healthy babies during pregnancy.",الفوليت أو حمض الفوليك هو أحد أنواع الفيتامين ب التي يحتاجها الجسم لإنتاج خلايا الدم الحمراء وخلايا الدم البيضاء والصفائح الدموية ونمو الخلايا بشكل طبيعي. يلعب حمض الفوليك أيضًا دورًا مهمًا في النمو الصحيح للأجنة أثناء الحمل.,"Folate is one of many B vitamins needed by the body to make red blood cells, white blood cells, platelets, and also for normal cell growth. Folate also plays an important role in the development of healthy babies during pregnancy.",الفوليت أو حمض الفوليك هو أحد أنواع الفيتامين ب التي يحتاجها الجسم لإنتاج خلايا الدم الحمراء وخلايا الدم البيضاء والصفائح الدموية ونمو الخلايا بشكل طبيعي. يلعب حمض الفوليك أيضًا دورًا مهمًا في النمو الصحيح للأجنة أثناء الحمل.,"Many factors can lead to having high folate levels such as: 
- Folic acid supplementation  
- Vitamin B12 deficiency 
- Hemolyzed blood samples 
Many factors can lead to having low folate levels such as: 
- Inadequate folate intake 
- Digestive issues  
- Excessive alcohol consumption 
- Hemolytic anemia 
- Certain medications","ينجم ارتفاع مستويات الفوليت عن عدة أسباب، منها: 
- مكملات حمض الفوليك 
- نقص فيتامين ب 12 
- عينات الدم المتحللة 
أما انخفاض مستويات الفوليت فيرجع إلى عوامل، منها: 
- عدم كفاية تناول حمض الفوليك 
- مشاكل في الجهاز الهضمي 
- الإفراط في تناول الكحول 
- فقر الدم الانحلالي 
- بعض الأدوية","In case of high folate levels: 
- Avoid folic acid containing supplements under professional supervision 
- Take a blood test to rule out vitamin B12 deficiency  
In case of low folate levels: 
- Consider folic acid supplementation under professional supervision 
- Increase your intake of fruits, vegetables and foods fortified with folic acid","في حال ارتفاع مستويات الفوليت: 
- تجنب المكملات المحتوية على حمض الفوليك تحت إشراف متخصص 
- إجراء فحص دم لاستبعاد نقص فيتامين ب 12 
أما في حال انخفاض مستويات الفوليت: 
- تناول مكملات حمض الفوليك تحت إشراف متخصص 
- زد من تناول الفواكه والخضروات والأطعمة المدعمة بحمض الفوليك",1,1,1,Normal - range: 2.6 to 25 | Low - range: 0 to 2.6 | Normal - range: 5.2 to 24 | Low - range: 0 to 5.2 | Normal - range: 5.2 to 24 | Low - range: 0 to 5.2 | Normal - range: 2.6 to 25 | Low - range: 0 to 2.6,1,1,1
164,HOMA - IR,This test measures how resistant your cells are to insulin (Insulin resistance) even if the sugar content in your blood is within acceptable levels,يقيس هذا الاختبار مدى مقاومة خلاياك للأنسولين حتى لو كان محتوى السكر في دمك ضمن المستويات المقبولة,This test measures how resistant your cells are to insulin (Insulin resistance) even if the sugar content in your blood is within acceptable levels,يقيس هذا الاختبار مدى مقاومة خلاياك للأنسولين حتى لو كان محتوى السكر في دمك ضمن المستويات المقبولة,,,,,1,1,1,Normal - range: 0.5 to 1.4 | Low - range: 0 to 0.5 | Optimal - range: 0 to 1.9 | Normal - range: 0.5 to 1.4 | Low - range: 0 to 0.5 | High Risk - range: 1.9 to 2.9 | High Risk - range: 1.9 to 2.9 | optimal - range: 0 to 1.9,1,1,1
165,Anti-Mullerian Hormone (AMH),"AMH tests are mainly used with other tests to make decisions about treating female infertility. Check how many eggs you have left in your ovaries, predict how well you may respond to fertility medicine and help diagnose and monitor problems within the ovaries.",تُستخدم اختبارات AMH بشكل أساسي مع الاختبارات الأخرى لاتخاذ قرارات بشأن علاج العقم عند النساء من خلال التحقق من عدد البويضات المتبقية في المبايض ، وتوقع مدى استجابتك لعلاجات الخصوبة والمساعدة في تشخيص ومراقبة مشاكل المبايض,"AMH tests are mainly used with other tests to make decisions about treating female infertility. Check how many eggs you have left in your ovaries, predict how well you may respond to fertility medicine and help diagnose and monitor problems within the ovaries.",تُستخدم اختبارات AMH بشكل أساسي مع الاختبارات الأخرى لاتخاذ قرارات بشأن علاج العقم عند النساء من خلال التحقق من عدد البويضات المتبقية في المبايض ، وتوقع مدى استجابتك لعلاجات الخصوبة والمساعدة في تشخيص ومراقبة مشاكل المبايض,,,,,1,1,1,Low - range: 0 to 0.575 | Normal - range: 0.575 to 8.13 | High - range: 8.13 to 50 | Low - range: 0 to 0.575 | Normal - range: 0.575 to 8.13 | High - range: 8.13 to 50 | Normal - range: 0.02 to 25 | Low - range: 0 to 0.01 | Normal - range: 0.01 to 25 | Low - range: 0 to 0.01 | Normal - range: 0.01 to 25 | Anti Mullerian Hormone - range: 0.02 to 25,1,1,1
167,Immunoglobulin E (IgE) Total,Immunoglobulin E (IgE) Total,Immunoglobulin E (IgE) Total,Immunoglobulin E (IgE) Total,Immunoglobulin E (IgE) Total,,,,,1,1,1,High - range: 190 to 999 | Normal - range: 1 to 190 | High - range: 190 to 999 | Normal - range: 1 to 190 | Normal - range: 0 to 160 | Normal - range: 0 to 160,1,1,1
168,Immunoglobulin A (IgA),Immunoglobulin A (IgA),Immunoglobulin A (IgA),Immunoglobulin A (IgA),Immunoglobulin A (IgA),,,,,1,1,1,High - range: 40 to 999 | Normal - range: 7 to 40 | Low - range: 0 to 7 | High - range: 40 to 999 | Normal - range: 7 to 40 | Low - range: 0 to 7 | Normal - range: 0.6 to 4 | Low - range: 0 to 0.6 | Normal - range: 0.6 to 4 | Low - range: 0 to 0.6,1,1,1
169,Bilirubin (Indirect),Bilirubin (indirect),Bilirubin (indirect),Bilirubin (Indirect),البيليروبين (غير مباشر),,,,,1,1,1,Normal - range: 0 to 1 | Normal - range: 0 to 1 | High - range: 1 to 2 | Normal - range: 0 to 1 | Normal - range: 0 to 1,1,1,1
170,Amylase,Amylase,Amylase,Amylase,Amylase,,,,,1,1,1,Low - range: 0 to 21 | Normal - range: 21 to 80 | Normal - range: 21 to 80 | Low - range: 0 to 21 | Normal - range: 29 to 118 | Low - range: 0 to 29 | Normal - range: 29 to 118 | Low - range: 0 to 29,1,1,1
171,Lipase,Lipase,Lipase,Lipase,Lipase,,,,,1,1,1,Low - range: 0 to 13 | Normal - range: 0 to 67 | Normal - range: 0 to 67 | High - range: 60 to 160 | Normal - range: 13 to 60 | High - range: 60 to 160 | Normal - range: 13 to 60 | Low - range: 0 to 13,1,1,1
172,Glucose (random),Glucose (random),Glucose (random),Glucose (random),Glucose (random),,,,,1,1,1,Normal - range: 0 to 200 | Low - range: 0 to 75 | Normal - range: 75 to 126 | High - range: 126 to 500 | Low - range: 0 to 75 | Normal - range: 75 to 126 | High - range: 126 to 500 | Normal - range: 0 to 200,1,1,1
173,Anti Thyroglobulin Abs,Anti Thyroglobulin Antibodies,Anti Thyroglobulin Antibodies,Anti Thyroglobulin Abs,Anti Thyroglobulin Abs,,,,,1,1,1,Negative - range: 0 to 100 | Positive - range: 150 to 500 | Boderline - range: 100 to 150 | Positive - range: 150 to 500 | Boderline - range: 100 to 150 | Normal - range: 0 to 115 | Normal - range: 0 to 115 | Negative - range: 0 to 100,1,1,1
174,Dihydrotestosterone (DHT),Dihydrotestosterone (DHT),Dihydrotestosterone (DHT),Dihydrotestosterone (DHT),Dihydrotestosterone (DHT),,,,,1,1,1,Normal - range: 0 to 0.59 | Normal - range: 0 to 0.59 | Normal - range: 0.142 to 0.842 | Normal - range: 0.142 to 0.842 | Low - range: 0 to 0.142 | Low - range: 0 to 0.142,1,1,1
175,Erythrocyte Sedimentation Rate (ESR),Erythrocyte Sedimentation Rate (ESR),Erythrocyte Sedimentation Rate (ESR),Erythrocyte Sedimentation Rate (ESR),Erythrocyte Sedimentation Rate (ESR),,,,,1,1,1,Normal - range: 1 to 20 | Normal - range: 1 to 20 | Normal - range: 3 to 15 | Low - range: 0 to 3 | Normal - range: 3 to 15 | Low - range: 0 to 3,1,1,1
176,Anti Thyroid Peroxidase Abs (TPO),Anti Thyroid Peroxidase Abs (TPO),Anti Thyroid Peroxidase Abs (TPO),Anti Thyroid Peroxidase Abs (TPO),Anti Thyroid Peroxidase Abs (TPO),,,,,1,1,1,Normal - range: 0 to 30 | Normal - range: 0 to 30 | Normal - range: 0 to 60 | Normal - range: 0 to 60,1,1,1
177,Total T3,Total T3,Total T3,T3 (Triiodothyronine),T3 (Triiodothyronine),,,,,1,1,1,Normal - range: 1.33 to 2.73 | Normal - range: 1.33 to 2.73 | Low - range: 0 to 1.33 | Low - range: 0 to 1.33 | High - range: 2.15 to 10 | Normal - range: 0.8 to 2.15 | High - range: 2.15 to 10 | Normal - range: 0.8 to 2.15,1,1,1
178,Total T4,Total T4,Total T4,Total T4,Total T4,,,,,1,1,1,Low - range: 0 to 5 | Normal - range: 5 to 13 | High - range: 13 to 500 | Low - range: 0 to 5 | High - range: 13 to 500 | Low - range: 0 to 6.08 | Normal - range: 6.08 to 12.23 | Low - range: 0 to 6.08 | Normal - range: 6.08 to 12.23 | Normal - range: 5 to 13,1,1,1
179,Magnesium RBC,Magnesium RBC,Magnesium RBC,Magnesium RBC,Magnesium RBC,,,,,1,1,1,Normal - range: 3.9 to 7 | Normal - range: 3.9 to 7 | Low - range: 0 to 3.9 | Low - range: 0 to 3.9 | High - range: 7 to 50 | Normal - range: 3.7 to 7 | Low - range: 0 to 3.7 | High - range: 7 to 50 | Normal - range: 3.7 to 7 | Low - range: 0 to 3.7,1,1,1
180,Bicarbonate,Bicarbonate,Bicarbonate,Bicarbonate,Bicarbonate,,,,,1,1,1,Low - range: 0 to 21 | Normal - range: 21 to 30 | High - range: 30 to 100 | Low - range: 0 to 21 | Normal - range: 21 to 30 | High - range: 30 to 100 | Low - range: 0 to 22 | Normal - range: 22 to 29 | High - range: 29 to 50 | Lo - range: 0 to 22 | High - range: 29 to 50 | Normal - range: 22 to 29,1,1,1
181,Anti Nuclear Antibody (ANA),Anti nuclear Antibody (ANA) Screening,Anti nuclear Antibody (ANA) Screening,Anti Nuclear Antibody (ANA),Anti Nuclear Antibody (ANA),,,,,1,1,1,Negative - range: 0 to 40 | Positive - range: 40 to 999 | Negative - range: 0 to 40 | Positive - range: 40 to 999 | Negative - range: 0 to 40 | Positive - range: 40 to 999 | Negative - range: 0 to 40 | Positive - range: 40 to 999,1,1,1
182,Selenium,Selenium,Selenium,Selenium,Selenium,,,,,1,1,1,High - range: 149 to 999 | Normal - range: 92 to 150 | Low - range: 0 to 92 | Normal - range: 92 to 150 | Low - range: 0 to 92 | Normal - range: 56 to 149 | Low - range: 0 to 56 | High - range: 149 to 999 | Normal - range: 56 to 149 | Low - range: 0 to 56,1,1,1
183,Parathyroid Hormone (PTH),Parathyroid Hormone (PTH),Parathyroid Hormone (PTH),Parathyroid Hormone (PTH),Parathyroid Hormone (PTH),,,,,1,1,1,Low - range: 0 to 18.4 | Normal - range: 18.4 to 80.1 | High - range: 80.1 to 200 | Low - range: 0 to 18.4 | Normal - range: 18.4 to 80.1 | High - range: 80.1 to 200 | Low - range: 0 to 18.4 | Normal - range: 18.4 to 80.1 | Low - range: 0 to 18.4 | Normal - range: 18.4 to 80.1 | High - range: 80.1 to 200 | High - range: 80.1 to 200,1,1,1
184,Vitamin D3,Vitamin D3 (Cholecalciferol),Vitamin D3 (Cholecalciferol),Vitamin D3,Vitamin D3,,,,,1,1,1,Insufficient - range: 19 to 29 | Optimal - range: 59 to 100 | Sufficient - range: 29 to 59 | Insufficient - range: 19 to 29 | Deficient - range: 0 to 19 | Optimal - range: 59 to 100 | Sufficient - range: 29 to 59 | Deficient - range: 0 to 19 | optimal - range: 59 to 100 | Optimal - range: 59 to 100 | Sufficient - range: 29 to 59 | Insufficient - range: 19 to 29 | Deficient - range: 0 to 19 | Sufficient - range: 29 to 59 | Insufficient - range: 19 to 29 | Deficient - range: 0 to 19,1,1,1
185,Helicobacter Pylori IGG Antibody,Helicobacter Pylori IGG Antibody,Helicobacter Pylori IGG Antibody,Helicobacter Pylori IGG Antibody,Helicobacter Pylori IGG Antibody,,,,,1,1,1,Negative - range: 0 to 0.9 | Positive - range: 0.9 to 10 | Negative - range: 0 to 0.9 | Positive - range: 0.9 to 10 | Negative - range: 0 to 20 | Equivocal - range: 20 to 25 | Negative - range: 0 to 20 | Equivocal - range: 20 to 25,1,1,1
186,Thyroglobulin (TG),Thyroglobulin (TG),Thyroglobulin (TG),Thyroglobulin (TG),Thyroglobulin (TG),,,,,1,1,1,Normal - range: 3.4 to 77 | High - range: 77 to 100 | low - range: 0 to 3.4 | High - range: 77 to 100 | Normal - range: 3.4 to 77 | low - range: 0 to 3.4,1,0,0
187,"Thyroid Stimulating Immunoglobulin, TSI","Thyroid Stimulating Immunoglobulin, TSI","Thyroid Stimulating Immunoglobulin, TSI","Thyroid Stimulating Immunoglobulin, TSI","Thyroid Stimulating Immunoglobulin, TSI",,,,,1,1,1,Normal - range: 0 to 1.75 | Normal - range: 0 to 1.75 | High - range: 1.75 to 10 | High - range: 1.75 to 10,1,0,0
188,Insulin PP,Insulin Postprandial,Insulin Postprandial,Post Prandial Insulin,Post Prandial Insulin,,,,,1,1,1,Normal - range: 5 to 55 | High - range: 55 to 100 | Normal - range: 5 to 55 | Low - range: 0 to 5 | High - range: 55 to 100 | Low - range: 0 to 5,1,0,0
189,Glucose PP,Glucose Postprandial,Glucose Postprandial,Glucose Post Prandial (2 hour after eating),Glucose Post Prandial (2 hour after eating),,,,,1,1,1,Low - range: 0 to 69 | Normal - range: 69 to 140 | Prediabetic - range: 140 to 199 | Low - range: 0 to 69 | Normal - range: 69 to 140 | Prediabetic - range: 140 to 199 | Low - range: 0 to 69 | Normal - range: 69 to 140 | Low - range: 0 to 69 | Normal - range: 69 to 140 | Prediabetic - range: 140 to 199 | Prediabetic - range: 140 to 199,1,1,1
190,17-OH Progesterone,17 Hydroxy Progesterone,17 Hydroxy Progesterone,17-OH Progesterone,17-OH Progesterone,,,,,1,1,1,Low - range: 0 to 1 | Low - range: 0 to 1,1,0,0
191,Vitamin B7 (Biotin),Vitamin B7 (Biotin),Vitamin B7 (Biotin),Vitamin B7 (Biotin),Vitamin B7 (Biotin),,,,,1,1,1,Deficiency - range: 0 to 100 | Borderline - range: 100 to 249 | Sufficient Supply - range: 249 to 10000 | Deficiency - range: 0 to 100 | Borderline - range: 100 to 249 | Sufficient Supply - range: 249 to 10000,1,0,0
192,Growth Hormone (Somatotropin),Growth Hormone (Somatotropin),Growth Hormone (Somatotropin),Growth Hormone (Somatotropin),Growth Hormone (Somatotropin),,,,,1,1,1,High - range: 2470 to 99999 | High - range: 2470 to 99999 | Normal - range: 0 to 2470 | Normal - range: 0 to 2470,1,0,0
193,Creatine Kinase- MB (CK-MB),Creatine Kinase- MB (CK-MB),Creatine Kinase- MB (CK-MB),Creatine Kinase- MB (CK-MB),Creatine Kinase- MB (CK-MB),,,,,1,1,1,Normal - range: 0 to 5 | High - range: 5 to 25 | Normal - range: 0 to 5 | High - range: 5 to 25,1,0,0
194,Vit B6,Vit B6 (Pyridoxine),Vit B6 (Pyridoxine),Vit B6,Vit B6,,,,,1,1,1,Low - range: 0 to 1 | Low - range: 0 to 1 | Low - range: 0 to 12.5 | Normal - range: 12.5 to 45.2 | Low - range: 0 to 12.5 | Normal - range: 12.5 to 45.2,1,1,1
195,Vitamin B6 (Pyridoxine),Vitamin B6 (Pyridoxine),Vitamin B6 (Pyridoxine),Vitamin B6 (Pyridoxine),Vitamin B6 (Pyridoxine),,,,,1,1,1,Normal - range: 12.5 to 45.2 | Normal - range: 12.5 to 45.2 | Low - range: 0 to 12.5 | Low - range: 0 to 12.5 | Optimal - range: 30 to 65 | Normal - range: 4.5 to 30 | Normal - range: 4.5 to 30 | Low - range: 0 to 4.5 | Low - range: 0 to 4.5 | Optimal - range: 30 to 65,1,1,1
196,Aldosterone,Aldosterone,Aldosterone,Aldosterone,Aldosterone,,,,,1,1,1,Low - range: 0 to 59 | Normal - range: 59 to 850 | Normal - range: 59 to 850 | Low - range: 0 to 59,1,0,0
197,"Prothrombin Time (PT, INR)","Prothrombin Time (PT, INR)","Prothrombin Time (PT, INR)","Prothrombin Time (PT, INR)",زمن البروثرومبين (PT، INR),,,,,1,1,1,Increased risk - range: 0 to 10 | Increased risk - range: 0 to 10 | Normal - range: 10 to 15 | Normal - range: 10 to 15 | Increased risk - range: 0 to 10 | Normal - range: 10 to 15 | Increased risk - range: 0 to 10 | Normal - range: 10 to 15,1,1,1
198,Rheumatoid Factor : RA Factor,Rheumatoid Factor : RA Factor,Rheumatoid Factor : RA Factor,Rheumatoid Factor : RA Factor,عامل الروماتويد : عامل RA,,,,,1,1,1,Negative - range: 0 to 8 | Negative - range: 0 to 8 | Negative - range: 0 to 8 | Negative - range: 0 to 8,1,1,1
199,Copper,Vit B6 (Pyridoxine),Vit B6 (Pyridoxine),Copper,نحاس,,,,,1,1,1,Normal - range: 79 to 155 | Low - range: 0 to 79 | Normal - range: 79 to 155 | Low - range: 0 to 79,1,0,0
200,Copper,Copper,Copper,Copper,نحاس,,,,,1,1,1,Normal - range: 80 to 155 | Normal - range: 69 to 150 | Low - range: 0 to 69 | Normal - range: 69 to 150 | Low - range: 0 to 69 | Normal - range: 80 to 155 | Low - range: 0 to 80 | Low - range: 0 to 80,1,1,1
201,Ceruloplasmin,Ceruloplasmin,Ceruloplasmin,Ceruloplasmin,سيرولوبلازمين,,,,,1,1,1,Low - range: 0 to 20 | Normal - range: 20 to 60 | Low - range: 0 to 20 | Normal - range: 20 to 60,1,0,0
202,Estrone (E1),Estrone (E1),Estrone (E1),Estrone (E1),إسترون (E1),,,,,1,1,1,Pre or post menopaus - range: 10.1 to 136.8 | Pre or post menopaus - range: 10.1 to 136.8,1,0,0
203,Activated Partial Thromboplastin Time (aPTT),Activated Partial Thromboplastin Time (aPTT),Activated Partial Thromboplastin Time (aPTT),Activated Partial Thromboplastin Time (aPTT),تنشيط زمن الثرومبوبلاستين الجزئي (aPTT),,,,,1,1,1,Normal - range: 29 to 42.2 | Low - range: 0 to 29 | Normal - range: 29 to 42.2 | Low - range: 0 to 29 | Normal - range: 25.4 to 38.4 | Low - range: 0 to 25.4 | Normal - range: 25.4 to 38.4 | Low - range: 0 to 25.4,1,1,1
204,Platelet Count,Platelet Count,Platelet Count,Platelet Count,Platelet Count,,,,,1,1,1,Normal - range: 149 to 450 | Normal - range: 150 to 450 | Low - range: 0 to 150 | Normal - range: 150 to 450 | Low - range: 0 to 150 | High - range: 450 to 520 | Low - range: 0 to 149 | High - range: 450 to 520 | Normal - range: 149 to 450 | Low - range: 0 to 149,1,1,1
205,Candida Albicans,Candida Albicans,كانيدا البكانز,Candida Albicans,كانيدا البكانز,,,,,1,1,1,Negative - range: 0 to 0.34 | Low threshold - range: 0.34 to 0.69 | High - range: 17.49 to 49 | Negative - range: 0 to 0.34 | Low threshold - range: 0.34 to 0.69 | Moderate reaction - range: 0.69 to 17.49 | High - range: 17.49 to 49 | Moderate reaction - range: 0.69 to 17.49,1,0,0
206,Broad Bean,Broad Bean,Broad Bean,Broad Bean,Broad Bean,,,,,1,1,1,Moderate reaction - range: 0.69 to 17.49 | High - range: 17.49 to 49 | Low threshold - range: 0.34 to 0.69 | Negative - range: 0 to 0.34 | High - range: 17.49 to 49 | Moderate reaction - range: 0.69 to 17.49 | Low threshold - range: 0.34 to 0.69 | Negative - range: 0 to 0.34,1,0,0
207,Lens,Lens,Lens,Lens,Lens,,,,,1,1,1,High - range: 17.49 to 49 | High - range: 17.49 to 49 | Moderate reaction - range: 0.69 to 17.49 | Low threshold - range: 0.34 to 0.69 | Negative - range: 0 to 0.34 | Moderate reaction - range: 0.69 to 17.49 | Low threshold - range: 0.34 to 0.69 | Negative - range: 0 to 0.34,1,0,0
208,Tomato,Tomato,Tomato,Tomato,Tomato,,,,,1,1,1,Negative - range: 0 to 0.34 | Low threshold - range: 0.34 to 0.69 | High - range: 17.49 to 49 | Negative - range: 0 to 0.34 | Low threshold - range: 0.34 to 0.69 | Moderate reaction - range: 0.69 to 17.49 | High - range: 17.49 to 49 | Moderate reaction - range: 0.69 to 17.49,1,0,0
209,Onion,Onion,Onion,Onion,Onion,,,,,1,1,1,Moderate reaction - range: 0.69 to 17.49 | High - range: 17.49 to 49 | Low threshold - range: 0.34 to 0.69 | Negative - range: 0 to 0.34 | High - range: 17.49 to 49 | Moderate reaction - range: 0.69 to 17.49 | Low threshold - range: 0.34 to 0.69 | Negative - range: 0 to 0.34,1,0,0
210,Egg White,Egg White,Egg White,Egg White,Egg White,,,,,1,1,1,High - range: 17.49 to 49 | High - range: 17.49 to 49 | Moderate reaction - range: 0.69 to 17.49 | Low threshold - range: 0.34 to 0.69 | Negative - range: 0 to 0.34 | Moderate reaction - range: 0.69 to 17.49 | Low threshold - range: 0.34 to 0.69 | Negative - range: 0 to 0.34,1,0,0
211,Milk,Milk,Milk,Milk,Milk,,,,,1,1,1,Negative - range: 0 to 0.34 | Low threshold - range: 0.34 to 0.69 | High - range: 17.49 to 49 | Negative - range: 0 to 0.34 | Low threshold - range: 0.34 to 0.69 | Moderate reaction - range: 0.69 to 17.49 | High - range: 17.49 to 49 | Moderate reaction - range: 0.69 to 17.49,1,0,0
212,Cheese (Cow),Cheese (Cow),Cheese (Cow),Cheese (Cow),Cheese (Cow),,,,,1,1,1,Moderate reaction - range: 0.69 to 17.49 | High - range: 17.49 to 49 | Low threshold - range: 0.34 to 0.69 | Negative - range: 0 to 0.34 | High - range: 17.49 to 49 | Moderate reaction - range: 0.69 to 17.49 | Low threshold - range: 0.34 to 0.69 | Negative - range: 0 to 0.34,1,0,0
213,Duck,Duck,Duck,Duck,Duck,,,,,1,1,1,High - range: 17.49 to 49 | High - range: 17.49 to 49 | Moderate reaction - range: 0.69 to 17.49 | Low threshold - range: 0.34 to 0.69 | Negative - range: 0 to 0.34 | Moderate reaction - range: 0.69 to 17.49 | Low threshold - range: 0.34 to 0.69 | Negative - range: 0 to 0.34,1,0,0
214,Crab / Shrimp,Crab / Shrimp,Crab / Shrimp,Crab / Shrimp,Crab / Shrimp,,,,,1,1,1,Negative - range: 0 to 0.34 | Low threshold - range: 0.34 to 0.69 | High - range: 17.49 to 49 | Negative - range: 0 to 0.34 | Low threshold - range: 0.34 to 0.69 | Moderate reaction - range: 0.69 to 17.49 | High - range: 17.49 to 49 | Moderate reaction - range: 0.69 to 17.49,1,0,0
215,Apple,Apple,Apple,Apple,Apple,,,,,1,1,1,Moderate reaction - range: 0.69 to 17.49 | High - range: 17.49 to 49 | Low threshold - range: 0.34 to 0.69 | Negative - range: 0 to 0.34 | High - range: 17.49 to 49 | Moderate reaction - range: 0.69 to 17.49 | Low threshold - range: 0.34 to 0.69 | Negative - range: 0 to 0.34,1,0,0
216,Banana,Banana,Banana,Banana,Banana,,,,,1,1,1,High - range: 17.49 to 49 | High - range: 17.49 to 49 | Moderate reaction - range: 0.69 to 17.49 | Low threshold - range: 0.34 to 0.69 | Negative - range: 0 to 0.34 | Moderate reaction - range: 0.69 to 17.49 | Low threshold - range: 0.34 to 0.69 | Negative - range: 0 to 0.34,1,0,0
217,Strawberry,Strawberry,Strawberry,Strawberry,Strawberry,,,,,1,1,1,Negative - range: 0 to 0.34 | Low threshold - range: 0.34 to 0.69 | High - range: 17.49 to 49 | Negative - range: 0 to 0.34 | Low threshold - range: 0.34 to 0.69 | Moderate reaction - range: 0.69 to 17.49 | High - range: 17.49 to 49 | Moderate reaction - range: 0.69 to 17.49,1,0,0
218,Grapes,Grapes,Grapes,Grapes,Grapes,,,,,1,1,1,Moderate reaction - range: 0.69 to 17.49 | High - range: 17.49 to 49 | Low threshold - range: 0.34 to 0.69 | Negative - range: 0 to 0.34 | High - range: 17.49 to 49 | Moderate reaction - range: 0.69 to 17.49 | Low threshold - range: 0.34 to 0.69 | Negative - range: 0 to 0.34,1,0,0
219,Olive,Olive,Olive,Olive,Olive,,,,,1,1,1,High - range: 17.49 to 49 | High - range: 17.49 to 49 | Moderate reaction - range: 0.69 to 17.49 | Low threshold - range: 0.34 to 0.69 | Negative - range: 0 to 0.34 | Moderate reaction - range: 0.69 to 17.49 | Low threshold - range: 0.34 to 0.69 | Negative - range: 0 to 0.34,1,0,0
220,Bell Pepper,Bell Pepper,Bell Pepper,Bell Pepper,Bell Pepper,,,,,1,1,1,Negative - range: 0 to 0.34 | Low threshold - range: 0.34 to 0.69 | High - range: 17.49 to 49 | Negative - range: 0 to 0.34 | Low threshold - range: 0.34 to 0.69 | Moderate reaction - range: 0.69 to 17.49 | High - range: 17.49 to 49 | Moderate reaction - range: 0.69 to 17.49,1,0,0
221,"Oak, White","Oak, White",ضٔا البلوط شجر,"Oak, White","Oak, White",,,,,1,1,1,Moderate reaction - range: 0.69 to 17.49 | High - range: 17.49 to 49 | Low threshold - range: 0.34 to 0.69 | Negative - range: 0 to 0.34 | High - range: 17.49 to 49 | Moderate reaction - range: 0.69 to 17.49 | Low threshold - range: 0.34 to 0.69 | Negative - range: 0 to 0.34,1,0,0
222,Eucalyptus,Eucalyptus,الكينا شجر,Eucalyptus,Eucalyptus,,,,,1,1,1,High - range: 17.49 to 49 | High - range: 17.49 to 49 | Moderate reaction - range: 0.69 to 17.49 | Low threshold - range: 0.34 to 0.69 | Negative - range: 0 to 0.34 | Moderate reaction - range: 0.69 to 17.49 | Low threshold - range: 0.34 to 0.69 | Negative - range: 0 to 0.34,1,0,0
223,Desert Palm pollen,Desert Palm pollen,لقاحات أشجار النخيل,Desert Palm pollen,Desert Palm pollen,,,,,1,1,1,Negative - range: 0 to 0.34 | Low threshold - range: 0.34 to 0.69 | High - range: 17.49 to 49 | Negative - range: 0 to 0.34 | Low threshold - range: 0.34 to 0.69 | Moderate reaction - range: 0.69 to 17.49 | High - range: 17.49 to 49 | Moderate reaction - range: 0.69 to 17.49,1,0,0
224,Acacia-Mesquite mix,Acacia-Mesquite mix,مخلوط شجر الاكاسيا والمسكت,Acacia-Mesquite mix,Acacia-Mesquite mix,,,,,1,1,1,Moderate reaction - range: 0.69 to 17.49 | High - range: 17.49 to 49 | Low threshold - range: 0.34 to 0.69 | Negative - range: 0 to 0.34 | High - range: 17.49 to 49 | Moderate reaction - range: 0.69 to 17.49 | Low threshold - range: 0.34 to 0.69 | Negative - range: 0 to 0.34,1,0,0
225,Grain Pollen Mix,Grain Pollen Mix,مخلوط لقاحات الحبوب,Grain Pollen Mix,Grain Pollen Mix,,,,,1,1,1,High - range: 17.49 to 49 | High - range: 17.49 to 49 | Moderate reaction - range: 0.69 to 17.49 | Low threshold - range: 0.34 to 0.69 | Negative - range: 0 to 0.34 | Moderate reaction - range: 0.69 to 17.49 | Low threshold - range: 0.34 to 0.69 | Negative - range: 0 to 0.34,1,0,0
226,Mixed Grasses,Mixed Grasses,مخلوط الأعشاب,Mixed Grasses,Mixed Grasses,,,,,1,1,1,Negative - range: 0 to 0.34 | Low threshold - range: 0.34 to 0.69 | High - range: 17.49 to 49 | Negative - range: 0 to 0.34 | Low threshold - range: 0.34 to 0.69 | Moderate reaction - range: 0.69 to 17.49 | High - range: 17.49 to 49 | Moderate reaction - range: 0.69 to 17.49,1,0,0
227,Peanut,Peanut,Peanut,Peanut,Peanut,,,,,1,1,1,Moderate reaction - range: 0.69 to 17.49 | High - range: 17.49 to 49 | Low threshold - range: 0.34 to 0.69 | Negative - range: 0 to 0.34 | High - range: 17.49 to 49 | Moderate reaction - range: 0.69 to 17.49 | Low threshold - range: 0.34 to 0.69 | Negative - range: 0 to 0.34,1,0,0
228,CCD1 Bromelain,CCD1 Bromelain,CCD1 Bromelain,CCD1 Bromelain,CCD1 Bromelain,,,,,1,1,1,High - range: 17.49 to 49 | High - range: 17.49 to 49 | Moderate reaction - range: 0.69 to 17.49 | Low threshold - range: 0.34 to 0.69 | Negative - range: 0 to 0.34 | Moderate reaction - range: 0.69 to 17.49 | Low threshold - range: 0.34 to 0.69 | Negative - range: 0 to 0.34,1,0,0
229,Hazelnut,Hazelnut,Hazelnut,Hazelnut,Hazelnut,,,,,1,1,1,Negative - range: 0 to 0.34 | Low threshold - range: 0.34 to 0.69 | High - range: 17.49 to 49 | Negative - range: 0 to 0.34 | Low threshold - range: 0.34 to 0.69 | Moderate reaction - range: 0.69 to 17.49 | High - range: 17.49 to 49 | Moderate reaction - range: 0.69 to 17.49,1,0,0
230,CCD3 Ascorbat Oxidase,CCD3 Ascorbat Oxidase,CCD3 Ascorbat Oxidase,CCD3 Ascorbat Oxidase,CCD3 Ascorbat Oxidase,,,,,1,1,1,Moderate reaction - range: 0.69 to 17.49 | High - range: 17.49 to 49 | Low threshold - range: 0.34 to 0.69 | Negative - range: 0 to 0.34 | High - range: 17.49 to 49 | Moderate reaction - range: 0.69 to 17.49 | Low threshold - range: 0.34 to 0.69 | Negative - range: 0 to 0.34,1,0,0
231,Cashew nut,Cashew nut,Cashew nut,Cashew nut,Cashew nut,,,,,1,1,1,High - range: 17.49 to 49 | High - range: 17.49 to 49 | Moderate reaction - range: 0.69 to 17.49 | Low threshold - range: 0.34 to 0.69 | Negative - range: 0 to 0.34 | Moderate reaction - range: 0.69 to 17.49 | Low threshold - range: 0.34 to 0.69 | Negative - range: 0 to 0.34,1,0,0
232,Coconut,Coconut,Coconut,Coconut,Coconut,,,,,1,1,1,Negative - range: 0 to 0.34 | Low threshold - range: 0.34 to 0.69 | High - range: 17.49 to 49 | Negative - range: 0 to 0.34 | Low threshold - range: 0.34 to 0.69 | Moderate reaction - range: 0.69 to 17.49 | High - range: 17.49 to 49 | Moderate reaction - range: 0.69 to 17.49,1,0,0
233,Gluten,Gluten,Gluten,Gluten,Gluten,,,,,1,1,1,Moderate reaction - range: 0.69 to 17.49 | High - range: 17.49 to 49 | Low threshold - range: 0.34 to 0.69 | Negative - range: 0 to 0.34 | High - range: 17.49 to 49 | Moderate reaction - range: 0.69 to 17.49 | Low threshold - range: 0.34 to 0.69 | Negative - range: 0 to 0.34,1,0,0
234,Pea,Pea,Pea,Pea,Pea,,,,,1,1,1,High - range: 17.49 to 49 | High - range: 17.49 to 49 | Moderate reaction - range: 0.69 to 17.49 | Low threshold - range: 0.34 to 0.69 | Negative - range: 0 to 0.34 | Moderate reaction - range: 0.69 to 17.49 | Low threshold - range: 0.34 to 0.69 | Negative - range: 0 to 0.34,1,0,0
235,Green Bean,Green Bean,Green Bean,Green Bean,Green Bean,,,,,1,1,1,Negative - range: 0 to 0.34 | Low threshold - range: 0.34 to 0.69 | High - range: 17.49 to 49 | Negative - range: 0 to 0.34 | Low threshold - range: 0.34 to 0.69 | Moderate reaction - range: 0.69 to 17.49 | High - range: 17.49 to 49 | Moderate reaction - range: 0.69 to 17.49,1,0,0
236,Carrot,Carrot,Carrot,Carrot,Carrot,,,,,1,1,1,Moderate reaction - range: 0.69 to 17.49 | High - range: 17.49 to 49 | Low threshold - range: 0.34 to 0.69 | Negative - range: 0 to 0.34 | High - range: 17.49 to 49 | Moderate reaction - range: 0.69 to 17.49 | Low threshold - range: 0.34 to 0.69 | Negative - range: 0 to 0.34,1,0,0
237,Potato,Potato,Potato,Potato,Potato,,,,,1,1,1,High - range: 17.49 to 49 | High - range: 17.49 to 49 | Moderate reaction - range: 0.69 to 17.49 | Low threshold - range: 0.34 to 0.69 | Negative - range: 0 to 0.34 | Moderate reaction - range: 0.69 to 17.49 | Low threshold - range: 0.34 to 0.69 | Negative - range: 0 to 0.34,1,0,0
238,Rice Flour,Rice Flour,Rice Flour,Rice Flour,Rice Flour,,,,,1,1,1,Negative - range: 0 to 0.34 | Low threshold - range: 0.34 to 0.69 | High - range: 17.49 to 49 | Negative - range: 0 to 0.34 | Low threshold - range: 0.34 to 0.69 | Moderate reaction - range: 0.69 to 17.49 | High - range: 17.49 to 49 | Moderate reaction - range: 0.69 to 17.49,1,0,0
239,Egg Yolk,Egg Yolk,Egg Yolk,Egg Yolk,Egg Yolk,,,,,1,1,1,Moderate reaction - range: 0.69 to 17.49 | High - range: 17.49 to 49 | Low threshold - range: 0.34 to 0.69 | Negative - range: 0 to 0.34 | High - range: 17.49 to 49 | Moderate reaction - range: 0.69 to 17.49 | Low threshold - range: 0.34 to 0.69 | Negative - range: 0 to 0.34,1,0,0
240,Casein,Casein,Casein,Casein,Casein,,,,,1,1,1,High - range: 17.49 to 49 | High - range: 17.49 to 49 | Moderate reaction - range: 0.69 to 17.49 | Low threshold - range: 0.34 to 0.69 | Negative - range: 0 to 0.34 | Moderate reaction - range: 0.69 to 17.49 | Low threshold - range: 0.34 to 0.69 | Negative - range: 0 to 0.34,1,0,0
241,Chicken / Mutton,Chicken / Mutton,Chicken / Mutton,Chicken / Mutton,Chicken / Mutton,,,,,1,1,1,Negative - range: 0 to 0.34 | Low threshold - range: 0.34 to 0.69 | High - range: 17.49 to 49 | Negative - range: 0 to 0.34 | Low threshold - range: 0.34 to 0.69 | Moderate reaction - range: 0.69 to 17.49 | High - range: 17.49 to 49 | Moderate reaction - range: 0.69 to 17.49,1,0,0
242,Tuna,Tuna,Tuna,Tuna,Tuna,,,,,1,1,1,Moderate reaction - range: 0.69 to 17.49 | High - range: 17.49 to 49 | Low threshold - range: 0.34 to 0.69 | Negative - range: 0 to 0.34 | High - range: 17.49 to 49 | Moderate reaction - range: 0.69 to 17.49 | Low threshold - range: 0.34 to 0.69 | Negative - range: 0 to 0.34,1,0,0
243,Cod Fish / Salmon,Cod Fish / Salmon,Cod Fish / Salmon,Cod Fish / Salmon,Cod Fish / Salmon,,,,,1,1,1,High - range: 17.49 to 49 | High - range: 17.49 to 49 | Moderate reaction - range: 0.69 to 17.49 | Low threshold - range: 0.34 to 0.69 | Negative - range: 0 to 0.34 | Moderate reaction - range: 0.69 to 17.49 | Low threshold - range: 0.34 to 0.69 | Negative - range: 0 to 0.34,1,0,0
244,Kiwi,Kiwi,Kiwi,Kiwi,Kiwi,,,,,1,1,1,Negative - range: 0 to 0.34 | Low threshold - range: 0.34 to 0.69 | High - range: 17.49 to 49 | Negative - range: 0 to 0.34 | Low threshold - range: 0.34 to 0.69 | Moderate reaction - range: 0.69 to 17.49 | High - range: 17.49 to 49 | Moderate reaction - range: 0.69 to 17.49,1,0,0
245,Mango,Mango,Mango,Mango,Mango,,,,,1,1,1,Moderate reaction - range: 0.69 to 17.49 | High - range: 17.49 to 49 | Low threshold - range: 0.34 to 0.69 | Negative - range: 0 to 0.34 | High - range: 17.49 to 49 | Moderate reaction - range: 0.69 to 17.49 | Low threshold - range: 0.34 to 0.69 | Negative - range: 0 to 0.34,1,0,0
246,Orange,Orange,Orange,Orange,Orange,,,,,1,1,1,High - range: 17.49 to 49 | High - range: 17.49 to 49 | Moderate reaction - range: 0.69 to 17.49 | Low threshold - range: 0.34 to 0.69 | Negative - range: 0 to 0.34 | Moderate reaction - range: 0.69 to 17.49 | Low threshold - range: 0.34 to 0.69 | Negative - range: 0 to 0.34,1,0,0
247,Date,Date,Date,Date,Date,,,,,1,1,1,Negative - range: 0 to 0.34 | Low threshold - range: 0.34 to 0.69 | High - range: 17.49 to 49 | Negative - range: 0 to 0.34 | Low threshold - range: 0.34 to 0.69 | Moderate reaction - range: 0.69 to 17.49 | High - range: 17.49 to 49 | Moderate reaction - range: 0.69 to 17.49,1,0,0
248,Cacao,Cacao,Cacao,Cacao,Cacao,,,,,1,1,1,Moderate reaction - range: 0.69 to 17.49 | High - range: 17.49 to 49 | Low threshold - range: 0.34 to 0.69 | Negative - range: 0 to 0.34 | High - range: 17.49 to 49 | Moderate reaction - range: 0.69 to 17.49 | Low threshold - range: 0.34 to 0.69 | Negative - range: 0 to 0.34,1,0,0
249,Soybean,Soybean,Soybean,Soybean,Soybean,,,,,1,1,1,High - range: 17.49 to 49 | High - range: 17.49 to 49 | Moderate reaction - range: 0.69 to 17.49 | Low threshold - range: 0.34 to 0.69 | Negative - range: 0 to 0.34 | Moderate reaction - range: 0.69 to 17.49 | Low threshold - range: 0.34 to 0.69 | Negative - range: 0 to 0.34,1,0,0
250,Sunflower seeds,Sunflower seeds,Sunflower seeds,Sunflower seeds,Sunflower seeds,,,,,1,1,1,Negative - range: 0 to 0.34 | Low threshold - range: 0.34 to 0.69 | High - range: 17.49 to 49 | Negative - range: 0 to 0.34 | Low threshold - range: 0.34 to 0.69 | Moderate reaction - range: 0.69 to 17.49 | High - range: 17.49 to 49 | Moderate reaction - range: 0.69 to 17.49,1,0,0
251,Sesame seed,Sesame seed,Sesame seed,Sesame seed,Sesame seed,,,,,1,1,1,Moderate reaction - range: 0.69 to 17.49 | High - range: 17.49 to 49 | Low threshold - range: 0.34 to 0.69 | Negative - range: 0 to 0.34 | High - range: 17.49 to 49 | Moderate reaction - range: 0.69 to 17.49 | Low threshold - range: 0.34 to 0.69 | Negative - range: 0 to 0.34,1,0,0
252,CCD2 Horseradish Peroxidase,CCD2 Horseradish Peroxidase,CCD2 Horseradish Peroxidase,CCD2 Horseradish Peroxidase,CCD2 Horseradish Peroxidase,,,,,1,1,1,High - range: 17.49 to 49 | High - range: 17.49 to 49 | Moderate reaction - range: 0.69 to 17.49 | Low threshold - range: 0.34 to 0.69 | Negative - range: 0 to 0.34 | Moderate reaction - range: 0.69 to 17.49 | Low threshold - range: 0.34 to 0.69 | Negative - range: 0 to 0.34,1,0,0
253,Walnut,Walnut,Walnut,Walnut,Walnut,,,,,1,1,1,Negative - range: 0 to 0.34 | Low threshold - range: 0.34 to 0.69 | High - range: 17.49 to 49 | Negative - range: 0 to 0.34 | Low threshold - range: 0.34 to 0.69 | Moderate reaction - range: 0.69 to 17.49 | High - range: 17.49 to 49 | Moderate reaction - range: 0.69 to 17.49,1,0,0
254,Pistachio,Pistachio,Pistachio,Pistachio,Pistachio,,,,,1,1,1,Moderate reaction - range: 0.69 to 17.49 | High - range: 17.49 to 49 | Low threshold - range: 0.34 to 0.69 | Negative - range: 0 to 0.34 | High - range: 17.49 to 49 | Moderate reaction - range: 0.69 to 17.49 | Low threshold - range: 0.34 to 0.69 | Negative - range: 0 to 0.34,1,0,0
255,Wheat flour,Wheat flour,Wheat flour,Wheat flour,Wheat flour,,,,,1,1,1,High - range: 17.49 to 49 | High - range: 17.49 to 49 | Moderate reaction - range: 0.69 to 17.49 | Low threshold - range: 0.34 to 0.69 | Negative - range: 0 to 0.34 | Moderate reaction - range: 0.69 to 17.49 | Low threshold - range: 0.34 to 0.69 | Negative - range: 0 to 0.34,1,0,0
256,Planetree,Planetree,الحطه شجر,Planetree,Planetree,,,,,1,1,1,Negative - range: 0 to 0.34 | Low threshold - range: 0.34 to 0.69 | High - range: 17.49 to 49 | Negative - range: 0 to 0.34 | Low threshold - range: 0.34 to 0.69 | Moderate reaction - range: 0.69 to 17.49 | High - range: 17.49 to 49 | Moderate reaction - range: 0.69 to 17.49,1,0,0
257,Olive tree,Olive tree,الزيتون شجر,Olive tree,Olive tree,,,,,1,1,1,Moderate reaction - range: 0.69 to 17.49 | High - range: 17.49 to 49 | Low threshold - range: 0.34 to 0.69 | Negative - range: 0 to 0.34 | High - range: 17.49 to 49 | Moderate reaction - range: 0.69 to 17.49 | Low threshold - range: 0.34 to 0.69 | Negative - range: 0 to 0.34,1,0,0
258,Cypress,Cypress,شجرالسرو,Cypress,Cypress,,,,,1,1,1,High - range: 17.49 to 49 | High - range: 17.49 to 49 | Moderate reaction - range: 0.69 to 17.49 | Low threshold - range: 0.34 to 0.69 | Negative - range: 0 to 0.34 | Moderate reaction - range: 0.69 to 17.49 | Low threshold - range: 0.34 to 0.69 | Negative - range: 0 to 0.34,1,0,0
259,Mulberry tree,Mulberry tree,شجر التوت,Mulberry tree,Mulberry tree,,,,,1,1,1,Negative - range: 0 to 0.34 | Low threshold - range: 0.34 to 0.69 | High - range: 17.49 to 49 | Negative - range: 0 to 0.34 | Low threshold - range: 0.34 to 0.69 | Moderate reaction - range: 0.69 to 17.49 | High - range: 17.49 to 49 | Moderate reaction - range: 0.69 to 17.49,1,0,0
260,Cultivated wheat,Cultivated wheat,الفمح المزروع,Cultivated wheat,Cultivated wheat,,,,,1,1,1,Moderate reaction - range: 0.69 to 17.49 | High - range: 17.49 to 49 | Low threshold - range: 0.34 to 0.69 | Negative - range: 0 to 0.34 | High - range: 17.49 to 49 | Moderate reaction - range: 0.69 to 17.49 | Low threshold - range: 0.34 to 0.69 | Negative - range: 0 to 0.34,1,0,0
261,Maize,Maize,الذره,Maize,Maize,,,,,1,1,1,High - range: 17.49 to 49 | High - range: 17.49 to 49 | Moderate reaction - range: 0.69 to 17.49 | Low threshold - range: 0.34 to 0.69 | Negative - range: 0 to 0.34 | Moderate reaction - range: 0.69 to 17.49 | Low threshold - range: 0.34 to 0.69 | Negative - range: 0 to 0.34,1,0,0
262,Mugwort,Mugwort,عشيه النار,Mugwort,Mugwort,,,,,1,1,1,Negative - range: 0 to 0.34 | Low threshold - range: 0.34 to 0.69 | High - range: 17.49 to 49 | Negative - range: 0 to 0.34 | Low threshold - range: 0.34 to 0.69 | Moderate reaction - range: 0.69 to 17.49 | High - range: 17.49 to 49 | Moderate reaction - range: 0.69 to 17.49,1,0,0
263,Russian Thistle,Russian Thistle,نبات الشوك الرو ي س,Russian Thistle,Russian Thistle,,,,,1,1,1,Moderate reaction - range: 0.69 to 17.49 | High - range: 17.49 to 49 | Low threshold - range: 0.34 to 0.69 | Negative - range: 0 to 0.34 | High - range: 17.49 to 49 | Moderate reaction - range: 0.69 to 17.49 | Low threshold - range: 0.34 to 0.69 | Negative - range: 0 to 0.34,1,0,0
264,Nettle,Nettle,نبات القريص,Nettle,Nettle,,,,,1,1,1,High - range: 17.49 to 49 | High - range: 17.49 to 49 | Moderate reaction - range: 0.69 to 17.49 | Low threshold - range: 0.34 to 0.69 | Negative - range: 0 to 0.34 | Moderate reaction - range: 0.69 to 17.49 | Low threshold - range: 0.34 to 0.69 | Negative - range: 0 to 0.34,1,0,0
265,Weed Mixture 11,Weed Mixture 11,مخلوط اعشاب ضاره 11,Weed Mixture 11,Weed Mixture 11,,,,,1,1,1,Negative - range: 0 to 0.34 | Low threshold - range: 0.34 to 0.69 | High - range: 17.49 to 49 | Negative - range: 0 to 0.34 | Low threshold - range: 0.34 to 0.69 | Moderate reaction - range: 0.69 to 17.49 | High - range: 17.49 to 49 | Moderate reaction - range: 0.69 to 17.49,1,0,0
266,Cockroach mix,Cockroach mix,مخلوط الصراصري,Cockroach mix,Cockroach mix,,,,,1,1,1,Moderate reaction - range: 0.69 to 17.49 | High - range: 17.49 to 49 | Low threshold - range: 0.34 to 0.69 | Negative - range: 0 to 0.34 | High - range: 17.49 to 49 | Moderate reaction - range: 0.69 to 17.49 | Low threshold - range: 0.34 to 0.69 | Negative - range: 0 to 0.34,1,0,0
267,Common wasp - venom,Common wasp - venom,سموم الدبور,Common wasp - venom,Common wasp - venom,,,,,1,1,1,High - range: 17.49 to 49 | High - range: 17.49 to 49 | Moderate reaction - range: 0.69 to 17.49 | Low threshold - range: 0.34 to 0.69 | Negative - range: 0 to 0.34 | Moderate reaction - range: 0.69 to 17.49 | Low threshold - range: 0.34 to 0.69 | Negative - range: 0 to 0.34,1,0,0
268,Cat Epithel,Cat Epithel,القطط,Cat Epithel,Cat Epithel,,,,,1,1,1,Negative - range: 0 to 0.34 | Low threshold - range: 0.34 to 0.69 | High - range: 17.49 to 49 | Negative - range: 0 to 0.34 | Low threshold - range: 0.34 to 0.69 | Moderate reaction - range: 0.69 to 17.49 | High - range: 17.49 to 49 | Moderate reaction - range: 0.69 to 17.49,1,0,0
269,Dog Epithel,Dog Epithel,الكلاب,Dog Epithel,Dog Epithel,,,,,1,1,1,Moderate reaction - range: 0.69 to 17.49 | High - range: 17.49 to 49 | Low threshold - range: 0.34 to 0.69 | Negative - range: 0 to 0.34 | High - range: 17.49 to 49 | Moderate reaction - range: 0.69 to 17.49 | Low threshold - range: 0.34 to 0.69 | Negative - range: 0 to 0.34,1,0,0
270,Golden Hamster Epithel,Golden Hamster Epithel,الهامس : ي الذه. يب,Golden Hamster Epithel,Golden Hamster Epithel,,,,,1,1,1,High - range: 17.49 to 49 | High - range: 17.49 to 49 | Moderate reaction - range: 0.69 to 17.49 | Low threshold - range: 0.34 to 0.69 | Negative - range: 0 to 0.34 | Moderate reaction - range: 0.69 to 17.49 | Low threshold - range: 0.34 to 0.69 | Negative - range: 0 to 0.34,1,0,0
271,Cow / Sheep,Cow / Sheep,الابقار او الأغنام,Cow / Sheep,Cow / Sheep,,,,,1,1,1,Negative - range: 0 to 0.34 | Low threshold - range: 0.34 to 0.69 | High - range: 17.49 to 49 | Negative - range: 0 to 0.34 | Low threshold - range: 0.34 to 0.69 | Moderate reaction - range: 0.69 to 17.49 | High - range: 17.49 to 49 | Moderate reaction - range: 0.69 to 17.49,1,0,0
272,Feather Mix,Feather Mix,مخلوط الريش,Feather Mix,Feather Mix,,,,,1,1,1,Moderate reaction - range: 0.69 to 17.49 | High - range: 17.49 to 49 | Low threshold - range: 0.34 to 0.69 | Negative - range: 0 to 0.34 | High - range: 17.49 to 49 | Moderate reaction - range: 0.69 to 17.49 | Low threshold - range: 0.34 to 0.69 | Negative - range: 0 to 0.34,1,0,0
273,Derm. pteronyssinus,Derm. pteronyssinus,المقتص العفن,Derm. pteronyssinus,Derm. pteronyssinus,,,,,1,1,1,High - range: 17.49 to 49 | High - range: 17.49 to 49 | Moderate reaction - range: 0.69 to 17.49 | Low threshold - range: 0.34 to 0.69 | Negative - range: 0 to 0.34 | Moderate reaction - range: 0.69 to 17.49 | Low threshold - range: 0.34 to 0.69 | Negative - range: 0 to 0.34,1,0,0
274,Plantain,Plantain,شجر الموز,Plantain,Plantain,,,,,1,1,1,Negative - range: 0 to 0.34 | Low threshold - range: 0.34 to 0.69 | High - range: 17.49 to 49 | Negative - range: 0 to 0.34 | Low threshold - range: 0.34 to 0.69 | Moderate reaction - range: 0.69 to 17.49 | High - range: 17.49 to 49 | Moderate reaction - range: 0.69 to 17.49,1,0,0
275,Oxeye daisy,Oxeye daisy,ازهار الاقحوان,Oxeye daisy,Oxeye daisy,,,,,1,1,1,Moderate reaction - range: 0.69 to 17.49 | High - range: 17.49 to 49 | Low threshold - range: 0.34 to 0.69 | Negative - range: 0 to 0.34 | High - range: 17.49 to 49 | Moderate reaction - range: 0.69 to 17.49 | Low threshold - range: 0.34 to 0.69 | Negative - range: 0 to 0.34,1,0,0
276,Camomile,Camomile,البابونج,Camomile,Camomile,,,,,1,1,1,High - range: 17.49 to 49 | High - range: 17.49 to 49 | Moderate reaction - range: 0.69 to 17.49 | Low threshold - range: 0.34 to 0.69 | Negative - range: 0 to 0.34 | Moderate reaction - range: 0.69 to 17.49 | Low threshold - range: 0.34 to 0.69 | Negative - range: 0 to 0.34,1,0,0
277,Latex,Latex,بودره اللاتكس,Latex,Latex,,,,,1,1,1,Negative - range: 0 to 0.34 | Low threshold - range: 0.34 to 0.69 | High - range: 17.49 to 49 | Negative - range: 0 to 0.34 | Low threshold - range: 0.34 to 0.69 | Moderate reaction - range: 0.69 to 17.49 | High - range: 17.49 to 49 | Moderate reaction - range: 0.69 to 17.49,1,0,0
278,Aspergillus fumigatus,Aspergillus fumigatus,الاس يجوس نوع فيميجتس,Aspergillus fumigatus,Aspergillus fumigatus,,,,,1,1,1,Moderate reaction - range: 0.69 to 17.49 | High - range: 17.49 to 49 | Low threshold - range: 0.34 to 0.69 | Negative - range: 0 to 0.34 | High - range: 17.49 to 49 | Moderate reaction - range: 0.69 to 17.49 | Low threshold - range: 0.34 to 0.69 | Negative - range: 0 to 0.34,1,0,0
279,Acarus siro,Acarus siro,االكارس سريو,Acarus siro,Acarus siro,,,,,1,1,1,High - range: 17.49 to 49 | High - range: 17.49 to 49 | Moderate reaction - range: 0.69 to 17.49 | Low threshold - range: 0.34 to 0.69 | Negative - range: 0 to 0.34 | Moderate reaction - range: 0.69 to 17.49 | Low threshold - range: 0.34 to 0.69 | Negative - range: 0 to 0.34,1,0,0
280,Alternaria alternata,Alternaria alternata,ألنوباء,Alternaria alternata,Alternaria alternata,,,,,1,1,1,Negative - range: 0 to 0.34 | Low threshold - range: 0.34 to 0.69 | High - range: 17.49 to 49 | Negative - range: 0 to 0.34 | Low threshold - range: 0.34 to 0.69 | Moderate reaction - range: 0.69 to 17.49 | High - range: 17.49 to 49 | Moderate reaction - range: 0.69 to 17.49,1,0,0
281,Birch,Birch,الجلود,Birch,Birch,,,,,1,1,1,Moderate reaction - range: 0.69 to 17.49 | High - range: 17.49 to 49 | Low threshold - range: 0.34 to 0.69 | Negative - range: 0 to 0.34 | High - range: 17.49 to 49 | Moderate reaction - range: 0.69 to 17.49 | Low threshold - range: 0.34 to 0.69 | Negative - range: 0 to 0.34,1,0,0
282,Honey bee venom,Honey bee venom,سموم النحل,Honey bee venom,Honey bee venom,,,,,1,1,1,High - range: 17.49 to 49 | High - range: 17.49 to 49 | Moderate reaction - range: 0.69 to 17.49 | Low threshold - range: 0.34 to 0.69 | Negative - range: 0 to 0.34 | Moderate reaction - range: 0.69 to 17.49 | Low threshold - range: 0.34 to 0.69 | Negative - range: 0 to 0.34,1,0,0
283,Culicoides,Culicoides,البعوضيات,Culicoides,Culicoides,,,,,1,1,1,Negative - range: 0 to 0.34 | Low threshold - range: 0.34 to 0.69 | High - range: 17.49 to 49 | Negative - range: 0 to 0.34 | Low threshold - range: 0.34 to 0.69 | Moderate reaction - range: 0.69 to 17.49 | High - range: 17.49 to 49 | Moderate reaction - range: 0.69 to 17.49,1,0,0
284,Horse Epithel,Horse Epithel,الخيل,Horse Epithel,Horse Epithel,,,,,1,1,1,Moderate reaction - range: 0.69 to 17.49 | High - range: 17.49 to 49 | Low threshold - range: 0.34 to 0.69 | Negative - range: 0 to 0.34 | High - range: 17.49 to 49 | Moderate reaction - range: 0.69 to 17.49 | Low threshold - range: 0.34 to 0.69 | Negative - range: 0 to 0.34,1,0,0
285,Rabbit Epithel,Rabbit Epithel,الارانب,Rabbit Epithel,Rabbit Epithel,,,,,1,1,1,High - range: 17.49 to 49 | High - range: 17.49 to 49 | Moderate reaction - range: 0.69 to 17.49 | Low threshold - range: 0.34 to 0.69 | Negative - range: 0 to 0.34 | Moderate reaction - range: 0.69 to 17.49 | Low threshold - range: 0.34 to 0.69 | Negative - range: 0 to 0.34,1,0,0
286,Guinea pig Epithel,Guinea pig Epithel,خنازير غينيا,Guinea pig Epithel,Guinea pig Epithel,,,,,1,1,1,Negative - range: 0 to 0.34 | Low threshold - range: 0.34 to 0.69 | High - range: 17.49 to 49 | Negative - range: 0 to 0.34 | Low threshold - range: 0.34 to 0.69 | Moderate reaction - range: 0.69 to 17.49 | High - range: 17.49 to 49 | Moderate reaction - range: 0.69 to 17.49,1,0,0
287,Camel hair,Camel hair,شعر الجمال,Camel hair,Camel hair,,,,,1,1,1,Moderate reaction - range: 0.69 to 17.49 | High - range: 17.49 to 49 | Low threshold - range: 0.34 to 0.69 | Negative - range: 0 to 0.34 | High - range: 17.49 to 49 | Moderate reaction - range: 0.69 to 17.49 | Low threshold - range: 0.34 to 0.69 | Negative - range: 0 to 0.34,1,0,0
288,Penicillium mix 13,Penicillium mix 13,مخلوط البنسيل ر ن ي,Penicillium mix 13,Penicillium mix 13,,,,,1,1,1,High - range: 17.49 to 49 | High - range: 17.49 to 49 | Moderate reaction - range: 0.69 to 17.49 | Low threshold - range: 0.34 to 0.69 | Negative - range: 0 to 0.34 | Moderate reaction - range: 0.69 to 17.49 | Low threshold - range: 0.34 to 0.69 | Negative - range: 0 to 0.34,1,0,0
289,Dermfarinae,Dermfarinae,ق الدقي العفن,Dermfarinae,Dermfarinae,,,,,1,1,1,Negative - range: 0 to 0.34 | Low threshold - range: 0.34 to 0.69 | High - range: 17.49 to 49 | Negative - range: 0 to 0.34 | Low threshold - range: 0.34 to 0.69 | Moderate reaction - range: 0.69 to 17.49 | High - range: 17.49 to 49 | Moderate reaction - range: 0.69 to 17.49,1,0,0
290,Cladosporium herbarum,Cladosporium herbarum,نباتات كالدوسبوريم,Cladosporium herbarum,Cladosporium herbarum,,,,,1,1,1,Moderate reaction - range: 0.69 to 17.49 | High - range: 17.49 to 49 | Low threshold - range: 0.34 to 0.69 | Negative - range: 0 to 0.34 | High - range: 17.49 to 49 | Moderate reaction - range: 0.69 to 17.49 | Low threshold - range: 0.34 to 0.69 | Negative - range: 0 to 0.34,1,0,0
291,Alder,Alder,الحور,Alder,Alder,,,,,1,1,1,High - range: 17.49 to 49 | High - range: 17.49 to 49 | Moderate reaction - range: 0.69 to 17.49 | Low threshold - range: 0.34 to 0.69 | Negative - range: 0 to 0.34 | Moderate reaction - range: 0.69 to 17.49 | Low threshold - range: 0.34 to 0.69 | Negative - range: 0 to 0.34,1,0,0
292,Hazel,Hazel,بندف,Hazel,Hazel,,,,,1,1,1,Negative - range: 0 to 0.34 | Low threshold - range: 0.34 to 0.69 | High - range: 17.49 to 49 | Negative - range: 0 to 0.34 | Low threshold - range: 0.34 to 0.69 | Moderate reaction - range: 0.69 to 17.49 | High - range: 17.49 to 49 | Moderate reaction - range: 0.69 to 17.49,1,0,0
293,Cyclic Citrullinated Peptide Antibody (Anti-CCP),Cyclic Citrullinated Peptide Antibody (Anti-CCP),Cyclic Citrullinated Peptide Antibody (Anti-CCP),Cyclic Citrullinated Peptide Antibody (Anti-CCP),Cyclic Citrullinated Peptide Antibody (Anti-CCP),,,,,1,1,1,Negative - range: 0 to 16.9 | Negative - range: 0 to 16.9,1,0,0
294,Androstenedione,Androstenedione,Androstenedione,Androstenedione,Androstenedione,,,,,1,1,1,Low - range: 0 to 0.04 | Normal - range: 0.04 to 3.25 | Low - range: 0 to 0.04 | Normal - range: 0.04 to 3.25 | Low - range: 0 to 0.04 | Normal - range: 0.04 to 3.25 | Normal - range: 0.04 to 3.25 | Low - range: 0 to 0.04,1,1,1
295,ApoB/ApoA1 Ratio,ApoB/ApoA1 Ratio,ApoB/ApoA1 Ratio,ApoB/ApoA1 Ratio,ApoB/ApoA1 Ratio,,,,,1,1,1,Lower Risk - range: 0 to 0.7 | Average Risk - range: 0.7 to 0.9 | Lower Risk - range: 0 to 0.7 | Average Risk - range: 0.7 to 0.9,1,0,0
296,24 Hour Urine : Sodium (Na),24Hour Urine : Sodium (Na),24Hour Urine : Sodium (Na),24 Hour Urine : Sodium (Na),24 Hour Urine : Sodium (Na),,,,,1,1,1,Normal - range: 40 to 220 | Low - range: 0 to 40 | Normal - range: 40 to 220 | Low - range: 0 to 40,1,0,0
297,24 Hour Urine : Potassium (K),24Hour Urine : Potassium (K),24Hour Urine : Potassium (K),24 Hour Urine : Potassium (K),24 Hour Urine : Potassium (K),,,,,1,1,1,Low - range: 0 to 25 | Normal - range: 25 to 125 | Low - range: 0 to 25 | Normal - range: 25 to 125,1,0,0
298,24 Hour Urine : Chloride (Cl),24Hour Urine : Chloride (Cl),24Hour Urine : Chloride (Cl),24 Hour Urine : Chloride (Cl),24 Hour Urine : Chloride (Cl),,,,,1,1,1,Low - range: 0 to 110 | Normal - range: 110 to 250 | Normal - range: 110 to 250 | Low - range: 0 to 110,1,0,0
299,24 Hour Urine : Creatinine Clearance,Creatinine Clearance Test : 24 Hour Urine,Creatinine Clearance Test : 24 Hour Urine,24 Hour Urine : Creatinine Clearance,24 Hour Urine : Creatinine Clearance,,,,,1,1,1,Low - range: 0 to 71 | Normal - range: 71 to 151 | Low - range: 0 to 71 | Normal - range: 71 to 151,1,0,0
300,24 Hour Urine : Uric Acid,24Hour Urine : Uric Acid,24Hour Urine : Uric Acid,24 Hour Urine : Uric Acid,24 Hour Urine : Uric Acid,,,,,1,1,1,Low - range: 0 to 250 | Normal - range: 250 to 750 | Low - range: 0 to 250 | Normal - range: 250 to 750,1,0,0
301,24Hour Urine : Phosphate (P),24Hour Urine : Phosphate (P),24Hour Urine : Phosphate (P),24Hour Urine : Phosphate (P),24Hour Urine : Phosphate (P),,,,,1,1,1,Normal - range: 400 to 1300 | Low - range: 0 to 400 | Normal - range: 400 to 1300 | Low - range: 0 to 400,1,0,0
302,24Hour Urine : Calcium (Ca),24Hour Urine : Calcium (Ca),24Hour Urine : Calcium (Ca),24Hour Urine : Calcium (Ca),24Hour Urine : Calcium (Ca),,,,,1,1,1,Low - range: 0 to 100 | Normal - range: 100 to 300 | Low - range: 0 to 100 | Normal - range: 100 to 300,1,0,0
303,24Hour Urine : Magnesium (Mg),24Hour Urine : Magnesium (Mg),24Hour Urine : Magnesium (Mg),24Hour Urine : Magnesium (Mg),24Hour Urine : Magnesium (Mg),,,,,1,1,1,Low - range: 0 to 24 | Normal - range: 24 to 255 | Normal - range: 24 to 255 | Low - range: 0 to 24,1,0,0
304,Albumin/Creatinine Ratio Urine (ACR),Albumin/Creatinine Ratio Urine (ACR),Albumin/Creatinine Ratio Urine (ACR),Albumin/Creatinine Ratio Urine (ACR),Albumin/Creatinine Ratio Urine (ACR),,,,,1,1,1,Normal - range: 0 to 17 | Microalbuminuria - range: 17 to 299 | Normal - range: 0 to 25 | Microalbuminuria - range: 25 to 299 | Normal to mildly increased - range: 0 to 30 | Moderately increased - range: 30 to 300 | Normal to mildly increased - range: 0 to 30 | Moderately increased - range: 30 to 300,1,1,1
305,Copper RBC (Red Blood Cell Copper),Copper RBC (Red Blood Cell Copper),Copper RBC (Red Blood Cell Copper),Copper RBC (Red Blood Cell Copper),Copper RBC (Red Blood Cell Copper),,,,,1,1,1,Normal - range: 56 to 111 | low - range: 0 to 56 | Normal - range: 56 to 111 | low - range: 0 to 56,1,0,0
306,RBC Zinc (Red Blood Cell Zinc),RBC Zinc (Red Blood Cell Zinc),RBC Zinc (Red Blood Cell Zinc),RBC Zinc (Red Blood Cell Zinc),RBC Zinc (Red Blood Cell Zinc),,,,,1,1,1,Low - range: 0 to 400 | Normal - range: 400 to 800 | Low - range: 0 to 400 | Normal - range: 400 to 800,1,0,0
307,Cystatin C,Cystatin C,Cystatin C,Cystatin C,Cystatin C,,,,,1,1,1,Low - range: 0 to 0.62 | Normal - range: 0.62 to 1.11 | Normal - range: 0.62 to 1.11 | Low - range: 0 to 0.62,1,0,0
308,Total Protein to Creatinine Ratio (TPU/Creatinine),Total Protein to Creatinine Ratio (TPU/Creatinine),Total Protein to Creatinine Ratio (TPU/Creatinine),Total Protein to Creatinine Ratio (TPU/Creatinine),Total Protein to Creatinine Ratio (TPU/Creatinine),,,,,1,1,1,Normal - range: 0 to 0.2 | Low Grade Proteinuria - range: 0.2 to 1 | Normal - range: 0 to 0.2 | Low Grade Proteinuria - range: 0.2 to 1 | Moderate Proteinuria - range: 1 to 5 | Moderate Proteinuria - range: 1 to 5,1,0,0
309,Immunoglobulin G (IgG),Immunoglobulin G (IgG),Immunoglobulin G (IgG),Immunoglobulin G (IgG),Immunoglobulin G (IgG),,,,,1,1,1,Low - range: 0 to 600 | Normal - range: 600 to 1700 | Low - range: 0 to 600 | Normal - range: 600 to 1700,1,0,0
310,Apolipoprotein E,Apolipoprotein E,Apolipoprotein E,Apolipoprotein E,Apolipoprotein E,,,,,1,1,1,Low - range: 0 to 2.1 | Normal - range: 2.1 to 6.5 | Low - range: 0 to 2.1 | Normal - range: 2.1 to 6.5,1,0,0
311,"Estrogen, Total","Estrogen, Total","Estrogen, Total","Estrogen, Total","Estrogen, Total",,,,,1,1,1,Normal - range: 0 to 2 | Normal - range: 0 to 1,1,0,0
312,Acid Phosphatase,Acid Phosphatase,Acid Phosphatase,Acid Phosphatase,Acid Phosphatase,,,,,1,1,1,Normal - range: 0 to 10 | Normal - range: 0 to 10,1,0,0
313,11 - Deoxycortisol,11 - Deoxycortisol,11 - Deoxycortisol,11 - Deoxycortisol,11 - Deoxycortisol,,,,,1,1,1,Normal - range: 0.19 to 7.8 | Normal - range: 0.19 to 7.8 | Low - range: 0 to 0.19 | Low - range: 0 to 0.19,1,0,0
314,17 - Hydroxy - Pregnenolone,17 - Hydroxy - Pregnenolone,17 - Hydroxy - Pregnenolone,17 - Hydroxy - Pregnenolone,17 - Hydroxy - Pregnenolone,,,,,1,1,1,Low - range: 0 to 0.29 | Normal - range: 0.29 to 3.5 | Low - range: 0 to 0.29 | Normal - range: 0.29 to 3.5,1,0,0
315,CA 19-9 : Digestive System,Cancer Antigen (CA) 19-9 (Digestive System),Cancer Antigen (CA) 19-9 (Digestive System),CA 19-9 : Digestive System,CA 19-9 : Digestive System,,,,,1,1,1,Normal - range: 0 to 37 | Normal - range: 0 to 37 | Normal - range: 0 to 35 | Normal - range: 0 to 35,1,1,1
316,Fibrinogen,Fibrinogen,Fibrinogen,Fibrinogen,Fibrinogen,,,,,1,1,1,Low - range: 0 to 179 | Normal - range: 179 to 350 | Low - range: 0 to 179 | Normal - range: 179 to 350,1,0,0
317,Reverse T3,Reverse T3,Reverse T3,Reverse T3,Reverse T3,,,,,1,1,1,Normal - range: 0.31 to 0.95 | Low - range: 0 to 0.31 | Normal - range: 0.31 to 0.95 | Low - range: 0 to 0.31,1,0,0
318,Ionized Calcium,Ionized Calcium,Ionized Calcium,Ionized Calcium,Ionized Calcium,,,,,1,1,1,Normal - range: 4.6 to 5.41 | Low - range: 0 to 4.6 | Normal - range: 4.46 to 5.41 | Low - range: 0 to 4.46 | Normal - range: 4.48 to 5.29 | Low - range: 0 to 4.48 | Normal - range: 4.48 to 5.29 | Low - range: 0 to 4.48,1,1,1
319,Cancer Antigen (CA) 125 (Ovary),Cancer Antigen (CA) 125 (Ovary),Cancer Antigen (CA) 125 (Ovary),Cancer Antigen (CA) 125 (Ovary),Cancer Antigen (CA) 125 (Ovary),,,,,1,1,1,Normal - range: 0 to 35 | Normal - range: 0 to 35 | Normal - range: 0 to 35 | Normal - range: 0 to 35,1,1,1
320,D-dimer,D-dimer,D-dimer,D-dimer,D-dimer,,,,,1,1,1,Normal - range: 0 to 500 | Normal - range: 0 to 500 | Normal - range: 0 to 500 | Normal - range: 0 to 500,1,1,1
321,"Calprotectin, Stool","Calprotectin, Stool","Calprotectin, Stool","Calprotectin, Stool","Calprotectin, Stool",,,,,1,1,1,Borderline - range: 50 to 120 | Borderline - range: 50 to 120 | Normal - range: 0 to 50 | Normal - range: 0 to 50,1,0,0
322,"Serotonin, Blood","Serotonin, Blood","Serotonin, Blood","Serotonin, Blood","Serotonin, Blood",,,,,1,1,1,Low - range: 0 to 70 | Normal - range: 70 to 330 | Low - range: 0 to 70 | Normal - range: 70 to 330 | Low - range: 0 to 54 | Normal - range: 54 to 235 | Low - range: 0 to 54 | Normal - range: 54 to 235,1,1,1
323,C-Peptide Fasting,C-Peptide Fasting,C-Peptide Fasting,C-Peptide Fasting,C-Peptide Fasting,,,,,1,1,1,Normal - range: 0.6 to 3.8 | Low - range: 0 to 0.6 | Normal - range: 0.6 to 3.8 | Low - range: 0 to 1.1 | Normal - range: 1.1 to 4.4 | Low - range: 0 to 1.1 | Normal - range: 1.1 to 4.4 | Low - range: 0 to 0.6,1,1,1
324,25 - OH - Vitamin D2,25 - OH - Vitamin D2,25 - OH - Vitamin D2,25 - OH - Vitamin D2,25 - OH - Vitamin D2,,,,,1,1,1,Minimal - range: 1 to 1.5 | Minimal - range: 1 to 1.5 | Deficiency - range: 0 to 1 | Deficiency - range: 0 to 1 | Deficiency - range: 0 to 20 | Deficiency - range: 0 to 20,1,1,1
325,Phospholipid Antibody IgG,"Phospholipid Antibody, IgG","Phospholipid Antibody, IgG",Phospholipid Antibody IgG,Phospholipid Antibody IgG,,,,,1,1,1,Negative - range: 0 to 9 | Borderline - range: 9 to 11 | Negative - range: 0 to 9 | Borderline - range: 9 to 11,1,0,0
326,Phospholipid Antibody IgM,"Phospholipid Antibody, IgM","Phospholipid Antibody, IgM",Phospholipid Antibody IgM,Phospholipid Antibody IgM,,,,,1,1,1,Negative - range: 0 to 9 | Borderline - range: 9 to 11 | Negative - range: 0 to 9 | Borderline - range: 9 to 11,1,0,0
327,"Epstein - Barr Virus (EBV) Early Antigen, IgG","Epstein - Barr Virus (EBV) Early Antigen, IgG","Epstein - Barr Virus (EBV) Early Antigen, IgG","Epstein - Barr Virus (EBV) Early Antigen, IgG","Epstein - Barr Virus (EBV) Early Antigen, IgG",,,,,1,1,1,Negative - range: 0 to 0.9 | Equivocal - range: 0.9 to 1.1 | Negative - range: 0 to 0.9 | Equivocal - range: 0.9 to 1.1,1,0,0
328,"Epstein - Barr Virus (EBV) Early Antigen, IgM","Epstein - Barr Virus (EBV) Early Antigen, IgM","Epstein - Barr Virus (EBV) Early Antigen, IgM","Epstein - Barr Virus (EBV) Early Antigen, IgM","Epstein - Barr Virus (EBV) Early Antigen, IgM",,,,,1,1,1,Negative - range: 0 to 0.8 | Equivocal - range: 0.8 to 1.2 | Negative - range: 0 to 0.8 | Equivocal - range: 0.8 to 1.2,1,0,0
329,Pregnenolone,Pregnenolone,Pregnenolone,Pregnenolone,Pregnenolone,,,,,1,1,1,Normal - range: 0.2 to 3.8 | Normal - range: 0.2 to 3.8 | Low - range: 0 to 0.2 | Low - range: 0 to 0.2,1,0,0
330,Free Prostatic Specific Antigen (PSA-Free),Free Prostatic Specific Antigen (PSA-Free),Free Prostatic Specific Antigen (PSA-Free),Free Prostatic Specific Antigen (PSA-Free),Free Prostatic Specific Antigen (PSA-Free),,,,,1,1,1,Normal - range: 0 to 1.5 | Normal - range: 0 to 1.5,1,0,0
331,Leptin,Leptin,Leptin,Leptin,Leptin,,,,,1,1,1,Low - range: 0 to 0.2 | Normal - range: 0.2 to 19 | Low - range: 0 to 3.5 | Normal - range: 3.5 to 13,1,0,0
332,"Methylmalonic acid (MMA), Serum","Methylmalonic acid (MMA), Serum","Methylmalonic acid (MMA), Serum","Methylmalonic acid (MMA), Serum","Methylmalonic acid (MMA), Serum",,,,,1,1,1,Normal - range: 50 to 500 | Low - range: 0 to 50 | Normal - range: 50 to 500 | Low - range: 0 to 50,1,0,0
333,Vitamin B1 (Thiamine),Vitamin B1 (Thiamine),Vitamin B1 (Thiamine),Vitamin B1 (Thiamine),Vitamin B1 (Thiamine),,,,,1,1,1,Low - range: 0 to 33 | Normal - range: 33 to 60.7 | Normal - range: 33 to 60.7 | Low - range: 0 to 33 | Normal - range: 27 to 85 | Low - range: 0 to 27 | Normal - range: 27 to 85 | Low - range: 0 to 27,1,1,1
334,Vitamin B2 (Riboflavin),Vitamin B2 (Riboflavin),Vitamin B2 (Riboflavin),Vitamin B2 (Riboflavin),Vitamin B2 (Riboflavin),,,,,1,1,1,Low - range: 0 to 1 | Normal - range: 1 to 19 | Normal - range: 1 to 19 | Low - range: 0 to 1,1,0,0
335,Vitamin A (Retinol),Vitamin A (Retinol),Vitamin A (Retinol),Vitamin A (Retinol),Vitamin A (Retinol),,,,,1,1,1,Low - range: 0 to 29 | Normal - range: 29 to 70 | Low - range: 0 to 29 | Normal - range: 29 to 70,1,0,0
336,"Measles Antibody, IgG","Measles Antibody, IgG","Measles Antibody, IgG","Measles Antibody, IgG","Measles Antibody, IgG",,,,,1,1,1,Equivocal - range: 13.5 to 16.5 | Negative - range: 0 to 13.5 | Equivocal - range: 13.5 to 16.5 | Negative - range: 0 to 13.5,1,0,0
337,"Mumps Antibody, IgG","Mumps Antibody, IgG","Mumps Antibody, IgG","Mumps Antibody, IgG","Mumps Antibody, IgG",,,,,1,1,1,Negative - range: 0 to 9 | Equivocal - range: 9 to 11 | Negative - range: 0 to 9 | Equivocal - range: 9 to 11,1,0,0
338,"Rubella Antibody, IgG","Rubella Antibody, IgG","Rubella Antibody, IgG","Rubella Antibody, IgG","Rubella Antibody, IgG",,,,,1,1,1,Non-Reactive - range: 0 to 9 | Non-Reactive - range: 0 to 9,1,0,0
339,Hepatitis B Surface Antibody (Anti-HBs) : Titre,Hepatitis B Surface Antibody (Anti-HBs),Hepatitis B Surface Antibody (Anti-HBs),Hepatitis B Surface Antibody (Anti-HBs) : Titre,Hepatitis B Surface Antibody (Anti-HBs) : Titre,,,,,1,1,1,Further Vaccination Recommended - range: 0 to 10 | Repeat assay after 3-6 months - range: 10 to 100 | Further Vaccination Recommended - range: 0 to 10 | Repeat assay after 3-6 months - range: 10 to 100,1,0,0
340,"Varicella Zoster Antibodies, IgG","Varicella Zoster Antibodies, IgG","Varicella Zoster Antibodies, IgG","Varicella Zoster Antibodies, IgG","Varicella Zoster Antibodies, IgG",,,,,1,1,1,Negative - range: 0 to 150 | Negative - range: 0 to 150,1,0,0
341,Vitamin B3 (Nicotinamide),Vitamin B3 (Nicotinamide),Vitamin B3 (Nicotinamide),Vitamin B3 (Nicotinamide),Vitamin B3 (Nicotinamide),,,,,1,1,1,Low - range: 0 to 7 | Normal - range: 7 to 100 | Low - range: 0 to 7 | Normal - range: 7 to 100,1,0,0
342,Bioavailable Testosterone,Bioavailable Testosterone,Bioavailable Testosterone,Bioavailable Testosterone,Bioavailable Testosterone,,,,,1,1,1,Low - range: 0 to 2.87 | Normal - range: 2.87 to 8.91 | Low - range: 0 to 2.87 | Normal - range: 2.87 to 8.91,1,0,0
343,ASO titer (Antistreptolysin O),ASO titer (Antistreptolysin O),ASO titer (Antistreptolysin O),ASO titer (Antistreptolysin O),ASO titer (Antistreptolysin O),,,,,1,1,1,Negative - range: 0 to 199 | Negative - range: 0 to 199,1,0,0
344,Manganese,Manganese,Manganese,Manganese,Manganese,,,,,1,1,1,Low - range: 0 to 4.1 | Normal - range: 4.1 to 16.5 | Normal - range: 4.1 to 16.5 | Low - range: 0 to 4.1,1,0,0
345,Interleukin 6 (IL6),Interleukin 6 (IL6),Interleukin 6 (IL6),Interleukin 6 (IL6),Interleukin 6 (IL6),,,,,1,1,1,Normal - range: 0 to 7 | Normal - range: 0 to 7,1,0,0
346,Cancer Antigen (CA) 15-3 (Breast),Cancer Antigen (CA) 15-3 (Breast),Cancer Antigen (CA) 15-3 (Breast),Cancer Antigen (CA) 15-3 (Breast),Cancer Antigen (CA) 15-3 (Breast),,,,,1,1,1,Normal - range: 0 to 30 | Normal - range: 0 to 30 | Normal - range: 0 to 28 | Normal - range: 0 to 28,1,1,1
347,Alpha Feto Protein (AFP),Alpha Feto Protein (AFP),Alpha Feto Protein (AFP),Alpha Feto Protein (AFP),Alpha Feto Protein (AFP),,,,,1,1,1,Normal - range: 0 to 7 | Normal - range: 0 to 7,1,0,0
348,Carcinoembryogenic Antigen (CEA),Carcinoembryogenic Antigen (CEA),Carcinoembryogenic Antigen (CEA),Carcinoembryogenic Antigen (CEA),Carcinoembryogenic Antigen (CEA),,,,,1,1,1,Normal - range: 0 to 2.9 | Normal - range: 0 to 2.9 | Normal - range: 0 to 5 | Normal - range: 0 to 5,1,1,1
349,Troponin T,Troponin T,Troponin T,Troponin T,Troponin T,,,,,1,1,1,Normal - range: 0 to 14 | Normal - range: 0 to 14,1,0,0
350,Troponin I,Troponin I,Troponin I,Troponin I,Troponin I,,,,,1,1,1,Normal - range: 0 to 0.16 | Normal - range: 0 to 0.16,1,0,0
351,"Deamidated Gliadin Peptide Antibody, IgG","Deamidated Gliadin Peptide Antibody, IgG","Deamidated Gliadin Peptide Antibody, IgG","Deamidated Gliadin Peptide Antibody, IgG","Deamidated Gliadin Peptide Antibody, IgG",,,,,1,1,1,Negative - range: 0 to 12 | Equivocal - range: 12 to 18 | Negative - range: 0 to 12 | Equivocal - range: 12 to 18,1,0,0
352,"Deamidated Gliadin Peptide Antibody, IgA","Deamidated Gliadin Peptide Antibody, IgA","Deamidated Gliadin Peptide Antibody, IgA","Deamidated Gliadin Peptide Antibody, IgA","Deamidated Gliadin Peptide Antibody, IgA",,,,,1,1,1,Negative - range: 0 to 12 | Equivocal - range: 12 to 18 | Negative - range: 0 to 12 | Equivocal - range: 12 to 18,1,0,0
353,Anti Transglutaminase Antibody - IgA,Anti Transglutaminase Antibody - IgA,Anti Transglutaminase Antibody - IgA,Anti Transglutaminase Antibody - IgA,Anti Transglutaminase Antibody - IgA,,,,,1,1,1,Negative - range: 0 to 12 | Equivocal - range: 12 to 18 | Negative - range: 0 to 12 | Equivocal - range: 12 to 18,1,0,0
354,Anti Transglutaminase Antibody - IgG,Anti Transglutaminase Antibody - IgG,Anti Transglutaminase Antibody - IgG,Anti Transglutaminase Antibody - IgG,Anti Transglutaminase Antibody - IgG,,,,,1,1,1,Negative - range: 0 to 12 | Equivocal - range: 12 to 18 | Negative - range: 0 to 12 | Equivocal - range: 12 to 18,1,0,0
355,Creatine Kinase (CPK),Creatine Kinase (CPK),Creatine Kinase (CPK),Creatine Kinase (CPK),Creatine Kinase (CPK),,,,,1,1,1,High - range: 308 to 4208 | Normal - range: 25 to 308 | Normal - range: 25 to 308 | Low - range: 1 to 25 | High - range: 308 to 4208 | Low - range: 1 to 25,1,0,0
356,"Gastrin, Serum","Gastrin, Serum","Gastrin, Serum","Gastrin, Serum","Gastrin, Serum",,,,,1,1,1,Low - range: 0 to 12 | Normal - range: 12 to 115 | Low - range: 0 to 12 | Normal - range: 12 to 115,1,0,0
357,Vitamin C,Vitamin C,Vitamin C,Vitamin C,Vitamin C,,,,,1,1,1,Low - range: 0 to 14.99 | Low - range: 0 to 14.99 | Normal - range: 11.3 to 113.5 | Low - range: 0 to 11.3 | Normal - range: 11.3 to 113.5 | Low - range: 0 to 11.3,1,1,1
358,"Mycoplasma pneumonia, IgM","Mycoplasma pneumonia, IgM","Mycoplasma pneumonia, IgM","Mycoplasma pneumonia, IgM","Mycoplasma pneumonia, IgM",,,,,1,1,1,Negative - range: 0 to 10 | Negative - range: 0 to 10,1,0,0
359,"Mycoplasma pneumonia, IgG","Mycoplasma pneumonia, IgG","Mycoplasma pneumonia, IgG","Mycoplasma pneumonia, IgG","Mycoplasma pneumonia, IgG",,,,,1,1,1,Negative - range: 0 to 10 | Negative - range: 0 to 10,1,0,0
360,Anti Endomysium IgA Antibody,EMA IgA (Anti Endomysium IgA Antibody),EMA IgA (Anti Endomysium IgA Antibody),Anti Endomysium IgA Antibody,Anti Endomysium IgA Antibody,,,,,1,1,1,Negative - range: 0 to 1.1 | Negative - range: 0 to 1.1,1,0,0
361,Tacrolimus (FK506),Tacrolimus (FK506),Tacrolimus (FK506),Tacrolimus (FK506),Tacrolimus (FK506),,,,,1,1,1,Low - range: 0 to 2.9 | Normal - range: 2.9 to 20 | Low - range: 0 to 2.9 | Normal - range: 2.9 to 20,1,0,0
362,"Acetone, Blood","Acetone, Blood","Acetone, Bloodq","Acetone, Blood","Acetone, Blood",,,,,1,1,1,Normal - range: 0 to 25 | Normal - range: 0 to 25,1,0,0
363,"HPV, IgG","HPV, IgG","HPV, IgG","HPV, IgG","HPV, IgG",,,,,1,1,1,Negative - range: 0 to 1 | Negative - range: 0 to 1,1,0,0
364,Coenzyme Q10,Coenzyme Q10,Coenzyme Q10,Coenzyme Q10,Coenzyme Q10,,,,,1,1,1,Low - range: 0 to 400 | Normal - range: 400 to 1750 | Low - range: 0 to 400 | Normal - range: 400 to 1750,1,0,0
365,"Toxoplasma Antibody, IgG","Toxoplasma Antibody, IgG","Toxoplasma Antibody, IgG","Toxoplasma Antibody, IgG","Toxoplasma Antibody, IgG",,,,,1,1,1,Non-Reactive - range: 0 to 0.9 | Borderline - range: 0.9 to 2.9 | Non-Reactive - range: 0 to 0.9 | Borderline - range: 0.9 to 2.9,1,0,0
366,"Toxoplasma Antibody, IgM","Toxoplasma Antibody, IgM","Toxoplasma Antibody, IgM","Toxoplasma Antibody, IgM","Toxoplasma Antibody, IgM",,,,,1,1,1,Borderline - range: 0.7 to 0.9 | Borderline - range: 0.7 to 0.9 | Non-Reactive - range: 0 to 0.7 | Non-Reactive - range: 0 to 0.7,1,0,0
367,"Cytomegalovirus (CMV) Antibody, IgG","Cytomegalovirus (CMV) Antibody, IgG","Cytomegalovirus (CMV) Antibody, IgG","Cytomegalovirus (CMV) Antibody, IgG","Cytomegalovirus (CMV) Antibody, IgG",,,,,1,1,1,Non Reactive - range: 0 to 1.9 | Non Reactive - range: 0 to 1.9,1,0,0
368,"Cytomegalovirus (CMV) Antibody, IgM","Cytomegalovirus (CMV) Antibody, IgM","Cytomegalovirus (CMV) Antibody, IgM","Cytomegalovirus (CMV) Antibody, IgM","Cytomegalovirus (CMV) Antibody, IgM",,,,,1,1,1,Non-Reactive - range: 0 to 1.9 | Boderline - range: 1.9 to 4.1 | Non-Reactive - range: 0 to 1.9 | Boderline - range: 1.9 to 4.1,1,0,0
369,Vitamin E (Alpha-tocopherol),Vitamin E (Alpha-tocopherol),Vitamin E (Alpha-tocopherol),Vitamin E (Alpha-tocopherol),Vitamin E (Alpha-tocopherol),,,,,1,1,1,Normal - range: 0.6 to 2.2 | Low - range: 0 to 0.6 | Normal - range: 0.6 to 2.2 | Low - range: 0 to 0.6,1,0,0
370,Tryptase,Tryptase,Tryptase,Tryptase,Tryptase,,,,,1,1,1,Normal - range: 0 to 11.4 | Normal - range: 0 to 11.4,1,0,0
371,Calcitonin,Calcitonin,Calcitonin,Calcitonin,Calcitonin,,,,,1,1,1,Normal - range: 0 to 9.7 | Normal - range: 0 to 9.7 | Normal - range: 0 to 10 | Normal - range: 0 to 18.2,1,1,1
372,"Toxoplasma Antibody, IgA","Toxoplasma Antibody, IgA","Toxoplasma Antibody, IgA","Toxoplasma Antibody, IgA","Toxoplasma Antibody, IgA",,,,,1,1,1,Negative - range: 0 to 0.9 | Negative - range: 0 to 0.9,1,0,0
373,Oxidized LDL Cholesterol,Oxidized LDL Cholesterol,Oxidized LDL Cholesterol,Oxidized LDL Cholesterol,Oxidized LDL Cholesterol,,,,,1,1,1,Normal - range: 0 to 133.2 | Normal - range: 0 to 133.2,1,0,0
374,Thyroid Binding Globulin (Thyroxine Binding Globulin),Thyroid Binding Globulin (Thyroxine Binding Globulin),Thyroid Binding Globulin (Thyroxine Binding Globulin),Thyroid Binding Globulin (Thyroxine Binding Globulin),Thyroid Binding Globulin (Thyroxine Binding Globulin),,,,,1,1,1,Low - range: 0 to 12 | Normal - range: 12 to 39 | Low - range: 0 to 12 | Normal - range: 12 to 39,1,0,0
375,Alcohol (Blood),Alcohol (Blood),Alcohol (Blood),Alcohol (Blood),Alcohol (Blood),,,,,1,1,1,Normal - range: 0 to 3 | Normal - range: 0 to 3,1,0,0
376,Ammonia,Ammonia (NH3),Ammonia (NH3),Ammonia,Ammonia,Ammonia,Ammonia,,,1,1,1,Low - range: 0 to 15 | Normal - range: 15 to 59 | Normal - range: 15 to 59 | Low - range: 0 to 15,1,0,0
377,Adrenocorticotropic Hormone (ACTH),Adrenocorticotropic Hormone (ACTH),Adrenocorticotropic Hormone (ACTH),Adrenocorticotropic Hormone (ACTH),Adrenocorticotropic Hormone (ACTH),,,,,1,1,1,Low - range: 0 to 7.1 | Normal - range: 7.1 to 63.5 | Low - range: 0 to 7.1 | Normal - range: 7.1 to 63.5 | Low - range: 0 to 7.1 | Normal - range: 7.1 to 63.5 | Normal - range: 7.1 to 63.5 | Low - range: 0 to 7.1,1,1,1
378,Antibodies against intrinsic factor,Antibodies against intrinsic factor,Antibodies against intrinsic factor,Antibodies against intrinsic factor,Antibodies against intrinsic factor,,,,,1,1,1,Negative - range: 0 to 6.99 | Negative - range: 0 to 6.99,1,0,0
379,G6PD Quantitative,Glucose-6-Phosphate Dehydrogenase : Quantitative,Glucose-6-Phosphate Dehydrogenase : Quantitative,G6PD Quantitative,G6PD Quantitative,G6PD Quantitative,G6PD Quantitative,,,1,1,1,Low - range: 0 to 4.9 | Normal - range: 4.9 to 19.9 | Low - range: 0 to 4.9 | Normal - range: 4.9 to 19.9,1,0,0
380,"Epstein - Barr Virus (EBV - VCA) Antibody, IgG","Epstein - Barr Virus (EBV - VCA) Antibody, IgG","Epstein - Barr Virus (EBV - VCA) Antibody, IgG","Epstein - Barr Virus (EBV - VCA) Antibody, IgG","Epstein - Barr Virus (EBV - VCA) Antibody, IgG",,,,,1,1,1,Negative - range: 0 to 0.9 | Equivocal - range: 0.9 to 1.1 | Negative - range: 0 to 0.9 | Equivocal - range: 0.9 to 1.1,1,0,0
381,"Epstein - Barr Virus (EBV - VCA) Antibody, IgM","Epstein - Barr Virus (EBV - VCA) Antibody, IgM","Epstein - Barr Virus (EBV - VCA) Antibody, IgM","Epstein - Barr Virus (EBV - VCA) Antibody, IgM","Epstein - Barr Virus (EBV - VCA) Antibody, IgM",,,,,1,1,1,Equivocal - range: 0.9 to 1.1 | Negative - range: 0 to 0.9 | Equivocal - range: 0.9 to 1.1 | Negative - range: 0 to 0.9,1,0,0
382,"Epstein - Barr Virus Nuclear Antigen (EBNA), IgG","Epstein - Barr Virus Nuclear Antigen (EBNA), IgG","Epstein - Barr Virus Nuclear Antigen (EBNA), IgG","Epstein - Barr Virus Nuclear Antigen (EBNA), IgG","Epstein - Barr Virus Nuclear Antigen (EBNA), IgG",,,,,1,1,1,Equivocal - range: 0.9 to 1.1 | Negative - range: 0 to 0.9 | Equivocal - range: 0.9 to 1.1 | Negative - range: 0 to 0.9,1,0,0
383,Vitamin K,Vitamin K (nutritional),Vitamin K (nutritional),Vitamin K,Vitamin K,Vitamin K,Vitamin K,,,1,1,1,Low - range: 0 to 0.12 | Normal - range: 0.12 to 1.2 | Low - range: 0 to 0.12 | Normal - range: 0.12 to 1.2,1,0,0
384,Glutamic Acid Decarboxylase Antibody (GAD),Glutamic Acid Decarboxylase Antibody (GAD),Glutamic Acid Decarboxylase Antibody (GAD),Glutamic Acid Decarboxylase Antibody (GAD),Glutamic Acid Decarboxylase Antibody (GAD),,,,,1,1,1,Negative - range: 0 to 17 | Negative - range: 0 to 17,1,0,0
385,ECP (Eosinophil Cationic Protein),ECP (Eosinophil Cationic Protein),ECP (Eosinophil Cationic Protein),ECP (Eosinophil Cationic Protein),ECP (Eosinophil Cationic Protein),,,,,1,1,1,Normal - range: 0 to 13 | Normal - range: 0 to 13,1,0,0
386,"1,25 - Dihydroxy Vitamin D - Calcitriol","1,25 - Dihydroxy Vitamin D - Calcitriol","1,25 - Dihydroxy Vitamin D - Calcitriol","1,25 - Dihydroxy Vitamin D - Calcitriol","1,25 - Dihydroxy Vitamin D - Calcitriol",,,,,1,1,1,Low - range: 0 to 15.1 | Normal - range: 15.1 to 90.1 | Low - range: 0 to 15.1 | Normal - range: 15.1 to 90.1,1,0,0
387,Pro Brain Natriuretic Peptide (proBNP),Pro Brain Natriuretic Peptide (proBNP),Pro Brain Natriuretic Peptide (proBNP),Pro Brain Natriuretic Peptide (proBNP),Pro Brain Natriuretic Peptide (proBNP),,,,,1,1,1,Normal - range: 0 to 125 | Normal - range: 0 to 125,1,0,0
388,C-Peptide - Random,C-Peptide - Random,C-Peptide - Random,C-Peptide - Random,C-Peptide - Random,C-Peptide - Random,C-Peptide - Random,,,1,1,1,Low - range: 0 to 0.9 | Normal - range: 0.9 to 4.4 | Low - range: 0 to 0.9 | Normal - range: 0.9 to 4.4 | Low - range: 0 to 1 | Normal - range: 1 to 4.3 | Low - range: 0 to 1 | Normal - range: 1 to 4.3,1,1,1
389,Macroprolactin,Macroprolactin,Macroprolactin,Macroprolactin,Macroprolactin,,,,,1,1,1,Negative - range: 0 to 60 | Negative - range: 0 to 60,1,0,0
390,Total Oxidative Stress (PHO),Total Oxidative Stress (PHO),Total Oxidative Stress (PHO),Total Oxidative Stress (PHO),Total Oxidative Stress (PHO),,,,,1,1,1,Normal - range: 0 to 200 | Moderate - range: 200 to 350 | Normal - range: 0 to 200 | Moderate - range: 200 to 350,1,0,0
391,"Angiotensin Converting Enzymes (ACE), Blood","Angiotensin Converting Enzymes (ACE), Blood","Angiotensin Converting Enzymes (ACE), Blood","Angiotensin Converting Enzymes (ACE), Blood","Angiotensin Converting Enzymes (ACE), Blood",,,,,1,1,1,Low - range: 0 to 20 | Normal - range: 20 to 70 | Low - range: 0 to 20 | Normal - range: 20 to 70,1,0,0
392,"Cardiolipin Antibody, IgG","Cardiolipin Antibody, IgG","Cardiolipin Antibody, IgG","Cardiolipin Antibody, IgG","Cardiolipin Antibody, IgG",,,,,1,1,1,Boderline - range: 7 to 9 | Boderline - range: 7 to 9 | Negative - range: 0 to 7 | Negative - range: 0 to 7,1,0,0
393,"Cardiolipin Antibody, IgM","Cardiolipin Antibody, IgM","Cardiolipin Antibody, IgM","Cardiolipin Antibody, IgM","Cardiolipin Antibody, IgM",,,,,1,1,1,Negative - range: 0 to 7 | Boderline - range: 7 to 9 | Negative - range: 0 to 7 | Boderline - range: 7 to 9,1,0,0
394,Chromium - Whole Blood,Chromium - Whole Blood,Chromium - Whole Blood,Chromium - Whole Blood,Chromium - Whole Blood,,,,,1,1,1,Normal - range: 0 to 1 | Normal - range: 0 to 1,1,0,0
395,Glutathione Total,Glutathione Total,Glutathione Total,Glutathione Total,Glutathione Total,,,,,1,1,1,Normal - range: 194 to 384 | Low - range: 0 to 194 | Normal - range: 194 to 384 | Low - range: 0 to 194,1,0,0
396,testing new,testing,testing,testing new,testing new,,,,,1,1,1,1 - range: 30 to 50 | 1 - range: 30 to 50 | optimal range - range: 1 to 30 | optimal range - range: 1 to 30,1,0,0
397,test,test,test,test,test,,,,,1,1,1,low - range: 1 to 50 | midium - range: 50 to 100 | midium - range: 100 to 200,1,0,0
398,"Creatinine, 24 Hour Urine","Creatinine, 24 Hour Urine","Creatinine, 24 Hour Urine","Creatinine, 24 Hour Urine","Creatinine, 24 Hour Urine",,,,,1,1,1,Normal - range: 800 to 2000 | Low - range: 0 to 800 | Normal - range: 800 to 2000 | Low - range: 0 to 800,1,0,0
399,"Osmolality, 24 Hour Urine","Osmolality, 24 Hour Urine","Osmolality, 24 Hour Urine","Osmolality, 24 Hour Urine","Osmolality, 24 Hour Urine",,,,,1,1,1,Low - range: 0 to 50 | Normal - range: 50 to 1200 | Low - range: 0 to 50 | Normal - range: 50 to 1200,1,0,0
400,"Osmolality, Serum","Osmolality, Serum","Osmolality, Serum","Osmolality, Serum","Osmolality, Serum",,,,,1,1,1,Low - range: 0 to 275 | Normal - range: 275 to 295 | Low - range: 0 to 275 | Normal - range: 275 to 295,1,0,0
401,C3 - Complement C3,C3 - Complement C3,C3 - Complement C3,C3 - Complement C3,C3 - Complement C3,,,,,1,1,1,Low - range: 0 to 89 | Normal - range: 89 to 179 | Low - range: 0 to 89 | Normal - range: 89 to 179,1,0,0
402,DsDNA (Double Stranded) Antibody Screen,DsDNA (Double Stranded) Antibody Screen,DsDNA (Double Stranded) Antibody Screen,DsDNA (Double Stranded) Antibody Screen,DsDNA (Double Stranded) Antibody Screen,,,,,1,1,1,Negative - range: 0 to 99 | Negative - range: 0 to 99,1,0,0
403,Histamine,Histamine,Histamine,Histamine,Histamine,,,,,1,1,1,Normal - range: 0 to 10 | Normal - range: 0 to 10,1,0,0
404,Hepatitis B Surface Antibody (Anti-HBs),Hepatitis B Surface Antibody (Anti-HBs),Hepatitis B Surface Antibody (Anti-HBs),Hepatitis B Surface Antibody (Anti-HBs),Hepatitis B Surface Antibody (Anti-HBs),,,,,1,1,1,Negative - range: 0 to 8 | Retest zone - range: 8 to 12 | Negative - range: 0 to 8 | Retest zone - range: 8 to 12,1,0,0
405,Aluminum,Aluminum,Aluminum,Aluminum,Aluminum,,,,,1,1,1,Normal - range: 0 to 15 | Dialysis - range: 15 to 40 | Normal - range: 0 to 15 | Dialysis - range: 15 to 40,1,0,0
406,IGFBP-3,IGFBP-3,IGFBP-3,IGFBP-3,IGFBP-3,,,,,1,1,1,Low - range: 0 to 3.2 | Normal - range: 3.2 to 10 | Normal - range: 3.2 to 10 | Low - range: 0 to 3.2,1,0,0
407,Corrected calcium,corrected calcium,corrected calcium,Corrected calcium,Corrected calcium,,,,,1,1,1,Low - range: 0 to 8.5 | Normal - range: 8.5 to 10.2 | Low - range: 0 to 8.5 | Normal - range: 8.5 to 10.2,1,0,0
408,Transferrin,Transferrin,Transferrin,Transferrin,Transferrin,,,,,1,1,1,Low - range: 0 to 209 | Normal - range: 209 to 360 | Low - range: 0 to 209 | Normal - range: 209 to 360 | Normal - range: 205 to 381 | Low - range: 0 to 205 | Normal - range: 205 to 381 | Low - range: 0 to 205,1,1,1
409,Factor V,Factor V,Factor V,Factor V,Factor V,,,,,1,1,1,Low - range: 0 to 49 | Normal - range: 49 to 150 | Low - range: 0 to 49 | Normal - range: 49 to 150,1,0,0
410,Reticulocyte Count,Reticulocyte Count,Reticulocyte Count,Reticulocyte Count,Reticulocyte Count,,,,,1,1,1,Low - range: 0 to 0.4 | Normal - range: 0.4 to 2 | Normal - range: 0.4 to 2 | Low - range: 0 to 0.4,1,0,0
411,Folic Acid (RBC),Folic Acid (RBC),Folic Acid (RBC),Folic Acid (RBC),Folic Acid (RBC),,,,,1,1,1,Low - range: 0 to 249 | Normal - range: 249 to 800 | Low - range: 0 to 249 | Normal - range: 249 to 800,1,0,0
412,"Herpes Simplex Virus I (HSV-I), IgG","Herpes Simplex Virus I (HSV-I), IgG","Herpes Simplex Virus I (HSV-I), IgG","Herpes Simplex Virus I (HSV-I), IgG","Herpes Simplex Virus I (HSV-I), IgG",,,,,1,1,1,Negative - range: 0 to 0.9 | Equivocal - range: 0.9 to 1.1 | Negative - range: 0 to 0.9 | Equivocal - range: 0.9 to 1.1,1,0,0
413,"Herpes Simplex Virus II (HSV-II), IgG","Herpes Simplex Virus II (HSV-II), IgG","Herpes Simplex Virus II (HSV-II), IgG","Herpes Simplex Virus II (HSV-II), IgG","Herpes Simplex Virus II (HSV-II), IgG",,,,,1,1,1,Negative - range: 0 to 0.9 | Equivocal - range: 0.9 to 1.1 | Negative - range: 0 to 0.9 | Equivocal - range: 0.9 to 1.1,1,0,0
414,Mercury,Mercury,Mercury,Mercury,Mercury,,,,,1,1,1,Normal - range: 0 to 10 | Normal - range: 0 to 10,1,0,0
415,Insulin Antibodies,Insulin Antibodies,Insulin Antibodies,Insulin Antibodies,Insulin Antibodies,,,,,1,1,1,Negative - range: 0 to 20 | Negative - range: 0 to 20,1,0,0
416,ZNT 8,ZNT 8,ZNT 8,ZNT 8,ZNT 8,,,,,1,1,1,Negative - range: 0 to 15 | Negative - range: 0 to 15,1,0,0
417,Active B12 (Holotranscobalamine),Active B12 (Holotranscobalamine),Active B12 (Holotranscobalamine),Active B12 (Holotranscobalamine),Active B12 (Holotranscobalamine),,,,,1,1,1,Low - range: 0 to 38 | Borderline low - range: 38 to 50 | Normal - range: 50 to 188 | Low - range: 0 to 38 | Borderline low - range: 38 to 50 | Normal - range: 50 to 188,1,0,0
418,Valproic Acid,Valproic Acid,Valproic Acid,Valproic Acid,Valproic Acid,,,,,1,1,1,Normal - range: 50 to 100 | Low - range: 0 to 50 | Normal - range: 50 to 100 | Low - range: 0 to 50,1,0,0
419,"BUN / Creatinine Ratio, Serum","BUN / Creatinine Ratio, Serum","BUN / Creatinine Ratio, Serum","BUN / Creatinine Ratio, Serum","BUN / Creatinine Ratio, Serum",,,,,1,1,1,Low - range: 0 to 10 | Normal - range: 10 to 20 | Low - range: 0 to 10 | Normal - range: 10 to 20 | Low - range: 0 to 10 | Normal - range: 10 to 20 | Low - range: 0 to 10 | Normal - range: 10 to 20,1,1,1
420,Complement C4,Complement C4,Complement C4,Complement C4,Complement C4,,,,,1,1,1,Low - range: 0 to 12 | Low - range: 0 to 12 | Normal - range: 12 to 36 | Normal - range: 12 to 36,1,0,0
421,25 - OH - Vitamin D3,25 - OH - Vitamin D3,25 - OH - Vitamin D3,25 - OH - Vitamin D3,25 - OH - Vitamin D3,,,,,1,1,1,Deficiency - range: 0 to 25 | Minimal - range: 25 to 35 | Deficiency - range: 0 to 25 | Minimal - range: 25 to 35,1,0,0
422,"Vitamin D (1,25 Dihydroxycholecalciferol)","Vitamin D (1,25 Dihydroxycholecalciferol)","Vitamin D (1,25 Dihydroxycholecalciferol)","Vitamin D (1,25 Dihydroxycholecalciferol)","Vitamin D (1,25 Dihydroxycholecalciferol)",,,,,1,1,1,Normal - range: 15.1 to 90.1 | Low - range: 0 to 15.1 | Normal - range: 15.1 to 90.1 | Low - range: 0 to 15.1,1,0,0
423,Estradiol Sensitive,Estradiol SensitiveEstradiol Sensitive,Estradiol Sensitive,Estradiol Sensitive,Estradiol Sensitive,,,,,1,1,1,Low - range: 0 to 8 | Normal - range: 8 to 35 | Postmenopausal - range: 0 to 15,1,0,0
424,"Elastase, Stool","Elastase, Stool","Elastase, Stool","Elastase, Stool","Elastase, Stool",,,,,1,1,1,Severe - range: 0 to 100 | moderate - range: 100 to 200 | Severe - range: 0 to 100 | moderate - range: 100 to 200,1,0,0
425,Lactate,Lactate,Lactate,Lactate,Lactate,,,,,1,1,1,Low - range: 0 to 0.4 | Normal - range: 0.4 to 2.2 | Normal - range: 0.4 to 2.2 | Low - range: 0 to 0.4,1,0,0
426,Diamine Oxidase Activity,Diamine Oxidase Activity,Diamine Oxidase Activity,Diamine Oxidase Activity,Diamine Oxidase Activity,,,,,1,1,1,Histamine intolerance - range: 0 to 3 | Probable Histamine intoleranc - range: 3 to 10 | Histamine intolerance - range: 0 to 3 | Probable Histamine intoleranc - range: 3 to 10,1,0,0
427,"Lidocaine, IgE","Lidocaine, IgE","Lidocaine, IgE","Lidocaine, IgE","Lidocaine, IgE",,,,,1,1,1,Low level sensitization - range: 0.35 to 0.69 | High sensitization - range: 3.49 to 17.5 | Moderate sensitization - range: 0.69 to 3.49 | Negative - range: 0 to 0.35 | High sensitization - range: 3.49 to 17.5 | Moderate sensitization - range: 0.69 to 3.49 | Low level sensitization - range: 0.35 to 0.69 | Negative - range: 0 to 0.35,1,0,0
428,"Lidocaine, Ig","Lidocaine, IgE","Lidocaine, IgE","Lidocaine, Ig","Lidocaine, Ig",,,,,1,1,1,Negative - range: 0 to 0.35 | Low level sensitization - range: 0.35 to 0.69 | Moderate sensitization - range: 0.69 to 3.49 | High sensitization - range: 3.49 to 17.5 | Negative - range: 0 to 0.35 | Low level sensitization - range: 0.35 to 0.69 | Moderate sensitization - range: 0.69 to 3.49 | High sensitization - range: 3.49 to 17.5,1,0,0
429,Anti-La (SSB) Antibodies,Anti-La (SSB) Antibodies,Anti-La (SSB) Antibodies,Anti-La (SSB) Antibodies,Anti-La (SSB) Antibodies,,,,,1,1,1,Negative - range: 0 to 5 | Positive - range: 10 to 50 | Negative - range: 0 to 5 | Borderline - range: 5 to 10 | Positive - range: 10 to 50 | Borderline - range: 5 to 10,1,0,0
430,Serum Osmolality,Serum Osmolality,Serum Osmolality,Serum Osmolality,Serum Osmolality,,,,,1,1,1,Low - range: 0 to 279 | Normal - range: 279 to 295 | Low - range: 0 to 279 | Normal - range: 279 to 295,1,0,0
431,Immunoglobulin (IgM),Immunoglobulin (IgM),Immunoglobulin (IgM),Immunoglobulin (IgM),Immunoglobulin (IgM),,,,,1,1,1,Normal - range: 49 to 300 | Low - range: 0 to 49 | Normal - range: 49 to 300 | Low - range: 0 to 49,1,0,0
432,"Herpes Simplex Virus I (HSV-I), IgM","Herpes Simplex Virus I (HSV-I), IgM","Herpes Simplex Virus I (HSV-I), IgM","Herpes Simplex Virus I (HSV-I), IgM","Herpes Simplex Virus I (HSV-I), IgM",,,,,1,1,1,Negative - range: 0 to 0.9 | Equivocal - range: 0.9 to 1.1 | Negative - range: 0 to 0.9 | Equivocal - range: 0.9 to 1.1,1,0,0
433,"Herpes Simplex Virus II (HSV-II), IgM","Herpes Simplex Virus II (HSV-II), IgM","Herpes Simplex Virus II (HSV-II), IgM","Herpes Simplex Virus II (HSV-II), IgM","Herpes Simplex Virus II (HSV-II), IgM",,,,,1,1,1,Negative - range: 0 to 0.9 | Equivocal - range: 0.9 to 1.1 | Negative - range: 0 to 0.9 | Equivocal - range: 0.9 to 1.1,1,0,0
434,Pregnenolone Sulfate,Pregnenolone Sulfate,Pregnenolone Sulfate,Pregnenolone Sulfate,Pregnenolone Sulfate,,,,,1,1,1,Low - range: 0 to 0.3 | Normal - range: 0.3 to 3.8 | Low - range: 0 to 0.3 | Normal - range: 0.3 to 3.8,1,0,0
435,Inhibin B,Inhibin B,Inhibin B,Inhibin B,Inhibin B,,,,,1,1,1,Low - range: 0 to 24 | Normal - range: 24 to 324 | Low - range: 0 to 45 | Normal - range: 45 to 340,1,0,0
436,Osteocalcin,Osteocalcin,Osteocalcin,Osteocalcin,Osteocalcin,Osteocalcin,Osteocalcin,Osteocalcin,Osteocalcin,1,1,1,Normal - range: 19 to 165 | Low - range: 0 to 19 | Normal - range: 19 to 165 | Low - range: 0 to 19,1,0,0
437,Microalbumin/Creatinine Ratio,Microalbumin/Creatinine Ratio,Microalbumin/Creatinine Ratio,Microalbumin/Creatinine Ratio,Microalbumin/Creatinine Ratio,,,,,1,1,1,Normal - range: 0 to 30 | low risk - range: 30 to 300 | Normal - range: 0 to 30 | low risk - range: 30 to 300 | Normal - range: 0 to 30 | Low Risk - range: 30 to 300 | Normal - range: 0 to 30 | Low Risk - range: 30 to 300,1,1,1
438,"Herpes Simplex Virus (HSV) Type 6 Antibody, IgG","Herpes Simplex Virus (HSV) Type 6 Antibody, IgG","Herpes Simplex Virus (HSV) Type 6 Antibody, IgG","Herpes Simplex Virus (HSV) Type 6 Antibody, IgG","Herpes Simplex Virus (HSV) Type 6 Antibody, IgG",,,,,1,1,1,Negative - range: 0 to 0.9 | Negative - range: 0 to 0.9,1,0,0
439,"Hepatitis A Virus (HAV), Total Antibodies","Hepatitis A Virus (HAV), Total Antibodies","Hepatitis A Virus (HAV), Total Antibodies","Hepatitis A Virus (HAV), Total Antibodies","Hepatitis A Virus (HAV), Total Antibodies",,,,,1,1,1,Non reactive - range: 0 to 20 | Non reactive - range: 0 to 20,1,0,0
440,Cortisol : Random Urine,Cortisol : Random Urine,Cortisol : Random Urine,Cortisol : Random Urine,Cortisol : Random Urine,,,,,1,1,1,Low - range: 0 to 0.99 | Normal - range: 0.99 to 119 | Low - range: 0 to 0.99 | Normal - range: 0.99 to 119,1,0,0
441,Urine Microalbumin,Urine Microalbumin,Urine Microalbumin,Urine Microalbumin,Urine Microalbumin,,,,,1,1,1,Normal - range: 0 to 30 | Normal - range: 0 to 30,1,0,0
442,Cotinine / Nicotine (Quantitative),Cotinine / Nicotine (Quantitative),Cotinine / Nicotine (Quantitative),Cotinine / Nicotine (Quantitative),Cotinine / Nicotine (Quantitative),,,,,1,1,1,Non Smoker - range: 0 to 50 | Passive smoker - range: 50 to 300 | Non Smoker - range: 0 to 50 | Passive smoker - range: 50 to 300,1,0,0
443,Random Glucose,Random Glucose,Random Glucose,Random Glucose,Random Glucose,,,,,1,1,1,Normal - range: 0 to 200 | Normal - range: 0 to 200,1,0,0
444,24Hour Urine : Protein,24Hour Urine : Protein,24Hour Urine : Protein,24Hour Urine : Protein,24Hour Urine : Protein,,,,,1,1,1,Normal - range: 0 to 140 | Normal - range: 0 to 140,1,0,0
445,"Beta 2 Microglobulin, Serum","Beta 2 Microglobulin, Serum","Beta 2 Microglobulin, Serum","Beta 2 Microglobulin, Serum","Beta 2 Microglobulin, Serum",,,,,1,1,1,Normal - range: 0 to 2.4 | Normal - range: 0 to 2.4,1,0,0
446,"Candida albicans Antibody, IgG","Candida albicans Antibody, IgG","Candida albicans Antibody, IgG","Candida albicans Antibody, IgG","Candida albicans Antibody, IgG",,,,,1,1,1,Negative - range: 0 to 0.9 | Negative - range: 0 to 0.9,1,0,0
447,SSA (60 kDa),SSA (60 kDa),SSA (60 kDa),SSA (60 kDa),SSA (60 kDa),,,,,1,1,1,Negative - range: 0 to 5 | Positive - range: 10 to 50 | Borderline - range: 5 to 10 | Positive - range: 10 to 50 | Borderline - range: 5 to 10 | Negative - range: 0 to 5,1,0,0
448,SSA (52 kDa),SSA (52 kDa),SSA (52 kDa),SSA (52 kDa),SSA (52 kDa),,,,,1,1,1,Negative - range: 0 to 5 | Borderline - range: 5 to 10 | Positive - range: 10 to 50 | Negative - range: 0 to 5 | Borderline - range: 5 to 10 | Positive - range: 10 to 50,1,0,0
449,Thrombin Time,Thrombin Time,Thrombin Time,Thrombin Time,Thrombin Time,,,,,1,1,1,Low - range: 0 to 11 | Normal - range: 11 to 21 | Normal - range: 11 to 21 | Low - range: 0 to 11,1,0,0
450,Islet Cell Antigen 2 (IA2) Antibodies,Islet Cell Antigen 2 (IA2) Antibodies,Islet Cell Antigen 2 (IA2) Antibodies,Islet Cell Antigen 2 (IA2) Antibodies,Islet Cell Antigen 2 (IA2) Antibodies,,,,,1,1,1,Normal - range: 0 to 10 | Normal - range: 0 to 10,1,0,0
451,TNF-alpha (Tumor Necrosis Factor-alpha),TNF-alpha (Tumor Necrosis Factor-alpha),TNF-alpha (Tumor Necrosis Factor-alpha),TNF-alpha (Tumor Necrosis Factor-alpha),TNF-alpha (Tumor Necrosis Factor-alpha),,,,,1,1,1,Normal - range: 0 to 8.1 | Normal - range: 0 to 8.1,1,0,0
452,"Beta 2 glycoprotein 1 Antibody, IgG","Beta 2 glycoprotein 1 Antibody, IgG","Beta 2 glycoprotein 1 Antibody, IgG","Beta 2 glycoprotein 1 Antibody, IgG","Beta 2 glycoprotein 1 Antibody, IgG",,,,,1,1,1,Borderline - range: 7 to 9 | Negative - range: 0 to 7 | Borderline - range: 7 to 9 | Negative - range: 0 to 7,1,0,0
453,Proinsulin,Proinsulin,Proinsulin,Proinsulin,Proinsulin,,,,,1,1,1,Low - range: 0 to 29 | Normal - range: 29 to 180 | Low - range: 0 to 29 | Normal - range: 29 to 180,1,0,0
454,Sulfamethoxazole IgE,Sulfamethoxazole IgE,Sulfamethoxazole IgE,Sulfamethoxazole IgE,Sulfamethoxazole IgE,,,,,1,1,1,Negative - range: 0 to 0.35 | Low positive - range: 0.35 to 0.69 | Moderate positive - range: 0.69 to 3.49 | Strong positive - range: 3.49 to 17.4 | Negative - range: 0 to 0.35 | Low positive - range: 0.35 to 0.69 | Strong positive - range: 3.49 to 17.4 | Moderate positive - range: 0.69 to 3.49,1,0,0
455,TSH Receptor Antibodies,TSH Receptor Antibodies,TSH Receptor Antibodies,TSH Receptor Antibodies,TSH Receptor Antibodies,,,,,1,1,1,Negative - range: 0 to 1.5 | Negative - range: 0 to 1.5,1,0,0
456,"Citrate, 24 Hour Urine","Citrate, 24 Hour Urine","Citrate, 24 Hour Urine","Citrate, 24 Hour Urine","Citrate, 24 Hour Urine",,,,,1,1,1,Low - range: 0 to 113 | Normal - range: 113 to 908 | Low - range: 0 to 113 | Normal - range: 113 to 908,1,0,0
457,Fructosamine,Fructosamine,Fructosamine,Fructosamine,Fructosamine,,,,,1,1,1,Normal - range: 0 to 285 | Normal - range: 0 to 285,1,0,0
458,BDNF (Brain-Derived Neurotrophic Factor),BDNF (Brain-Derived Neurotrophic Factor),BDNF (Brain-Derived Neurotrophic Factor),BDNF (Brain-Derived Neurotrophic Factor),BDNF (Brain-Derived Neurotrophic Factor),,,,,1,1,1,Low - range: 0 to 18.2 | Normal - range: 18.2 to 31.4 | Low - range: 0 to 18.2 | Normal - range: 18.2 to 31.4,1,0,0
459,Protein C - Activity,Protein C - Activity,Protein C - Activity,Protein C - Activity,Protein C - Activity,,,,,1,1,1,Low - range: 0 to 69 | Normal - range: 69 to 140 | Low - range: 0 to 69 | Normal - range: 69 to 140,1,0,0
460,Protein S - Activity,Protein S - Activity,Protein S - Activity,Protein S - Activity,Protein S - Activity,,,,,1,1,1,Low - range: 0 to 65.3 | Low - range: 0 to 65.3 | Normal - range: 65.3 to 138.7 | Normal - range: 65.3 to 138.7,1,0,0
461,Anti - Thrombin III Activity,Anti - Thrombin III Activity,Anti - Thrombin III Activity,Anti - Thrombin III Activity,Anti - Thrombin III Activity,,,,,1,1,1,Low - range: 0 to 79 | Normal - range: 79 to 120 | Low - range: 0 to 79 | Normal - range: 79 to 120,1,0,0
462,"Candida albicans Antibody, IgM","Candida albicans Antibody, IgM","Candida albicans Antibody, IgM","Candida albicans Antibody, IgM","Candida albicans Antibody, IgM",,,,,1,1,1,Undetermined - range: 0.9 to 1.1 | Negative - range: 0 to 0.9 | Undetermined - range: 0.9 to 1.1 | Negative - range: 0 to 0.9,1,0,0
463,Erythropoietin (EPO) levels,Erythropoietin (EPO) levels,Erythropoietin (EPO) levels,Erythropoietin (EPO) levels,Erythropoietin (EPO) levels,,,,,1,1,1,Low - range: 0 to 5.4 | Normal - range: 5.4 to 28.4 | Low - range: 0 to 5.4 | Normal - range: 5.4 to 28.4,1,0,0
464,Omega 3 Omega 6 ratio,YPO : Omega3/Omega6 Ratio,YPO : Omega3/Omega6 Ratio,Omega 3 Omega 6 ratio,Omega 3 Omega 6 ratio,,,,,1,1,1,Low - range: 0 to 1.49 | Normal - range: 1.49 to 3 | Low - range: 0 to 1.49 | Normal - range: 1.49 to 3,1,0,0
465,Lithium,Lithium,Lithium,Lithium,Lithium,,,,,1,1,1,Low - range: 0 to 0.3 | Risk - range: 1.2 to 1.5 | Low - range: 0 to 0.3 | Normal - range: 0.3 to 1.2 | Risk - range: 1.2 to 1.5 | Normal - range: 0.3 to 1.2,1,0,0
466,Soluble Transferrin Receptor,Soluble Transferrin Receptor,Soluble Transferrin Receptor,Soluble Transferrin Receptor,Soluble Transferrin Receptor,,,,,1,1,1,Low - range: 0 to 1.6 | Normal - range: 1.6 to 4.1 | Low - range: 0 to 1.6 | Normal - range: 1.6 to 4.1,1,0,0
467,Lead Blood,"Lead, Blood","Lead, Blood",Lead Blood,Lead Blood,,,,,1,1,1,Normal - range: 0 to 250 | Normal - range: 0 to 250,1,0,0
468,Fibrinogen Antigen,Fibrinogen Antigen,Fibrinogen Antigen,Fibrinogen Antigen,Fibrinogen Antigen,,,,,1,1,1,Low - range: 0 to 232 | Normal - range: 232 to 496 | Low - range: 0 to 232 | Normal - range: 232 to 496,1,0,0
469,Vascular Endothelial Growth Factor (VEGF),Vascular Endothelial Growth Factor (VEGF),Vascular Endothelial Growth Factor (VEGF),Vascular Endothelial Growth Factor (VEGF),Vascular Endothelial Growth Factor (VEGF),,,,,1,1,1,Normal - range: 0 to 771 | Normal - range: 0 to 771,1,0,0
470,T3 Uptake,T3 Uptake,T3 Uptake,T3 Uptake,T3 Uptake,,,,,1,1,1,Low - range: 0 to 24 | Normal - range: 24 to 35 | Normal - range: 24 to 35 | Low - range: 0 to 24,1,0,0
471,"Bartonella henselae Antibody, IgM","Bartonella henselae Antibody, IgM","Bartonella henselae Antibody, IgM","Bartonella henselae Antibody, IgM","Bartonella henselae Antibody, IgM",,,,,1,1,1,Negative - range: 0 to 0.9 | Negative - range: 0 to 0.9,1,0,0
472,Saccharomyces Cerevial Antibodies (ASCA) IgG,Saccharomyces Cerevial Antibodies (ASCA) IgG,Saccharomyces Cerevial Antibodies (ASCA) IgG,Saccharomyces Cerevial Antibodies (ASCA) IgG,Saccharomyces Cerevial Antibodies (ASCA) IgG,,,,,1,1,1,Negative - range: 0 to 12 | Equivocal - range: 12 to 18 | Negative - range: 0 to 12 | Equivocal - range: 12 to 18,1,0,0
473,Anti - Saccharomyces Cerevial Antibodies (ASCA) IgA,Saccharomyces Cerevial Antibodies (ASCA) IgA,Saccharomyces Cerevial Antibodies (ASCA) IgA,Anti - Saccharomyces Cerevial Antibodies (ASCA) IgA,Anti - Saccharomyces Cerevial Antibodies (ASCA) IgA,,,,,1,1,1,Equivocal - range: 12 to 18 | Negative - range: 0 to 12 | Equivocal - range: 12 to 18 | Negative - range: 0 to 12,1,0,0
474,Galectin-3,Galectin-3,Galectin-3,Galectin-3,Galectin-3,,,,,1,1,1,Low risk - range: 0 to 17.8 | Intermediate risk - range: 17.8 to 25.9 | Low risk - range: 0 to 17.8 | Intermediate risk - range: 17.8 to 25.9,1,0,0
475,Adrenocorticotropic Hormone (ACTH),Adrenocorticotropic Hormone (ACTH),Adrenocorticotropic Hormone (ACTH),Adrenocorticotropic Hormone (ACTH),Adrenocorticotropic Hormone (ACTH),,,,,1,1,1,Low - range: 0 to 7.1 | Normal - range: 7.1 to 63.5 | Low - range: 0 to 7.1 | Normal - range: 7.1 to 63.5 | Low - range: 0 to 7.1 | Normal - range: 7.1 to 63.5 | Low - range: 0 to 7.1 | Normal - range: 7.1 to 63.5,1,1,1
476,Cytomegalovirus (CMV) DNA Quantitative,Cytomegalovirus (CMV) DNA Quantitative,Cytomegalovirus (CMV) DNA Quantitative,Cytomegalovirus (CMV) DNA Quantitative,Cytomegalovirus (CMV) DNA Quantitative,,,,,1,1,1,Not Detected - range: 1 to 30 | Not Detected - range: 1 to 30,1,0,0
477,Neurone Specific Enolase,Neurone Specific Enolase,Neurone Specific Enolase,Neurone Specific Enolase,Neurone Specific Enolase,,,,,1,1,1,Normal - range: 0 to 16.3 | Normal - range: 0 to 16.3,1,0,0
478,Glutathione peroxidase,Glutathione peroxidase,Glutathione peroxidase,Glutathione peroxidase,Glutathione peroxidase,,,,,1,1,1,Low - range: 0 to 27.4 | Normal - range: 27.4 to 73.6 | Low - range: 0 to 27.4 | Normal - range: 27.4 to 73.6,1,0,0
479,Helicobacter Pylori Abs (IgA),Helicobacter Pylori Abs (IgA),Helicobacter Pylori Abs (IgA),Helicobacter Pylori Abs (IgA),Helicobacter Pylori Abs (IgA),,,,,1,1,1,Negative - range: 0 to 0.95 | Negative - range: 0 to 0.95,1,0,0
480,Vitamin B5,Vitamin B5 (pantothenic acid),Vitamin B5 (pantothenic acid),Vitamin B5,Vitamin B5,,,,,1,1,1,Low - range: 0 to 24 | Normal - range: 24 to 80 | Low - range: 0 to 24 | Normal - range: 24 to 80,1,0,0
481,LDL - Particles,LDL - Particles,LDL - Particles,LDL - Particles,LDL - Particles,,,,,1,1,1,Low - range: 0 to 1000 | Moderate - range: 1000 to 1299 | Borderline-High - range: 1299 to 1599 | High - range: 1599 to 2000 | Low - range: 0 to 1000 | Moderate - range: 1000 to 1299 | Borderline-High - range: 1299 to 1599 | High - range: 1599 to 2000,1,0,0
482,Nicotine and Cotinine in Urine - Quantitative,Nicotine and Cotinine in Urine - Quantitative,Nicotine and Cotinine in Urine - Quantitative,Nicotine and Cotinine in Urine - Quantitative,Nicotine and Cotinine in Urine - Quantitative,,,,,1,1,1,Passive smoker - range: 50 to 300 | Non Smoker - range: 0 to 50 | Passive smoker - range: 50 to 300 | Non Smoker - range: 0 to 50,1,0,0
483,Aldosterone Renin Ratio,Aldosterone Renin Ratio,Aldosterone Renin Ratio,Aldosterone Renin Ratio,Aldosterone Renin Ratio,,,,,1,1,1,Normal - range: 0 to 3 | Normal - range: 0 to 3,1,0,0
484,PLAC Test (Lp - PLA2),PLAC Test (Lp - PLA2),PLAC Test (Lp - PLA2),PLAC Test (Lp - PLA2),PLAC Test (Lp - PLA2),,,,,1,1,1,Reduced risk - range: 0 to 225 | Reduced risk - range: 0 to 225,1,0,0
485,Glucose-6-Phosphate Dehydrogenase (G6PD Qualitative),Glucose-6-Phosphate Dehydrogenase (G6PD Qualitative),Glucose-6-Phosphate Dehydrogenase (G6PD Qualitative),Glucose-6-Phosphate Dehydrogenase (G6PD Qualitative),Glucose-6-Phosphate Dehydrogenase (G6PD Qualitative),,,,,1,1,1,Low - range: 0 to 6 | Low - range: 0 to 6,1,0,0
486,"Helicobacter pylori Antibody, IgM","Helicobacter pylori Antibody, IgM","Helicobacter pylori Antibody, IgM","Helicobacter pylori Antibody, IgM","Helicobacter pylori Antibody, IgM",,,,,1,1,1,Negative - range: 0 to 1 | Negative - range: 0 to 1,1,0,0
487,Vitamin B6,Vitamin B6,Vitamin B6,Vitamin B6,Vitamin B6,,,,,1,1,1,Low - range: 0 to 2.9 | Normal - range: 2.9 to 30 | Low - range: 0 to 2.9 | Normal - range: 2.9 to 30,0,1,0
488,Prealbumin,Prealbumin,Prealbumin,Prealbumin,Prealbumin,,,,,1,1,1,Low - range: 0 to 19.9 | Normal - range: 19.9 to 40 | Low - range: 0 to 19.9 | Normal - range: 19.9 to 40,1,0,0
489,Procalcitonin,Procalcitonin,Procalcitonin,Procalcitonin,Procalcitonin,,,,,1,1,1,Low Risk - range: 0 to 0.5 | medium risk - range: 0.5 to 1.9 | Low Risk - range: 0 to 0.5 | medium risk - range: 0.5 to 1.9,1,0,0
490,GlycoMark,GlycoMark,GlycoMark,GlycoMark,GlycoMark,,,,,1,1,1,Low - range: 0 to 6.7 | Normal - range: 6.7 to 29.3 | Low - range: 0 to 6.7 | Normal - range: 6.7 to 29.3,1,0,0
491,"Potassium, 24 Hour Urine","Potassium, 24 Hour Urine","Potassium, 24 Hour Urine","Potassium, 24 Hour Urine","Potassium, 24 Hour Urine",,,,,1,1,1,Low - range: 0 to 24 | Normal - range: 24 to 125 | Normal - range: 24 to 125 | Low - range: 0 to 24,1,0,0
492,Hepcidin,Hepcidin,Hepcidin,Hepcidin,Hepcidin,,,,,1,1,1,Low - range: 0 to 0.2 | Normal - range: 0.2 to 47.7 | Low - range: 0 to 0.2 | Normal - range: 0.2 to 47.7,1,0,0
493,ACETYLCHOLINE RECEPTOR BINDING ANTIBODY (ACHR),ACETYLCHOLINE RECEPTOR BINDING ANTIBODY (ACHR),ACETYLCHOLINE RECEPTOR BINDING ANTIBODY (ACHR),ACETYLCHOLINE RECEPTOR BINDING ANTIBODY (ACHR),ACETYLCHOLINE RECEPTOR BINDING ANTIBODY (ACHR),,,,,1,1,1,Negative - range: 0 to 0.25 | Negative - range: 0 to 0.25,1,0,0
494,Streptococcal-DNase B - Antibody (ADNA),Streptococcal-DNAse B - Antibody (ADNA),Streptococcal-DNAse B - Antibody (ADNA),Streptococcal-DNase B - Antibody (ADNA),Streptococcal-DNase B - Antibody (ADNA),,,,,1,1,1,Normal - range: 0 to 200 | Normal - range: 0 to 200,1,0,0
495,HDL Cholesterol (High Density Lipoprotein),HDL Cholesterol (High Density Lipoprotein),HDL Cholesterol (High Density Lipoprotein),HDL Cholesterol (High Density Lipoprotein),HDL Cholesterol (High Density Lipoprotein),,,,,1,1,1,Low - range: 0 to 40 | Normal - range: 40 to 140 | Low - range: 0 to 40 | Normal - range: 40 to 140 | Low - range: 0 to 40 | Normal - range: 40 to 140 | Low - range: 0 to 40 | Normal - range: 40 to 140,1,1,1
496,LDL Cholesterol (Low Density Lipoprotein),LDL Cholesterol (Low Density Lipoprotein),LDL Cholesterol (Low Density Lipoprotein),LDL Cholesterol (Low Density Lipoprotein),LDL Cholesterol (Low Density Lipoprotein),,,,,1,1,1,Desirable - range: 0 to 99 | Above Desirable - range: 99 to 129 | Borderline High - range: 129 to 159 | High - range: 159 to 189 | Very High - range: 189 to 365 | Above Desirable - range: 99 to 129 | Desirable - range: 0 to 99 | Very High - range: 189 to 365 | High - range: 159 to 189 | Borderline High - range: 129 to 159 | Above Desirable - range: 99 to 129 | Desirable - range: 0 to 99 | Very High - range: 189 to 365 | High - range: 159 to 189 | Borderline High - range: 129 to 159 | Above Desirable - range: 99 to 129 | Desirable - range: 0 to 99 | Very High - range: 189 to 365 | High - range: 159 to 189 | Borderline High - range: 129 to 159,1,1,1
497,Interleukin 18,Interleukin 18,Interleukin 18,Interleukin 18,Interleukin 18,,,,,1,1,1,Normal - range: 0 to 150 | Normal - range: 0 to 150,1,0,0
498,Interleukin 8 (IL8),Interleukin 8 (IL8),Interleukin 8 (IL8),Interleukin 8 (IL8),Interleukin 8 (IL8),,,,,1,1,1,Normal - range: 0 to 61 | Normal - range: 0 to 61,1,0,0
499,Insulin Growth Factor-2,Insulin Growth Factor-2,Insulin Growth Factor-2,Insulin Growth Factor-2,Insulin Growth Factor-2,,,,,1,1,1,Low - range: 0 to 395 | Normal - range: 395 to 1049 | Low - range: 0 to 395 | Normal - range: 395 to 1049,1,0,0
500,"Herpes Simplex Virus (HSV) Type 6 Antibody, IgM","Herpes Simplex Virus (HSV) Type 6 Antibody, IgM","Herpes Simplex Virus (HSV) Type 6 Antibody, IgM","Herpes Simplex Virus (HSV) Type 6 Antibody, IgM","Herpes Simplex Virus (HSV) Type 6 Antibody, IgM",,,,,1,1,1,Negative - range: 0 to 1.2 | Negative - range: 0 to 1.2,1,0,0
501,Procollagen I Aminoterminal Propeptide,Procollagen I Aminoterminal Propeptide,Procollagen I Aminoterminal Propeptide,Procollagen I Aminoterminal Propeptide,Procollagen I Aminoterminal Propeptide,,,,,1,1,1,Low - range: 0 to 21 | Normal - range: 21 to 87 | Low - range: 0 to 21 | Normal - range: 21 to 87,1,0,0
502,Urine Protein/Creatinine Ratio,Urine Protein/Creatinine Ratio,Urine Protein/Creatinine Ratio,Urine Protein/Creatinine Ratio,Urine Protein/Creatinine Ratio,,,,,1,1,1,Normal - range: 0 to 0.2 | Normal - range: 0 to 0.2,1,0,0
503,"Microalbuminuria, Random urine (Alb-Creat Ratio)","Microalbuminuria, Random urine (Alb-Creat Ratio)","Microalbuminuria, Random urine (Alb-Creat Ratio)","Microalbuminuria, Random urine (Alb-Creat Ratio)","Microalbuminuria, Random urine (Alb-Creat Ratio)",,,,,1,1,1,Moderately increased - range: 30 to 300 | Normal to mildly increased - range: 0 to 30 | Moderately increased - range: 30 to 300 | Normal to mildly increased - range: 0 to 30 | Moderately increased - range: 30 to 300 | Normal to mildly increased - range: 0 to 30 | Moderately increased - range: 30 to 300 | Normal to mildly increased - range: 0 to 30,1,1,1
504,Glycine Quantitative Serum,Glycine Quantitative Serum,Glycine Quantitative Serum,Glycine Quantitative Serum,Glycine Quantitative Serum,,,,,1,1,1,Low - range: 0 to 0.94 | Normal - range: 0.94 to 3.68 | Low - range: 0 to 0.94 | Normal - range: 0.94 to 3.68,1,0,0
505,Adiponectin,Adiponectin,Adiponectin,Adiponectin,Adiponectin,,,,,1,1,1,Low - range: 0 to 11.3 | Normal - range: 11.3 to 18.2 | Low - range: 0 to 11.3 | Normal - range: 11.3 to 18.2,1,0,0